[2026-09-09 04:40:14] local.ERROR: Command "tinker" is not defined. {"exception":"[object] (Symfony\\Component\\Console\\Exception\\CommandNotFoundException(code: 0): Command \"tinker\" is not defined. at D:\\laragon\\www\\PPID-PKTJ\\vendor\\symfony\\console\\Application.php:720)
[stacktrace]
#0 D:\\laragon\\www\\PPID-PKTJ\\vendor\\symfony\\console\\Application.php(259): Symfony\\Component\\Console\\Application->find('tinker')
#1 D:\\laragon\\www\\PPID-PKTJ\\vendor\\symfony\\console\\Application.php(171): Symfony\\Component\\Console\\Application->doRun(Object(Symfony\\Component\\Console\\Input\\ArgvInput), Object(Symfony\\Component\\Console\\Output\\ConsoleOutput))
#2 D:\\laragon\\www\\PPID-PKTJ\\vendor\\laravel\\framework\\src\\Illuminate\\Console\\Application.php(94): Symfony\\Component\\Console\\Application->run(Object(Symfony\\Component\\Console\\Input\\ArgvInput), Object(Symfony\\Component\\Console\\Output\\ConsoleOutput))
#3 D:\\laragon\\www\\PPID-PKTJ\\vendor\\laravel\\framework\\src\\Illuminate\\Foundation\\Console\\Kernel.php(129): Illuminate\\Console\\Application->run(Object(Symfony\\Component\\Console\\Input\\ArgvInput), Object(Symfony\\Component\\Console\\Output\\ConsoleOutput))
#4 D:\\laragon\\www\\PPID-PKTJ\\artisan(17): Illuminate\\Foundation\\Console\\Kernel->handle(Object(Symfony\\Component\\Console\\Input\\ArgvInput), Object(Symfony\\Component\\Console\\Output\\ConsoleOutput))
#5 {main}
"} 
[2026-09-09 04:42:01] local.ERROR: SQLSTATE[HY000] [2002] No connection could be made because the target machine actively refused it (SQL: select kategori, count(*) as total, sum(aktif=1) as aktif from `daftar_informasis` group by `kategori`) {"exception":"[object] (Illuminate\\Database\\QueryException(code: 2002): SQLSTATE[HY000] [2002] No connection could be made because the target machine actively refused it (SQL: select kategori, count(*) as total, sum(aktif=1) as aktif from `daftar_informasis` group by `kategori`) at D:\\laragon\\www\\PPID-PKTJ\\vendor\\laravel\\framework\\src\\Illuminate\\Database\\Connection.php:712)
[stacktrace]
#0 D:\\laragon\\www\\PPID-PKTJ\\vendor\\laravel\\framework\\src\\Illuminate\\Database\\Connection.php(672): Illuminate\\Database\\Connection->runQueryCallback('select kategori...', Array, Object(Closure))
#1 D:\\laragon\\www\\PPID-PKTJ\\vendor\\laravel\\framework\\src\\Illuminate\\Database\\Connection.php(359): Illuminate\\Database\\Connection->run('select kategori...', Array, Object(Closure))
#2 D:\\laragon\\www\\PPID-PKTJ\\vendor\\laravel\\framework\\src\\Illuminate\\Database\\Query\\Builder.php(2413): Illuminate\\Database\\Connection->select('select kategori...', Array, true)
#3 D:\\laragon\\www\\PPID-PKTJ\\vendor\\laravel\\framework\\src\\Illuminate\\Database\\Query\\Builder.php(2402): Illuminate\\Database\\Query\\Builder->runSelect()
#4 D:\\laragon\\www\\PPID-PKTJ\\vendor\\laravel\\framework\\src\\Illuminate\\Database\\Query\\Builder.php(2936): Illuminate\\Database\\Query\\Builder->Illuminate\\Database\\Query\\{closure}()
#5 D:\\laragon\\www\\PPID-PKTJ\\vendor\\laravel\\framework\\src\\Illuminate\\Database\\Query\\Builder.php(2401): Illuminate\\Database\\Query\\Builder->onceWithColumns(Array, Object(Closure))
#6 C:\\Users\\Yuniar Qonita\\.gemini\\antigravity\\brain\\00da732e-f460-4db4-a1c2-8135b16a9734\\scratch\\check_db_status.php(11): Illuminate\\Database\\Query\\Builder->get()
#7 {main}

[previous exception] [object] (PDOException(code: 2002): SQLSTATE[HY000] [2002] No connection could be made because the target machine actively refused it at D:\\laragon\\www\\PPID-PKTJ\\vendor\\laravel\\framework\\src\\Illuminate\\Database\\Connectors\\Connector.php:70)
[stacktrace]
#0 D:\\laragon\\www\\PPID-PKTJ\\vendor\\laravel\\framework\\src\\Illuminate\\Database\\Connectors\\Connector.php(70): PDO->__construct('mysql:host=127....', 'root', Object(SensitiveParameterValue), Array)
#1 D:\\laragon\\www\\PPID-PKTJ\\vendor\\laravel\\framework\\src\\Illuminate\\Database\\Connectors\\Connector.php(45): Illuminate\\Database\\Connectors\\Connector->createPdoConnection('mysql:host=127....', 'root', '', Array)
#2 D:\\laragon\\www\\PPID-PKTJ\\vendor\\laravel\\framework\\src\\Illuminate\\Database\\Connectors\\MySqlConnector.php(24): Illuminate\\Database\\Connectors\\Connector->createConnection('mysql:host=127....', Array, Array)
#3 D:\\laragon\\www\\PPID-PKTJ\\vendor\\laravel\\framework\\src\\Illuminate\\Database\\Connectors\\ConnectionFactory.php(184): Illuminate\\Database\\Connectors\\MySqlConnector->connect(Array)
#4 [internal function]: Illuminate\\Database\\Connectors\\ConnectionFactory->Illuminate\\Database\\Connectors\\{closure}()
#5 D:\\laragon\\www\\PPID-PKTJ\\vendor\\laravel\\framework\\src\\Illuminate\\Database\\Connection.php(1064): call_user_func(Object(Closure))
#6 D:\\laragon\\www\\PPID-PKTJ\\vendor\\laravel\\framework\\src\\Illuminate\\Database\\Connection.php(1100): Illuminate\\Database\\Connection->getPdo()
#7 D:\\laragon\\www\\PPID-PKTJ\\vendor\\laravel\\framework\\src\\Illuminate\\Database\\Connection.php(442): Illuminate\\Database\\Connection->getReadPdo()
#8 D:\\laragon\\www\\PPID-PKTJ\\vendor\\laravel\\framework\\src\\Illuminate\\Database\\Connection.php(368): Illuminate\\Database\\Connection->getPdoForSelect(true)
#9 D:\\laragon\\www\\PPID-PKTJ\\vendor\\laravel\\framework\\src\\Illuminate\\Database\\Connection.php(705): Illuminate\\Database\\Connection->Illuminate\\Database\\{closure}('select kategori...', Array)
#10 D:\\laragon\\www\\PPID-PKTJ\\vendor\\laravel\\framework\\src\\Illuminate\\Database\\Connection.php(672): Illuminate\\Database\\Connection->runQueryCallback('select kategori...', Array, Object(Closure))
#11 D:\\laragon\\www\\PPID-PKTJ\\vendor\\laravel\\framework\\src\\Illuminate\\Database\\Connection.php(359): Illuminate\\Database\\Connection->run('select kategori...', Array, Object(Closure))
#12 D:\\laragon\\www\\PPID-PKTJ\\vendor\\laravel\\framework\\src\\Illuminate\\Database\\Query\\Builder.php(2413): Illuminate\\Database\\Connection->select('select kategori...', Array, true)
#13 D:\\laragon\\www\\PPID-PKTJ\\vendor\\laravel\\framework\\src\\Illuminate\\Database\\Query\\Builder.php(2402): Illuminate\\Database\\Query\\Builder->runSelect()
#14 D:\\laragon\\www\\PPID-PKTJ\\vendor\\laravel\\framework\\src\\Illuminate\\Database\\Query\\Builder.php(2936): Illuminate\\Database\\Query\\Builder->Illuminate\\Database\\Query\\{closure}()
#15 D:\\laragon\\www\\PPID-PKTJ\\vendor\\laravel\\framework\\src\\Illuminate\\Database\\Query\\Builder.php(2401): Illuminate\\Database\\Query\\Builder->onceWithColumns(Array, Object(Closure))
#16 C:\\Users\\Yuniar Qonita\\.gemini\\antigravity\\brain\\00da732e-f460-4db4-a1c2-8135b16a9734\\scratch\\check_db_status.php(11): Illuminate\\Database\\Query\\Builder->get()
#17 {main}
"} 
[2026-09-09 04:53:02] laravel.EMERGENCY: Unable to create configured logger. Using emergency logger. {"exception":"[object] (InvalidArgumentException(code: 0): Log [deprecations] is not defined. at D:\\laragon\\www\\PPID-PKTJ\\vendor\\laravel\\framework\\src\\Illuminate\\Log\\LogManager.php:200)
[stacktrace]
#0 D:\\laragon\\www\\PPID-PKTJ\\vendor\\laravel\\framework\\src\\Illuminate\\Log\\LogManager.php(125): Illuminate\\Log\\LogManager->resolve('deprecations', NULL)
#1 D:\\laragon\\www\\PPID-PKTJ\\vendor\\laravel\\framework\\src\\Illuminate\\Log\\LogManager.php(112): Illuminate\\Log\\LogManager->get('deprecations')
#2 D:\\laragon\\www\\PPID-PKTJ\\vendor\\laravel\\framework\\src\\Illuminate\\Log\\LogManager.php(101): Illuminate\\Log\\LogManager->driver('deprecations')
#3 D:\\laragon\\www\\PPID-PKTJ\\vendor\\laravel\\framework\\src\\Illuminate\\Foundation\\Bootstrap\\HandleExceptions.php(104): Illuminate\\Log\\LogManager->channel('deprecations')
#4 D:\\laragon\\www\\PPID-PKTJ\\vendor\\laravel\\framework\\src\\Illuminate\\Foundation\\Bootstrap\\HandleExceptions.php(71): Illuminate\\Foundation\\Bootstrap\\HandleExceptions->handleDeprecation('mb_strpos(): Pa...', 'D:\\\\laragon\\\\www\\\\...', 197)
#5 [internal function]: Illuminate\\Foundation\\Bootstrap\\HandleExceptions->handleError(8192, 'mb_strpos(): Pa...', 'D:\\\\laragon\\\\www\\\\...', 197)
#6 D:\\laragon\\www\\PPID-PKTJ\\vendor\\laravel\\framework\\src\\Illuminate\\Support\\Str.php(197): mb_strpos(NULL, 'prosedur')
#7 D:\\laragon\\www\\PPID-PKTJ\\vendor\\laravel\\framework\\src\\Illuminate\\Foundation\\Console\\RouteListCommand.php(188): Illuminate\\Support\\Str::contains(NULL, 'prosedur')
#8 D:\\laragon\\www\\PPID-PKTJ\\vendor\\laravel\\framework\\src\\Illuminate\\Foundation\\Console\\RouteListCommand.php(113): Illuminate\\Foundation\\Console\\RouteListCommand->filterRoute(Array)
#9 D:\\laragon\\www\\PPID-PKTJ\\vendor\\laravel\\framework\\src\\Illuminate\\Foundation\\Console\\RouteListCommand.php(91): Illuminate\\Foundation\\Console\\RouteListCommand->getRouteInformation(Object(Illuminate\\Routing\\Route))
#10 [internal function]: Illuminate\\Foundation\\Console\\RouteListCommand->Illuminate\\Foundation\\Console\\{closure}(Object(Illuminate\\Routing\\Route), 0)
#11 D:\\laragon\\www\\PPID-PKTJ\\vendor\\laravel\\framework\\src\\Illuminate\\Collections\\Collection.php(695): array_map(Object(Closure), Array, Array)
#12 D:\\laragon\\www\\PPID-PKTJ\\vendor\\laravel\\framework\\src\\Illuminate\\Foundation\\Console\\RouteListCommand.php(90): Illuminate\\Support\\Collection->map(Object(Closure))
#13 D:\\laragon\\www\\PPID-PKTJ\\vendor\\laravel\\framework\\src\\Illuminate\\Foundation\\Console\\RouteListCommand.php(76): Illuminate\\Foundation\\Console\\RouteListCommand->getRoutes()
#14 D:\\laragon\\www\\PPID-PKTJ\\vendor\\laravel\\framework\\src\\Illuminate\\Container\\BoundMethod.php(36): Illuminate\\Foundation\\Console\\RouteListCommand->handle()
#15 D:\\laragon\\www\\PPID-PKTJ\\vendor\\laravel\\framework\\src\\Illuminate\\Container\\Util.php(40): Illuminate\\Container\\BoundMethod::Illuminate\\Container\\{closure}()
#16 D:\\laragon\\www\\PPID-PKTJ\\vendor\\laravel\\framework\\src\\Illuminate\\Container\\BoundMethod.php(93): Illuminate\\Container\\Util::unwrapIfClosure(Object(Closure))
#17 D:\\laragon\\www\\PPID-PKTJ\\vendor\\laravel\\framework\\src\\Illuminate\\Container\\BoundMethod.php(35): Illuminate\\Container\\BoundMethod::callBoundMethod(Object(Illuminate\\Foundation\\Application), Array, Object(Closure))
#18 D:\\laragon\\www\\PPID-PKTJ\\vendor\\laravel\\framework\\src\\Illuminate\\Container\\Container.php(653): Illuminate\\Container\\BoundMethod::call(Object(Illuminate\\Foundation\\Application), Array, Array, NULL)
#19 D:\\laragon\\www\\PPID-PKTJ\\vendor\\laravel\\framework\\src\\Illuminate\\Console\\Command.php(136): Illuminate\\Container\\Container->call(Array)
#20 D:\\laragon\\www\\PPID-PKTJ\\vendor\\symfony\\console\\Command\\Command.php(298): Illuminate\\Console\\Command->execute(Object(Symfony\\Component\\Console\\Input\\ArgvInput), Object(Illuminate\\Console\\OutputStyle))
#21 D:\\laragon\\www\\PPID-PKTJ\\vendor\\laravel\\framework\\src\\Illuminate\\Console\\Command.php(120): Symfony\\Component\\Console\\Command\\Command->run(Object(Symfony\\Component\\Console\\Input\\ArgvInput), Object(Illuminate\\Console\\OutputStyle))
#22 D:\\laragon\\www\\PPID-PKTJ\\vendor\\symfony\\console\\Application.php(1040): Illuminate\\Console\\Command->run(Object(Symfony\\Component\\Console\\Input\\ArgvInput), Object(Symfony\\Component\\Console\\Output\\ConsoleOutput))
#23 D:\\laragon\\www\\PPID-PKTJ\\vendor\\symfony\\console\\Application.php(301): Symfony\\Component\\Console\\Application->doRunCommand(Object(Illuminate\\Foundation\\Console\\RouteListCommand), Object(Symfony\\Component\\Console\\Input\\ArgvInput), Object(Symfony\\Component\\Console\\Output\\ConsoleOutput))
#24 D:\\laragon\\www\\PPID-PKTJ\\vendor\\symfony\\console\\Application.php(171): Symfony\\Component\\Console\\Application->doRun(Object(Symfony\\Component\\Console\\Input\\ArgvInput), Object(Symfony\\Component\\Console\\Output\\ConsoleOutput))
#25 D:\\laragon\\www\\PPID-PKTJ\\vendor\\laravel\\framework\\src\\Illuminate\\Console\\Application.php(94): Symfony\\Component\\Console\\Application->run(Object(Symfony\\Component\\Console\\Input\\ArgvInput), Object(Symfony\\Component\\Console\\Output\\ConsoleOutput))
#26 D:\\laragon\\www\\PPID-PKTJ\\vendor\\laravel\\framework\\src\\Illuminate\\Foundation\\Console\\Kernel.php(129): Illuminate\\Console\\Application->run(Object(Symfony\\Component\\Console\\Input\\ArgvInput), Object(Symfony\\Component\\Console\\Output\\ConsoleOutput))
#27 D:\\laragon\\www\\PPID-PKTJ\\artisan(17): Illuminate\\Foundation\\Console\\Kernel->handle(Object(Symfony\\Component\\Console\\Input\\ArgvInput), Object(Symfony\\Component\\Console\\Output\\ConsoleOutput))
#28 {main}
"} 
[2026-09-09 04:53:02] laravel.WARNING: mb_strpos(): Passing null to parameter #1 ($haystack) of type string is deprecated in D:\laragon\www\PPID-PKTJ\vendor\laravel\framework\src\Illuminate\Support\Str.php on line 197  
[2026-09-09 04:53:02] laravel.EMERGENCY: Unable to create configured logger. Using emergency logger. {"exception":"[object] (InvalidArgumentException(code: 0): Log [deprecations] is not defined. at D:\\laragon\\www\\PPID-PKTJ\\vendor\\laravel\\framework\\src\\Illuminate\\Log\\LogManager.php:200)
[stacktrace]
#0 D:\\laragon\\www\\PPID-PKTJ\\vendor\\laravel\\framework\\src\\Illuminate\\Log\\LogManager.php(125): Illuminate\\Log\\LogManager->resolve('deprecations', NULL)
#1 D:\\laragon\\www\\PPID-PKTJ\\vendor\\laravel\\framework\\src\\Illuminate\\Log\\LogManager.php(112): Illuminate\\Log\\LogManager->get('deprecations')
#2 D:\\laragon\\www\\PPID-PKTJ\\vendor\\laravel\\framework\\src\\Illuminate\\Log\\LogManager.php(101): Illuminate\\Log\\LogManager->driver('deprecations')
#3 D:\\laragon\\www\\PPID-PKTJ\\vendor\\laravel\\framework\\src\\Illuminate\\Foundation\\Bootstrap\\HandleExceptions.php(104): Illuminate\\Log\\LogManager->channel('deprecations')
#4 D:\\laragon\\www\\PPID-PKTJ\\vendor\\laravel\\framework\\src\\Illuminate\\Foundation\\Bootstrap\\HandleExceptions.php(71): Illuminate\\Foundation\\Bootstrap\\HandleExceptions->handleDeprecation('mb_strpos(): Pa...', 'D:\\\\laragon\\\\www\\\\...', 197)
#5 [internal function]: Illuminate\\Foundation\\Bootstrap\\HandleExceptions->handleError(8192, 'mb_strpos(): Pa...', 'D:\\\\laragon\\\\www\\\\...', 197)
#6 D:\\laragon\\www\\PPID-PKTJ\\vendor\\laravel\\framework\\src\\Illuminate\\Support\\Str.php(197): mb_strpos(NULL, 'prosedur')
#7 D:\\laragon\\www\\PPID-PKTJ\\vendor\\laravel\\framework\\src\\Illuminate\\Foundation\\Console\\RouteListCommand.php(188): Illuminate\\Support\\Str::contains(NULL, 'prosedur')
#8 D:\\laragon\\www\\PPID-PKTJ\\vendor\\laravel\\framework\\src\\Illuminate\\Foundation\\Console\\RouteListCommand.php(113): Illuminate\\Foundation\\Console\\RouteListCommand->filterRoute(Array)
#9 D:\\laragon\\www\\PPID-PKTJ\\vendor\\laravel\\framework\\src\\Illuminate\\Foundation\\Console\\RouteListCommand.php(91): Illuminate\\Foundation\\Console\\RouteListCommand->getRouteInformation(Object(Illuminate\\Routing\\Route))
#10 [internal function]: Illuminate\\Foundation\\Console\\RouteListCommand->Illuminate\\Foundation\\Console\\{closure}(Object(Illuminate\\Routing\\Route), 1)
#11 D:\\laragon\\www\\PPID-PKTJ\\vendor\\laravel\\framework\\src\\Illuminate\\Collections\\Collection.php(695): array_map(Object(Closure), Array, Array)
#12 D:\\laragon\\www\\PPID-PKTJ\\vendor\\laravel\\framework\\src\\Illuminate\\Foundation\\Console\\RouteListCommand.php(90): Illuminate\\Support\\Collection->map(Object(Closure))
#13 D:\\laragon\\www\\PPID-PKTJ\\vendor\\laravel\\framework\\src\\Illuminate\\Foundation\\Console\\RouteListCommand.php(76): Illuminate\\Foundation\\Console\\RouteListCommand->getRoutes()
#14 D:\\laragon\\www\\PPID-PKTJ\\vendor\\laravel\\framework\\src\\Illuminate\\Container\\BoundMethod.php(36): Illuminate\\Foundation\\Console\\RouteListCommand->handle()
#15 D:\\laragon\\www\\PPID-PKTJ\\vendor\\laravel\\framework\\src\\Illuminate\\Container\\Util.php(40): Illuminate\\Container\\BoundMethod::Illuminate\\Container\\{closure}()
#16 D:\\laragon\\www\\PPID-PKTJ\\vendor\\laravel\\framework\\src\\Illuminate\\Container\\BoundMethod.php(93): Illuminate\\Container\\Util::unwrapIfClosure(Object(Closure))
#17 D:\\laragon\\www\\PPID-PKTJ\\vendor\\laravel\\framework\\src\\Illuminate\\Container\\BoundMethod.php(35): Illuminate\\Container\\BoundMethod::callBoundMethod(Object(Illuminate\\Foundation\\Application), Array, Object(Closure))
#18 D:\\laragon\\www\\PPID-PKTJ\\vendor\\laravel\\framework\\src\\Illuminate\\Container\\Container.php(653): Illuminate\\Container\\BoundMethod::call(Object(Illuminate\\Foundation\\Application), Array, Array, NULL)
#19 D:\\laragon\\www\\PPID-PKTJ\\vendor\\laravel\\framework\\src\\Illuminate\\Console\\Command.php(136): Illuminate\\Container\\Container->call(Array)
#20 D:\\laragon\\www\\PPID-PKTJ\\vendor\\symfony\\console\\Command\\Command.php(298): Illuminate\\Console\\Command->execute(Object(Symfony\\Component\\Console\\Input\\ArgvInput), Object(Illuminate\\Console\\OutputStyle))
#21 D:\\laragon\\www\\PPID-PKTJ\\vendor\\laravel\\framework\\src\\Illuminate\\Console\\Command.php(120): Symfony\\Component\\Console\\Command\\Command->run(Object(Symfony\\Component\\Console\\Input\\ArgvInput), Object(Illuminate\\Console\\OutputStyle))
#22 D:\\laragon\\www\\PPID-PKTJ\\vendor\\symfony\\console\\Application.php(1040): Illuminate\\Console\\Command->run(Object(Symfony\\Component\\Console\\Input\\ArgvInput), Object(Symfony\\Component\\Console\\Output\\ConsoleOutput))
#23 D:\\laragon\\www\\PPID-PKTJ\\vendor\\symfony\\console\\Application.php(301): Symfony\\Component\\Console\\Application->doRunCommand(Object(Illuminate\\Foundation\\Console\\RouteListCommand), Object(Symfony\\Component\\Console\\Input\\ArgvInput), Object(Symfony\\Component\\Console\\Output\\ConsoleOutput))
#24 D:\\laragon\\www\\PPID-PKTJ\\vendor\\symfony\\console\\Application.php(171): Symfony\\Component\\Console\\Application->doRun(Object(Symfony\\Component\\Console\\Input\\ArgvInput), Object(Symfony\\Component\\Console\\Output\\ConsoleOutput))
#25 D:\\laragon\\www\\PPID-PKTJ\\vendor\\laravel\\framework\\src\\Illuminate\\Console\\Application.php(94): Symfony\\Component\\Console\\Application->run(Object(Symfony\\Component\\Console\\Input\\ArgvInput), Object(Symfony\\Component\\Console\\Output\\ConsoleOutput))
#26 D:\\laragon\\www\\PPID-PKTJ\\vendor\\laravel\\framework\\src\\Illuminate\\Foundation\\Console\\Kernel.php(129): Illuminate\\Console\\Application->run(Object(Symfony\\Component\\Console\\Input\\ArgvInput), Object(Symfony\\Component\\Console\\Output\\ConsoleOutput))
#27 D:\\laragon\\www\\PPID-PKTJ\\artisan(17): Illuminate\\Foundation\\Console\\Kernel->handle(Object(Symfony\\Component\\Console\\Input\\ArgvInput), Object(Symfony\\Component\\Console\\Output\\ConsoleOutput))
#28 {main}
"} 
[2026-09-09 04:53:02] laravel.WARNING: mb_strpos(): Passing null to parameter #1 ($haystack) of type string is deprecated in D:\laragon\www\PPID-PKTJ\vendor\laravel\framework\src\Illuminate\Support\Str.php on line 197  
[2026-09-09 04:53:02] laravel.EMERGENCY: Unable to create configured logger. Using emergency logger. {"exception":"[object] (InvalidArgumentException(code: 0): Log [deprecations] is not defined. at D:\\laragon\\www\\PPID-PKTJ\\vendor\\laravel\\framework\\src\\Illuminate\\Log\\LogManager.php:200)
[stacktrace]
#0 D:\\laragon\\www\\PPID-PKTJ\\vendor\\laravel\\framework\\src\\Illuminate\\Log\\LogManager.php(125): Illuminate\\Log\\LogManager->resolve('deprecations', NULL)
#1 D:\\laragon\\www\\PPID-PKTJ\\vendor\\laravel\\framework\\src\\Illuminate\\Log\\LogManager.php(112): Illuminate\\Log\\LogManager->get('deprecations')
#2 D:\\laragon\\www\\PPID-PKTJ\\vendor\\laravel\\framework\\src\\Illuminate\\Log\\LogManager.php(101): Illuminate\\Log\\LogManager->driver('deprecations')
#3 D:\\laragon\\www\\PPID-PKTJ\\vendor\\laravel\\framework\\src\\Illuminate\\Foundation\\Bootstrap\\HandleExceptions.php(104): Illuminate\\Log\\LogManager->channel('deprecations')
#4 D:\\laragon\\www\\PPID-PKTJ\\vendor\\laravel\\framework\\src\\Illuminate\\Foundation\\Bootstrap\\HandleExceptions.php(71): Illuminate\\Foundation\\Bootstrap\\HandleExceptions->handleDeprecation('mb_strpos(): Pa...', 'D:\\\\laragon\\\\www\\\\...', 197)
#5 [internal function]: Illuminate\\Foundation\\Bootstrap\\HandleExceptions->handleError(8192, 'mb_strpos(): Pa...', 'D:\\\\laragon\\\\www\\\\...', 197)
#6 D:\\laragon\\www\\PPID-PKTJ\\vendor\\laravel\\framework\\src\\Illuminate\\Support\\Str.php(197): mb_strpos(NULL, 'prosedur')
#7 D:\\laragon\\www\\PPID-PKTJ\\vendor\\laravel\\framework\\src\\Illuminate\\Foundation\\Console\\RouteListCommand.php(188): Illuminate\\Support\\Str::contains(NULL, 'prosedur')
#8 D:\\laragon\\www\\PPID-PKTJ\\vendor\\laravel\\framework\\src\\Illuminate\\Foundation\\Console\\RouteListCommand.php(113): Illuminate\\Foundation\\Console\\RouteListCommand->filterRoute(Array)
#9 D:\\laragon\\www\\PPID-PKTJ\\vendor\\laravel\\framework\\src\\Illuminate\\Foundation\\Console\\RouteListCommand.php(91): Illuminate\\Foundation\\Console\\RouteListCommand->getRouteInformation(Object(Illuminate\\Routing\\Route))
#10 [internal function]: Illuminate\\Foundation\\Console\\RouteListCommand->Illuminate\\Foundation\\Console\\{closure}(Object(Illuminate\\Routing\\Route), 2)
#11 D:\\laragon\\www\\PPID-PKTJ\\vendor\\laravel\\framework\\src\\Illuminate\\Collections\\Collection.php(695): array_map(Object(Closure), Array, Array)
#12 D:\\laragon\\www\\PPID-PKTJ\\vendor\\laravel\\framework\\src\\Illuminate\\Foundation\\Console\\RouteListCommand.php(90): Illuminate\\Support\\Collection->map(Object(Closure))
#13 D:\\laragon\\www\\PPID-PKTJ\\vendor\\laravel\\framework\\src\\Illuminate\\Foundation\\Console\\RouteListCommand.php(76): Illuminate\\Foundation\\Console\\RouteListCommand->getRoutes()
#14 D:\\laragon\\www\\PPID-PKTJ\\vendor\\laravel\\framework\\src\\Illuminate\\Container\\BoundMethod.php(36): Illuminate\\Foundation\\Console\\RouteListCommand->handle()
#15 D:\\laragon\\www\\PPID-PKTJ\\vendor\\laravel\\framework\\src\\Illuminate\\Container\\Util.php(40): Illuminate\\Container\\BoundMethod::Illuminate\\Container\\{closure}()
#16 D:\\laragon\\www\\PPID-PKTJ\\vendor\\laravel\\framework\\src\\Illuminate\\Container\\BoundMethod.php(93): Illuminate\\Container\\Util::unwrapIfClosure(Object(Closure))
#17 D:\\laragon\\www\\PPID-PKTJ\\vendor\\laravel\\framework\\src\\Illuminate\\Container\\BoundMethod.php(35): Illuminate\\Container\\BoundMethod::callBoundMethod(Object(Illuminate\\Foundation\\Application), Array, Object(Closure))
#18 D:\\laragon\\www\\PPID-PKTJ\\vendor\\laravel\\framework\\src\\Illuminate\\Container\\Container.php(653): Illuminate\\Container\\BoundMethod::call(Object(Illuminate\\Foundation\\Application), Array, Array, NULL)
#19 D:\\laragon\\www\\PPID-PKTJ\\vendor\\laravel\\framework\\src\\Illuminate\\Console\\Command.php(136): Illuminate\\Container\\Container->call(Array)
#20 D:\\laragon\\www\\PPID-PKTJ\\vendor\\symfony\\console\\Command\\Command.php(298): Illuminate\\Console\\Command->execute(Object(Symfony\\Component\\Console\\Input\\ArgvInput), Object(Illuminate\\Console\\OutputStyle))
#21 D:\\laragon\\www\\PPID-PKTJ\\vendor\\laravel\\framework\\src\\Illuminate\\Console\\Command.php(120): Symfony\\Component\\Console\\Command\\Command->run(Object(Symfony\\Component\\Console\\Input\\ArgvInput), Object(Illuminate\\Console\\OutputStyle))
#22 D:\\laragon\\www\\PPID-PKTJ\\vendor\\symfony\\console\\Application.php(1040): Illuminate\\Console\\Command->run(Object(Symfony\\Component\\Console\\Input\\ArgvInput), Object(Symfony\\Component\\Console\\Output\\ConsoleOutput))
#23 D:\\laragon\\www\\PPID-PKTJ\\vendor\\symfony\\console\\Application.php(301): Symfony\\Component\\Console\\Application->doRunCommand(Object(Illuminate\\Foundation\\Console\\RouteListCommand), Object(Symfony\\Component\\Console\\Input\\ArgvInput), Object(Symfony\\Component\\Console\\Output\\ConsoleOutput))
#24 D:\\laragon\\www\\PPID-PKTJ\\vendor\\symfony\\console\\Application.php(171): Symfony\\Component\\Console\\Application->doRun(Object(Symfony\\Component\\Console\\Input\\ArgvInput), Object(Symfony\\Component\\Console\\Output\\ConsoleOutput))
#25 D:\\laragon\\www\\PPID-PKTJ\\vendor\\laravel\\framework\\src\\Illuminate\\Console\\Application.php(94): Symfony\\Component\\Console\\Application->run(Object(Symfony\\Component\\Console\\Input\\ArgvInput), Object(Symfony\\Component\\Console\\Output\\ConsoleOutput))
#26 D:\\laragon\\www\\PPID-PKTJ\\vendor\\laravel\\framework\\src\\Illuminate\\Foundation\\Console\\Kernel.php(129): Illuminate\\Console\\Application->run(Object(Symfony\\Component\\Console\\Input\\ArgvInput), Object(Symfony\\Component\\Console\\Output\\ConsoleOutput))
#27 D:\\laragon\\www\\PPID-PKTJ\\artisan(17): Illuminate\\Foundation\\Console\\Kernel->handle(Object(Symfony\\Component\\Console\\Input\\ArgvInput), Object(Symfony\\Component\\Console\\Output\\ConsoleOutput))
#28 {main}
"} 
[2026-09-09 04:53:02] laravel.WARNING: mb_strpos(): Passing null to parameter #1 ($haystack) of type string is deprecated in D:\laragon\www\PPID-PKTJ\vendor\laravel\framework\src\Illuminate\Support\Str.php on line 197  
[2026-09-09 04:53:02] laravel.EMERGENCY: Unable to create configured logger. Using emergency logger. {"exception":"[object] (InvalidArgumentException(code: 0): Log [deprecations] is not defined. at D:\\laragon\\www\\PPID-PKTJ\\vendor\\laravel\\framework\\src\\Illuminate\\Log\\LogManager.php:200)
[stacktrace]
#0 D:\\laragon\\www\\PPID-PKTJ\\vendor\\laravel\\framework\\src\\Illuminate\\Log\\LogManager.php(125): Illuminate\\Log\\LogManager->resolve('deprecations', NULL)
#1 D:\\laragon\\www\\PPID-PKTJ\\vendor\\laravel\\framework\\src\\Illuminate\\Log\\LogManager.php(112): Illuminate\\Log\\LogManager->get('deprecations')
#2 D:\\laragon\\www\\PPID-PKTJ\\vendor\\laravel\\framework\\src\\Illuminate\\Log\\LogManager.php(101): Illuminate\\Log\\LogManager->driver('deprecations')
#3 D:\\laragon\\www\\PPID-PKTJ\\vendor\\laravel\\framework\\src\\Illuminate\\Foundation\\Bootstrap\\HandleExceptions.php(104): Illuminate\\Log\\LogManager->channel('deprecations')
#4 D:\\laragon\\www\\PPID-PKTJ\\vendor\\laravel\\framework\\src\\Illuminate\\Foundation\\Bootstrap\\HandleExceptions.php(71): Illuminate\\Foundation\\Bootstrap\\HandleExceptions->handleDeprecation('mb_strpos(): Pa...', 'D:\\\\laragon\\\\www\\\\...', 197)
#5 [internal function]: Illuminate\\Foundation\\Bootstrap\\HandleExceptions->handleError(8192, 'mb_strpos(): Pa...', 'D:\\\\laragon\\\\www\\\\...', 197)
#6 D:\\laragon\\www\\PPID-PKTJ\\vendor\\laravel\\framework\\src\\Illuminate\\Support\\Str.php(197): mb_strpos(NULL, 'prosedur')
#7 D:\\laragon\\www\\PPID-PKTJ\\vendor\\laravel\\framework\\src\\Illuminate\\Foundation\\Console\\RouteListCommand.php(188): Illuminate\\Support\\Str::contains(NULL, 'prosedur')
#8 D:\\laragon\\www\\PPID-PKTJ\\vendor\\laravel\\framework\\src\\Illuminate\\Foundation\\Console\\RouteListCommand.php(113): Illuminate\\Foundation\\Console\\RouteListCommand->filterRoute(Array)
#9 D:\\laragon\\www\\PPID-PKTJ\\vendor\\laravel\\framework\\src\\Illuminate\\Foundation\\Console\\RouteListCommand.php(91): Illuminate\\Foundation\\Console\\RouteListCommand->getRouteInformation(Object(Illuminate\\Routing\\Route))
#10 [internal function]: Illuminate\\Foundation\\Console\\RouteListCommand->Illuminate\\Foundation\\Console\\{closure}(Object(Illuminate\\Routing\\Route), 3)
#11 D:\\laragon\\www\\PPID-PKTJ\\vendor\\laravel\\framework\\src\\Illuminate\\Collections\\Collection.php(695): array_map(Object(Closure), Array, Array)
#12 D:\\laragon\\www\\PPID-PKTJ\\vendor\\laravel\\framework\\src\\Illuminate\\Foundation\\Console\\RouteListCommand.php(90): Illuminate\\Support\\Collection->map(Object(Closure))
#13 D:\\laragon\\www\\PPID-PKTJ\\vendor\\laravel\\framework\\src\\Illuminate\\Foundation\\Console\\RouteListCommand.php(76): Illuminate\\Foundation\\Console\\RouteListCommand->getRoutes()
#14 D:\\laragon\\www\\PPID-PKTJ\\vendor\\laravel\\framework\\src\\Illuminate\\Container\\BoundMethod.php(36): Illuminate\\Foundation\\Console\\RouteListCommand->handle()
#15 D:\\laragon\\www\\PPID-PKTJ\\vendor\\laravel\\framework\\src\\Illuminate\\Container\\Util.php(40): Illuminate\\Container\\BoundMethod::Illuminate\\Container\\{closure}()
#16 D:\\laragon\\www\\PPID-PKTJ\\vendor\\laravel\\framework\\src\\Illuminate\\Container\\BoundMethod.php(93): Illuminate\\Container\\Util::unwrapIfClosure(Object(Closure))
#17 D:\\laragon\\www\\PPID-PKTJ\\vendor\\laravel\\framework\\src\\Illuminate\\Container\\BoundMethod.php(35): Illuminate\\Container\\BoundMethod::callBoundMethod(Object(Illuminate\\Foundation\\Application), Array, Object(Closure))
#18 D:\\laragon\\www\\PPID-PKTJ\\vendor\\laravel\\framework\\src\\Illuminate\\Container\\Container.php(653): Illuminate\\Container\\BoundMethod::call(Object(Illuminate\\Foundation\\Application), Array, Array, NULL)
#19 D:\\laragon\\www\\PPID-PKTJ\\vendor\\laravel\\framework\\src\\Illuminate\\Console\\Command.php(136): Illuminate\\Container\\Container->call(Array)
#20 D:\\laragon\\www\\PPID-PKTJ\\vendor\\symfony\\console\\Command\\Command.php(298): Illuminate\\Console\\Command->execute(Object(Symfony\\Component\\Console\\Input\\ArgvInput), Object(Illuminate\\Console\\OutputStyle))
#21 D:\\laragon\\www\\PPID-PKTJ\\vendor\\laravel\\framework\\src\\Illuminate\\Console\\Command.php(120): Symfony\\Component\\Console\\Command\\Command->run(Object(Symfony\\Component\\Console\\Input\\ArgvInput), Object(Illuminate\\Console\\OutputStyle))
#22 D:\\laragon\\www\\PPID-PKTJ\\vendor\\symfony\\console\\Application.php(1040): Illuminate\\Console\\Command->run(Object(Symfony\\Component\\Console\\Input\\ArgvInput), Object(Symfony\\Component\\Console\\Output\\ConsoleOutput))
#23 D:\\laragon\\www\\PPID-PKTJ\\vendor\\symfony\\console\\Application.php(301): Symfony\\Component\\Console\\Application->doRunCommand(Object(Illuminate\\Foundation\\Console\\RouteListCommand), Object(Symfony\\Component\\Console\\Input\\ArgvInput), Object(Symfony\\Component\\Console\\Output\\ConsoleOutput))
#24 D:\\laragon\\www\\PPID-PKTJ\\vendor\\symfony\\console\\Application.php(171): Symfony\\Component\\Console\\Application->doRun(Object(Symfony\\Component\\Console\\Input\\ArgvInput), Object(Symfony\\Component\\Console\\Output\\ConsoleOutput))
#25 D:\\laragon\\www\\PPID-PKTJ\\vendor\\laravel\\framework\\src\\Illuminate\\Console\\Application.php(94): Symfony\\Component\\Console\\Application->run(Object(Symfony\\Component\\Console\\Input\\ArgvInput), Object(Symfony\\Component\\Console\\Output\\ConsoleOutput))
#26 D:\\laragon\\www\\PPID-PKTJ\\vendor\\laravel\\framework\\src\\Illuminate\\Foundation\\Console\\Kernel.php(129): Illuminate\\Console\\Application->run(Object(Symfony\\Component\\Console\\Input\\ArgvInput), Object(Symfony\\Component\\Console\\Output\\ConsoleOutput))
#27 D:\\laragon\\www\\PPID-PKTJ\\artisan(17): Illuminate\\Foundation\\Console\\Kernel->handle(Object(Symfony\\Component\\Console\\Input\\ArgvInput), Object(Symfony\\Component\\Console\\Output\\ConsoleOutput))
#28 {main}
"} 
[2026-09-09 04:53:02] laravel.WARNING: mb_strpos(): Passing null to parameter #1 ($haystack) of type string is deprecated in D:\laragon\www\PPID-PKTJ\vendor\laravel\framework\src\Illuminate\Support\Str.php on line 197  
[2026-09-09 04:53:02] laravel.EMERGENCY: Unable to create configured logger. Using emergency logger. {"exception":"[object] (InvalidArgumentException(code: 0): Log [deprecations] is not defined. at D:\\laragon\\www\\PPID-PKTJ\\vendor\\laravel\\framework\\src\\Illuminate\\Log\\LogManager.php:200)
[stacktrace]
#0 D:\\laragon\\www\\PPID-PKTJ\\vendor\\laravel\\framework\\src\\Illuminate\\Log\\LogManager.php(125): Illuminate\\Log\\LogManager->resolve('deprecations', NULL)
#1 D:\\laragon\\www\\PPID-PKTJ\\vendor\\laravel\\framework\\src\\Illuminate\\Log\\LogManager.php(112): Illuminate\\Log\\LogManager->get('deprecations')
#2 D:\\laragon\\www\\PPID-PKTJ\\vendor\\laravel\\framework\\src\\Illuminate\\Log\\LogManager.php(101): Illuminate\\Log\\LogManager->driver('deprecations')
#3 D:\\laragon\\www\\PPID-PKTJ\\vendor\\laravel\\framework\\src\\Illuminate\\Foundation\\Bootstrap\\HandleExceptions.php(104): Illuminate\\Log\\LogManager->channel('deprecations')
#4 D:\\laragon\\www\\PPID-PKTJ\\vendor\\laravel\\framework\\src\\Illuminate\\Foundation\\Bootstrap\\HandleExceptions.php(71): Illuminate\\Foundation\\Bootstrap\\HandleExceptions->handleDeprecation('mb_strpos(): Pa...', 'D:\\\\laragon\\\\www\\\\...', 197)
#5 [internal function]: Illuminate\\Foundation\\Bootstrap\\HandleExceptions->handleError(8192, 'mb_strpos(): Pa...', 'D:\\\\laragon\\\\www\\\\...', 197)
#6 D:\\laragon\\www\\PPID-PKTJ\\vendor\\laravel\\framework\\src\\Illuminate\\Support\\Str.php(197): mb_strpos(NULL, 'prosedur')
#7 D:\\laragon\\www\\PPID-PKTJ\\vendor\\laravel\\framework\\src\\Illuminate\\Foundation\\Console\\RouteListCommand.php(188): Illuminate\\Support\\Str::contains(NULL, 'prosedur')
#8 D:\\laragon\\www\\PPID-PKTJ\\vendor\\laravel\\framework\\src\\Illuminate\\Foundation\\Console\\RouteListCommand.php(113): Illuminate\\Foundation\\Console\\RouteListCommand->filterRoute(Array)
#9 D:\\laragon\\www\\PPID-PKTJ\\vendor\\laravel\\framework\\src\\Illuminate\\Foundation\\Console\\RouteListCommand.php(91): Illuminate\\Foundation\\Console\\RouteListCommand->getRouteInformation(Object(Illuminate\\Routing\\Route))
#10 [internal function]: Illuminate\\Foundation\\Console\\RouteListCommand->Illuminate\\Foundation\\Console\\{closure}(Object(Illuminate\\Routing\\Route), 4)
#11 D:\\laragon\\www\\PPID-PKTJ\\vendor\\laravel\\framework\\src\\Illuminate\\Collections\\Collection.php(695): array_map(Object(Closure), Array, Array)
#12 D:\\laragon\\www\\PPID-PKTJ\\vendor\\laravel\\framework\\src\\Illuminate\\Foundation\\Console\\RouteListCommand.php(90): Illuminate\\Support\\Collection->map(Object(Closure))
#13 D:\\laragon\\www\\PPID-PKTJ\\vendor\\laravel\\framework\\src\\Illuminate\\Foundation\\Console\\RouteListCommand.php(76): Illuminate\\Foundation\\Console\\RouteListCommand->getRoutes()
#14 D:\\laragon\\www\\PPID-PKTJ\\vendor\\laravel\\framework\\src\\Illuminate\\Container\\BoundMethod.php(36): Illuminate\\Foundation\\Console\\RouteListCommand->handle()
#15 D:\\laragon\\www\\PPID-PKTJ\\vendor\\laravel\\framework\\src\\Illuminate\\Container\\Util.php(40): Illuminate\\Container\\BoundMethod::Illuminate\\Container\\{closure}()
#16 D:\\laragon\\www\\PPID-PKTJ\\vendor\\laravel\\framework\\src\\Illuminate\\Container\\BoundMethod.php(93): Illuminate\\Container\\Util::unwrapIfClosure(Object(Closure))
#17 D:\\laragon\\www\\PPID-PKTJ\\vendor\\laravel\\framework\\src\\Illuminate\\Container\\BoundMethod.php(35): Illuminate\\Container\\BoundMethod::callBoundMethod(Object(Illuminate\\Foundation\\Application), Array, Object(Closure))
#18 D:\\laragon\\www\\PPID-PKTJ\\vendor\\laravel\\framework\\src\\Illuminate\\Container\\Container.php(653): Illuminate\\Container\\BoundMethod::call(Object(Illuminate\\Foundation\\Application), Array, Array, NULL)
#19 D:\\laragon\\www\\PPID-PKTJ\\vendor\\laravel\\framework\\src\\Illuminate\\Console\\Command.php(136): Illuminate\\Container\\Container->call(Array)
#20 D:\\laragon\\www\\PPID-PKTJ\\vendor\\symfony\\console\\Command\\Command.php(298): Illuminate\\Console\\Command->execute(Object(Symfony\\Component\\Console\\Input\\ArgvInput), Object(Illuminate\\Console\\OutputStyle))
#21 D:\\laragon\\www\\PPID-PKTJ\\vendor\\laravel\\framework\\src\\Illuminate\\Console\\Command.php(120): Symfony\\Component\\Console\\Command\\Command->run(Object(Symfony\\Component\\Console\\Input\\ArgvInput), Object(Illuminate\\Console\\OutputStyle))
#22 D:\\laragon\\www\\PPID-PKTJ\\vendor\\symfony\\console\\Application.php(1040): Illuminate\\Console\\Command->run(Object(Symfony\\Component\\Console\\Input\\ArgvInput), Object(Symfony\\Component\\Console\\Output\\ConsoleOutput))
#23 D:\\laragon\\www\\PPID-PKTJ\\vendor\\symfony\\console\\Application.php(301): Symfony\\Component\\Console\\Application->doRunCommand(Object(Illuminate\\Foundation\\Console\\RouteListCommand), Object(Symfony\\Component\\Console\\Input\\ArgvInput), Object(Symfony\\Component\\Console\\Output\\ConsoleOutput))
#24 D:\\laragon\\www\\PPID-PKTJ\\vendor\\symfony\\console\\Application.php(171): Symfony\\Component\\Console\\Application->doRun(Object(Symfony\\Component\\Console\\Input\\ArgvInput), Object(Symfony\\Component\\Console\\Output\\ConsoleOutput))
#25 D:\\laragon\\www\\PPID-PKTJ\\vendor\\laravel\\framework\\src\\Illuminate\\Console\\Application.php(94): Symfony\\Component\\Console\\Application->run(Object(Symfony\\Component\\Console\\Input\\ArgvInput), Object(Symfony\\Component\\Console\\Output\\ConsoleOutput))
#26 D:\\laragon\\www\\PPID-PKTJ\\vendor\\laravel\\framework\\src\\Illuminate\\Foundation\\Console\\Kernel.php(129): Illuminate\\Console\\Application->run(Object(Symfony\\Component\\Console\\Input\\ArgvInput), Object(Symfony\\Component\\Console\\Output\\ConsoleOutput))
#27 D:\\laragon\\www\\PPID-PKTJ\\artisan(17): Illuminate\\Foundation\\Console\\Kernel->handle(Object(Symfony\\Component\\Console\\Input\\ArgvInput), Object(Symfony\\Component\\Console\\Output\\ConsoleOutput))
#28 {main}
"} 
[2026-09-09 04:53:02] laravel.WARNING: mb_strpos(): Passing null to parameter #1 ($haystack) of type string is deprecated in D:\laragon\www\PPID-PKTJ\vendor\laravel\framework\src\Illuminate\Support\Str.php on line 197  
[2026-09-09 04:53:02] laravel.EMERGENCY: Unable to create configured logger. Using emergency logger. {"exception":"[object] (InvalidArgumentException(code: 0): Log [deprecations] is not defined. at D:\\laragon\\www\\PPID-PKTJ\\vendor\\laravel\\framework\\src\\Illuminate\\Log\\LogManager.php:200)
[stacktrace]
#0 D:\\laragon\\www\\PPID-PKTJ\\vendor\\laravel\\framework\\src\\Illuminate\\Log\\LogManager.php(125): Illuminate\\Log\\LogManager->resolve('deprecations', NULL)
#1 D:\\laragon\\www\\PPID-PKTJ\\vendor\\laravel\\framework\\src\\Illuminate\\Log\\LogManager.php(112): Illuminate\\Log\\LogManager->get('deprecations')
#2 D:\\laragon\\www\\PPID-PKTJ\\vendor\\laravel\\framework\\src\\Illuminate\\Log\\LogManager.php(101): Illuminate\\Log\\LogManager->driver('deprecations')
#3 D:\\laragon\\www\\PPID-PKTJ\\vendor\\laravel\\framework\\src\\Illuminate\\Foundation\\Bootstrap\\HandleExceptions.php(104): Illuminate\\Log\\LogManager->channel('deprecations')
#4 D:\\laragon\\www\\PPID-PKTJ\\vendor\\laravel\\framework\\src\\Illuminate\\Foundation\\Bootstrap\\HandleExceptions.php(71): Illuminate\\Foundation\\Bootstrap\\HandleExceptions->handleDeprecation('mb_strpos(): Pa...', 'D:\\\\laragon\\\\www\\\\...', 197)
#5 [internal function]: Illuminate\\Foundation\\Bootstrap\\HandleExceptions->handleError(8192, 'mb_strpos(): Pa...', 'D:\\\\laragon\\\\www\\\\...', 197)
#6 D:\\laragon\\www\\PPID-PKTJ\\vendor\\laravel\\framework\\src\\Illuminate\\Support\\Str.php(197): mb_strpos(NULL, 'prosedur')
#7 D:\\laragon\\www\\PPID-PKTJ\\vendor\\laravel\\framework\\src\\Illuminate\\Foundation\\Console\\RouteListCommand.php(188): Illuminate\\Support\\Str::contains(NULL, 'prosedur')
#8 D:\\laragon\\www\\PPID-PKTJ\\vendor\\laravel\\framework\\src\\Illuminate\\Foundation\\Console\\RouteListCommand.php(113): Illuminate\\Foundation\\Console\\RouteListCommand->filterRoute(Array)
#9 D:\\laragon\\www\\PPID-PKTJ\\vendor\\laravel\\framework\\src\\Illuminate\\Foundation\\Console\\RouteListCommand.php(91): Illuminate\\Foundation\\Console\\RouteListCommand->getRouteInformation(Object(Illuminate\\Routing\\Route))
#10 [internal function]: Illuminate\\Foundation\\Console\\RouteListCommand->Illuminate\\Foundation\\Console\\{closure}(Object(Illuminate\\Routing\\Route), 5)
#11 D:\\laragon\\www\\PPID-PKTJ\\vendor\\laravel\\framework\\src\\Illuminate\\Collections\\Collection.php(695): array_map(Object(Closure), Array, Array)
#12 D:\\laragon\\www\\PPID-PKTJ\\vendor\\laravel\\framework\\src\\Illuminate\\Foundation\\Console\\RouteListCommand.php(90): Illuminate\\Support\\Collection->map(Object(Closure))
#13 D:\\laragon\\www\\PPID-PKTJ\\vendor\\laravel\\framework\\src\\Illuminate\\Foundation\\Console\\RouteListCommand.php(76): Illuminate\\Foundation\\Console\\RouteListCommand->getRoutes()
#14 D:\\laragon\\www\\PPID-PKTJ\\vendor\\laravel\\framework\\src\\Illuminate\\Container\\BoundMethod.php(36): Illuminate\\Foundation\\Console\\RouteListCommand->handle()
#15 D:\\laragon\\www\\PPID-PKTJ\\vendor\\laravel\\framework\\src\\Illuminate\\Container\\Util.php(40): Illuminate\\Container\\BoundMethod::Illuminate\\Container\\{closure}()
#16 D:\\laragon\\www\\PPID-PKTJ\\vendor\\laravel\\framework\\src\\Illuminate\\Container\\BoundMethod.php(93): Illuminate\\Container\\Util::unwrapIfClosure(Object(Closure))
#17 D:\\laragon\\www\\PPID-PKTJ\\vendor\\laravel\\framework\\src\\Illuminate\\Container\\BoundMethod.php(35): Illuminate\\Container\\BoundMethod::callBoundMethod(Object(Illuminate\\Foundation\\Application), Array, Object(Closure))
#18 D:\\laragon\\www\\PPID-PKTJ\\vendor\\laravel\\framework\\src\\Illuminate\\Container\\Container.php(653): Illuminate\\Container\\BoundMethod::call(Object(Illuminate\\Foundation\\Application), Array, Array, NULL)
#19 D:\\laragon\\www\\PPID-PKTJ\\vendor\\laravel\\framework\\src\\Illuminate\\Console\\Command.php(136): Illuminate\\Container\\Container->call(Array)
#20 D:\\laragon\\www\\PPID-PKTJ\\vendor\\symfony\\console\\Command\\Command.php(298): Illuminate\\Console\\Command->execute(Object(Symfony\\Component\\Console\\Input\\ArgvInput), Object(Illuminate\\Console\\OutputStyle))
#21 D:\\laragon\\www\\PPID-PKTJ\\vendor\\laravel\\framework\\src\\Illuminate\\Console\\Command.php(120): Symfony\\Component\\Console\\Command\\Command->run(Object(Symfony\\Component\\Console\\Input\\ArgvInput), Object(Illuminate\\Console\\OutputStyle))
#22 D:\\laragon\\www\\PPID-PKTJ\\vendor\\symfony\\console\\Application.php(1040): Illuminate\\Console\\Command->run(Object(Symfony\\Component\\Console\\Input\\ArgvInput), Object(Symfony\\Component\\Console\\Output\\ConsoleOutput))
#23 D:\\laragon\\www\\PPID-PKTJ\\vendor\\symfony\\console\\Application.php(301): Symfony\\Component\\Console\\Application->doRunCommand(Object(Illuminate\\Foundation\\Console\\RouteListCommand), Object(Symfony\\Component\\Console\\Input\\ArgvInput), Object(Symfony\\Component\\Console\\Output\\ConsoleOutput))
#24 D:\\laragon\\www\\PPID-PKTJ\\vendor\\symfony\\console\\Application.php(171): Symfony\\Component\\Console\\Application->doRun(Object(Symfony\\Component\\Console\\Input\\ArgvInput), Object(Symfony\\Component\\Console\\Output\\ConsoleOutput))
#25 D:\\laragon\\www\\PPID-PKTJ\\vendor\\laravel\\framework\\src\\Illuminate\\Console\\Application.php(94): Symfony\\Component\\Console\\Application->run(Object(Symfony\\Component\\Console\\Input\\ArgvInput), Object(Symfony\\Component\\Console\\Output\\ConsoleOutput))
#26 D:\\laragon\\www\\PPID-PKTJ\\vendor\\laravel\\framework\\src\\Illuminate\\Foundation\\Console\\Kernel.php(129): Illuminate\\Console\\Application->run(Object(Symfony\\Component\\Console\\Input\\ArgvInput), Object(Symfony\\Component\\Console\\Output\\ConsoleOutput))
#27 D:\\laragon\\www\\PPID-PKTJ\\artisan(17): Illuminate\\Foundation\\Console\\Kernel->handle(Object(Symfony\\Component\\Console\\Input\\ArgvInput), Object(Symfony\\Component\\Console\\Output\\ConsoleOutput))
#28 {main}
"} 
[2026-09-09 04:53:02] laravel.WARNING: mb_strpos(): Passing null to parameter #1 ($haystack) of type string is deprecated in D:\laragon\www\PPID-PKTJ\vendor\laravel\framework\src\Illuminate\Support\Str.php on line 197  
[2026-09-09 04:53:02] laravel.EMERGENCY: Unable to create configured logger. Using emergency logger. {"exception":"[object] (InvalidArgumentException(code: 0): Log [deprecations] is not defined. at D:\\laragon\\www\\PPID-PKTJ\\vendor\\laravel\\framework\\src\\Illuminate\\Log\\LogManager.php:200)
[stacktrace]
#0 D:\\laragon\\www\\PPID-PKTJ\\vendor\\laravel\\framework\\src\\Illuminate\\Log\\LogManager.php(125): Illuminate\\Log\\LogManager->resolve('deprecations', NULL)
#1 D:\\laragon\\www\\PPID-PKTJ\\vendor\\laravel\\framework\\src\\Illuminate\\Log\\LogManager.php(112): Illuminate\\Log\\LogManager->get('deprecations')
#2 D:\\laragon\\www\\PPID-PKTJ\\vendor\\laravel\\framework\\src\\Illuminate\\Log\\LogManager.php(101): Illuminate\\Log\\LogManager->driver('deprecations')
#3 D:\\laragon\\www\\PPID-PKTJ\\vendor\\laravel\\framework\\src\\Illuminate\\Foundation\\Bootstrap\\HandleExceptions.php(104): Illuminate\\Log\\LogManager->channel('deprecations')
#4 D:\\laragon\\www\\PPID-PKTJ\\vendor\\laravel\\framework\\src\\Illuminate\\Foundation\\Bootstrap\\HandleExceptions.php(71): Illuminate\\Foundation\\Bootstrap\\HandleExceptions->handleDeprecation('mb_strpos(): Pa...', 'D:\\\\laragon\\\\www\\\\...', 197)
#5 [internal function]: Illuminate\\Foundation\\Bootstrap\\HandleExceptions->handleError(8192, 'mb_strpos(): Pa...', 'D:\\\\laragon\\\\www\\\\...', 197)
#6 D:\\laragon\\www\\PPID-PKTJ\\vendor\\laravel\\framework\\src\\Illuminate\\Support\\Str.php(197): mb_strpos(NULL, 'prosedur')
#7 D:\\laragon\\www\\PPID-PKTJ\\vendor\\laravel\\framework\\src\\Illuminate\\Foundation\\Console\\RouteListCommand.php(188): Illuminate\\Support\\Str::contains(NULL, 'prosedur')
#8 D:\\laragon\\www\\PPID-PKTJ\\vendor\\laravel\\framework\\src\\Illuminate\\Foundation\\Console\\RouteListCommand.php(113): Illuminate\\Foundation\\Console\\RouteListCommand->filterRoute(Array)
#9 D:\\laragon\\www\\PPID-PKTJ\\vendor\\laravel\\framework\\src\\Illuminate\\Foundation\\Console\\RouteListCommand.php(91): Illuminate\\Foundation\\Console\\RouteListCommand->getRouteInformation(Object(Illuminate\\Routing\\Route))
#10 [internal function]: Illuminate\\Foundation\\Console\\RouteListCommand->Illuminate\\Foundation\\Console\\{closure}(Object(Illuminate\\Routing\\Route), 6)
#11 D:\\laragon\\www\\PPID-PKTJ\\vendor\\laravel\\framework\\src\\Illuminate\\Collections\\Collection.php(695): array_map(Object(Closure), Array, Array)
#12 D:\\laragon\\www\\PPID-PKTJ\\vendor\\laravel\\framework\\src\\Illuminate\\Foundation\\Console\\RouteListCommand.php(90): Illuminate\\Support\\Collection->map(Object(Closure))
#13 D:\\laragon\\www\\PPID-PKTJ\\vendor\\laravel\\framework\\src\\Illuminate\\Foundation\\Console\\RouteListCommand.php(76): Illuminate\\Foundation\\Console\\RouteListCommand->getRoutes()
#14 D:\\laragon\\www\\PPID-PKTJ\\vendor\\laravel\\framework\\src\\Illuminate\\Container\\BoundMethod.php(36): Illuminate\\Foundation\\Console\\RouteListCommand->handle()
#15 D:\\laragon\\www\\PPID-PKTJ\\vendor\\laravel\\framework\\src\\Illuminate\\Container\\Util.php(40): Illuminate\\Container\\BoundMethod::Illuminate\\Container\\{closure}()
#16 D:\\laragon\\www\\PPID-PKTJ\\vendor\\laravel\\framework\\src\\Illuminate\\Container\\BoundMethod.php(93): Illuminate\\Container\\Util::unwrapIfClosure(Object(Closure))
#17 D:\\laragon\\www\\PPID-PKTJ\\vendor\\laravel\\framework\\src\\Illuminate\\Container\\BoundMethod.php(35): Illuminate\\Container\\BoundMethod::callBoundMethod(Object(Illuminate\\Foundation\\Application), Array, Object(Closure))
#18 D:\\laragon\\www\\PPID-PKTJ\\vendor\\laravel\\framework\\src\\Illuminate\\Container\\Container.php(653): Illuminate\\Container\\BoundMethod::call(Object(Illuminate\\Foundation\\Application), Array, Array, NULL)
#19 D:\\laragon\\www\\PPID-PKTJ\\vendor\\laravel\\framework\\src\\Illuminate\\Console\\Command.php(136): Illuminate\\Container\\Container->call(Array)
#20 D:\\laragon\\www\\PPID-PKTJ\\vendor\\symfony\\console\\Command\\Command.php(298): Illuminate\\Console\\Command->execute(Object(Symfony\\Component\\Console\\Input\\ArgvInput), Object(Illuminate\\Console\\OutputStyle))
#21 D:\\laragon\\www\\PPID-PKTJ\\vendor\\laravel\\framework\\src\\Illuminate\\Console\\Command.php(120): Symfony\\Component\\Console\\Command\\Command->run(Object(Symfony\\Component\\Console\\Input\\ArgvInput), Object(Illuminate\\Console\\OutputStyle))
#22 D:\\laragon\\www\\PPID-PKTJ\\vendor\\symfony\\console\\Application.php(1040): Illuminate\\Console\\Command->run(Object(Symfony\\Component\\Console\\Input\\ArgvInput), Object(Symfony\\Component\\Console\\Output\\ConsoleOutput))
#23 D:\\laragon\\www\\PPID-PKTJ\\vendor\\symfony\\console\\Application.php(301): Symfony\\Component\\Console\\Application->doRunCommand(Object(Illuminate\\Foundation\\Console\\RouteListCommand), Object(Symfony\\Component\\Console\\Input\\ArgvInput), Object(Symfony\\Component\\Console\\Output\\ConsoleOutput))
#24 D:\\laragon\\www\\PPID-PKTJ\\vendor\\symfony\\console\\Application.php(171): Symfony\\Component\\Console\\Application->doRun(Object(Symfony\\Component\\Console\\Input\\ArgvInput), Object(Symfony\\Component\\Console\\Output\\ConsoleOutput))
#25 D:\\laragon\\www\\PPID-PKTJ\\vendor\\laravel\\framework\\src\\Illuminate\\Console\\Application.php(94): Symfony\\Component\\Console\\Application->run(Object(Symfony\\Component\\Console\\Input\\ArgvInput), Object(Symfony\\Component\\Console\\Output\\ConsoleOutput))
#26 D:\\laragon\\www\\PPID-PKTJ\\vendor\\laravel\\framework\\src\\Illuminate\\Foundation\\Console\\Kernel.php(129): Illuminate\\Console\\Application->run(Object(Symfony\\Component\\Console\\Input\\ArgvInput), Object(Symfony\\Component\\Console\\Output\\ConsoleOutput))
#27 D:\\laragon\\www\\PPID-PKTJ\\artisan(17): Illuminate\\Foundation\\Console\\Kernel->handle(Object(Symfony\\Component\\Console\\Input\\ArgvInput), Object(Symfony\\Component\\Console\\Output\\ConsoleOutput))
#28 {main}
"} 
[2026-09-09 04:53:02] laravel.WARNING: mb_strpos(): Passing null to parameter #1 ($haystack) of type string is deprecated in D:\laragon\www\PPID-PKTJ\vendor\laravel\framework\src\Illuminate\Support\Str.php on line 197  
[2026-09-09 04:53:02] laravel.EMERGENCY: Unable to create configured logger. Using emergency logger. {"exception":"[object] (InvalidArgumentException(code: 0): Log [deprecations] is not defined. at D:\\laragon\\www\\PPID-PKTJ\\vendor\\laravel\\framework\\src\\Illuminate\\Log\\LogManager.php:200)
[stacktrace]
#0 D:\\laragon\\www\\PPID-PKTJ\\vendor\\laravel\\framework\\src\\Illuminate\\Log\\LogManager.php(125): Illuminate\\Log\\LogManager->resolve('deprecations', NULL)
#1 D:\\laragon\\www\\PPID-PKTJ\\vendor\\laravel\\framework\\src\\Illuminate\\Log\\LogManager.php(112): Illuminate\\Log\\LogManager->get('deprecations')
#2 D:\\laragon\\www\\PPID-PKTJ\\vendor\\laravel\\framework\\src\\Illuminate\\Log\\LogManager.php(101): Illuminate\\Log\\LogManager->driver('deprecations')
#3 D:\\laragon\\www\\PPID-PKTJ\\vendor\\laravel\\framework\\src\\Illuminate\\Foundation\\Bootstrap\\HandleExceptions.php(104): Illuminate\\Log\\LogManager->channel('deprecations')
#4 D:\\laragon\\www\\PPID-PKTJ\\vendor\\laravel\\framework\\src\\Illuminate\\Foundation\\Bootstrap\\HandleExceptions.php(71): Illuminate\\Foundation\\Bootstrap\\HandleExceptions->handleDeprecation('mb_strpos(): Pa...', 'D:\\\\laragon\\\\www\\\\...', 197)
#5 [internal function]: Illuminate\\Foundation\\Bootstrap\\HandleExceptions->handleError(8192, 'mb_strpos(): Pa...', 'D:\\\\laragon\\\\www\\\\...', 197)
#6 D:\\laragon\\www\\PPID-PKTJ\\vendor\\laravel\\framework\\src\\Illuminate\\Support\\Str.php(197): mb_strpos(NULL, 'prosedur')
#7 D:\\laragon\\www\\PPID-PKTJ\\vendor\\laravel\\framework\\src\\Illuminate\\Foundation\\Console\\RouteListCommand.php(188): Illuminate\\Support\\Str::contains(NULL, 'prosedur')
#8 D:\\laragon\\www\\PPID-PKTJ\\vendor\\laravel\\framework\\src\\Illuminate\\Foundation\\Console\\RouteListCommand.php(113): Illuminate\\Foundation\\Console\\RouteListCommand->filterRoute(Array)
#9 D:\\laragon\\www\\PPID-PKTJ\\vendor\\laravel\\framework\\src\\Illuminate\\Foundation\\Console\\RouteListCommand.php(91): Illuminate\\Foundation\\Console\\RouteListCommand->getRouteInformation(Object(Illuminate\\Routing\\Route))
#10 [internal function]: Illuminate\\Foundation\\Console\\RouteListCommand->Illuminate\\Foundation\\Console\\{closure}(Object(Illuminate\\Routing\\Route), 7)
#11 D:\\laragon\\www\\PPID-PKTJ\\vendor\\laravel\\framework\\src\\Illuminate\\Collections\\Collection.php(695): array_map(Object(Closure), Array, Array)
#12 D:\\laragon\\www\\PPID-PKTJ\\vendor\\laravel\\framework\\src\\Illuminate\\Foundation\\Console\\RouteListCommand.php(90): Illuminate\\Support\\Collection->map(Object(Closure))
#13 D:\\laragon\\www\\PPID-PKTJ\\vendor\\laravel\\framework\\src\\Illuminate\\Foundation\\Console\\RouteListCommand.php(76): Illuminate\\Foundation\\Console\\RouteListCommand->getRoutes()
#14 D:\\laragon\\www\\PPID-PKTJ\\vendor\\laravel\\framework\\src\\Illuminate\\Container\\BoundMethod.php(36): Illuminate\\Foundation\\Console\\RouteListCommand->handle()
#15 D:\\laragon\\www\\PPID-PKTJ\\vendor\\laravel\\framework\\src\\Illuminate\\Container\\Util.php(40): Illuminate\\Container\\BoundMethod::Illuminate\\Container\\{closure}()
#16 D:\\laragon\\www\\PPID-PKTJ\\vendor\\laravel\\framework\\src\\Illuminate\\Container\\BoundMethod.php(93): Illuminate\\Container\\Util::unwrapIfClosure(Object(Closure))
#17 D:\\laragon\\www\\PPID-PKTJ\\vendor\\laravel\\framework\\src\\Illuminate\\Container\\BoundMethod.php(35): Illuminate\\Container\\BoundMethod::callBoundMethod(Object(Illuminate\\Foundation\\Application), Array, Object(Closure))
#18 D:\\laragon\\www\\PPID-PKTJ\\vendor\\laravel\\framework\\src\\Illuminate\\Container\\Container.php(653): Illuminate\\Container\\BoundMethod::call(Object(Illuminate\\Foundation\\Application), Array, Array, NULL)
#19 D:\\laragon\\www\\PPID-PKTJ\\vendor\\laravel\\framework\\src\\Illuminate\\Console\\Command.php(136): Illuminate\\Container\\Container->call(Array)
#20 D:\\laragon\\www\\PPID-PKTJ\\vendor\\symfony\\console\\Command\\Command.php(298): Illuminate\\Console\\Command->execute(Object(Symfony\\Component\\Console\\Input\\ArgvInput), Object(Illuminate\\Console\\OutputStyle))
#21 D:\\laragon\\www\\PPID-PKTJ\\vendor\\laravel\\framework\\src\\Illuminate\\Console\\Command.php(120): Symfony\\Component\\Console\\Command\\Command->run(Object(Symfony\\Component\\Console\\Input\\ArgvInput), Object(Illuminate\\Console\\OutputStyle))
#22 D:\\laragon\\www\\PPID-PKTJ\\vendor\\symfony\\console\\Application.php(1040): Illuminate\\Console\\Command->run(Object(Symfony\\Component\\Console\\Input\\ArgvInput), Object(Symfony\\Component\\Console\\Output\\ConsoleOutput))
#23 D:\\laragon\\www\\PPID-PKTJ\\vendor\\symfony\\console\\Application.php(301): Symfony\\Component\\Console\\Application->doRunCommand(Object(Illuminate\\Foundation\\Console\\RouteListCommand), Object(Symfony\\Component\\Console\\Input\\ArgvInput), Object(Symfony\\Component\\Console\\Output\\ConsoleOutput))
#24 D:\\laragon\\www\\PPID-PKTJ\\vendor\\symfony\\console\\Application.php(171): Symfony\\Component\\Console\\Application->doRun(Object(Symfony\\Component\\Console\\Input\\ArgvInput), Object(Symfony\\Component\\Console\\Output\\ConsoleOutput))
#25 D:\\laragon\\www\\PPID-PKTJ\\vendor\\laravel\\framework\\src\\Illuminate\\Console\\Application.php(94): Symfony\\Component\\Console\\Application->run(Object(Symfony\\Component\\Console\\Input\\ArgvInput), Object(Symfony\\Component\\Console\\Output\\ConsoleOutput))
#26 D:\\laragon\\www\\PPID-PKTJ\\vendor\\laravel\\framework\\src\\Illuminate\\Foundation\\Console\\Kernel.php(129): Illuminate\\Console\\Application->run(Object(Symfony\\Component\\Console\\Input\\ArgvInput), Object(Symfony\\Component\\Console\\Output\\ConsoleOutput))
#27 D:\\laragon\\www\\PPID-PKTJ\\artisan(17): Illuminate\\Foundation\\Console\\Kernel->handle(Object(Symfony\\Component\\Console\\Input\\ArgvInput), Object(Symfony\\Component\\Console\\Output\\ConsoleOutput))
#28 {main}
"} 
[2026-09-09 04:53:02] laravel.WARNING: mb_strpos(): Passing null to parameter #1 ($haystack) of type string is deprecated in D:\laragon\www\PPID-PKTJ\vendor\laravel\framework\src\Illuminate\Support\Str.php on line 197  
[2026-09-09 04:53:02] laravel.EMERGENCY: Unable to create configured logger. Using emergency logger. {"exception":"[object] (InvalidArgumentException(code: 0): Log [deprecations] is not defined. at D:\\laragon\\www\\PPID-PKTJ\\vendor\\laravel\\framework\\src\\Illuminate\\Log\\LogManager.php:200)
[stacktrace]
#0 D:\\laragon\\www\\PPID-PKTJ\\vendor\\laravel\\framework\\src\\Illuminate\\Log\\LogManager.php(125): Illuminate\\Log\\LogManager->resolve('deprecations', NULL)
#1 D:\\laragon\\www\\PPID-PKTJ\\vendor\\laravel\\framework\\src\\Illuminate\\Log\\LogManager.php(112): Illuminate\\Log\\LogManager->get('deprecations')
#2 D:\\laragon\\www\\PPID-PKTJ\\vendor\\laravel\\framework\\src\\Illuminate\\Log\\LogManager.php(101): Illuminate\\Log\\LogManager->driver('deprecations')
#3 D:\\laragon\\www\\PPID-PKTJ\\vendor\\laravel\\framework\\src\\Illuminate\\Foundation\\Bootstrap\\HandleExceptions.php(104): Illuminate\\Log\\LogManager->channel('deprecations')
#4 D:\\laragon\\www\\PPID-PKTJ\\vendor\\laravel\\framework\\src\\Illuminate\\Foundation\\Bootstrap\\HandleExceptions.php(71): Illuminate\\Foundation\\Bootstrap\\HandleExceptions->handleDeprecation('mb_strpos(): Pa...', 'D:\\\\laragon\\\\www\\\\...', 197)
#5 [internal function]: Illuminate\\Foundation\\Bootstrap\\HandleExceptions->handleError(8192, 'mb_strpos(): Pa...', 'D:\\\\laragon\\\\www\\\\...', 197)
#6 D:\\laragon\\www\\PPID-PKTJ\\vendor\\laravel\\framework\\src\\Illuminate\\Support\\Str.php(197): mb_strpos(NULL, 'prosedur')
#7 D:\\laragon\\www\\PPID-PKTJ\\vendor\\laravel\\framework\\src\\Illuminate\\Foundation\\Console\\RouteListCommand.php(188): Illuminate\\Support\\Str::contains(NULL, 'prosedur')
#8 D:\\laragon\\www\\PPID-PKTJ\\vendor\\laravel\\framework\\src\\Illuminate\\Foundation\\Console\\RouteListCommand.php(113): Illuminate\\Foundation\\Console\\RouteListCommand->filterRoute(Array)
#9 D:\\laragon\\www\\PPID-PKTJ\\vendor\\laravel\\framework\\src\\Illuminate\\Foundation\\Console\\RouteListCommand.php(91): Illuminate\\Foundation\\Console\\RouteListCommand->getRouteInformation(Object(Illuminate\\Routing\\Route))
#10 [internal function]: Illuminate\\Foundation\\Console\\RouteListCommand->Illuminate\\Foundation\\Console\\{closure}(Object(Illuminate\\Routing\\Route), 8)
#11 D:\\laragon\\www\\PPID-PKTJ\\vendor\\laravel\\framework\\src\\Illuminate\\Collections\\Collection.php(695): array_map(Object(Closure), Array, Array)
#12 D:\\laragon\\www\\PPID-PKTJ\\vendor\\laravel\\framework\\src\\Illuminate\\Foundation\\Console\\RouteListCommand.php(90): Illuminate\\Support\\Collection->map(Object(Closure))
#13 D:\\laragon\\www\\PPID-PKTJ\\vendor\\laravel\\framework\\src\\Illuminate\\Foundation\\Console\\RouteListCommand.php(76): Illuminate\\Foundation\\Console\\RouteListCommand->getRoutes()
#14 D:\\laragon\\www\\PPID-PKTJ\\vendor\\laravel\\framework\\src\\Illuminate\\Container\\BoundMethod.php(36): Illuminate\\Foundation\\Console\\RouteListCommand->handle()
#15 D:\\laragon\\www\\PPID-PKTJ\\vendor\\laravel\\framework\\src\\Illuminate\\Container\\Util.php(40): Illuminate\\Container\\BoundMethod::Illuminate\\Container\\{closure}()
#16 D:\\laragon\\www\\PPID-PKTJ\\vendor\\laravel\\framework\\src\\Illuminate\\Container\\BoundMethod.php(93): Illuminate\\Container\\Util::unwrapIfClosure(Object(Closure))
#17 D:\\laragon\\www\\PPID-PKTJ\\vendor\\laravel\\framework\\src\\Illuminate\\Container\\BoundMethod.php(35): Illuminate\\Container\\BoundMethod::callBoundMethod(Object(Illuminate\\Foundation\\Application), Array, Object(Closure))
#18 D:\\laragon\\www\\PPID-PKTJ\\vendor\\laravel\\framework\\src\\Illuminate\\Container\\Container.php(653): Illuminate\\Container\\BoundMethod::call(Object(Illuminate\\Foundation\\Application), Array, Array, NULL)
#19 D:\\laragon\\www\\PPID-PKTJ\\vendor\\laravel\\framework\\src\\Illuminate\\Console\\Command.php(136): Illuminate\\Container\\Container->call(Array)
#20 D:\\laragon\\www\\PPID-PKTJ\\vendor\\symfony\\console\\Command\\Command.php(298): Illuminate\\Console\\Command->execute(Object(Symfony\\Component\\Console\\Input\\ArgvInput), Object(Illuminate\\Console\\OutputStyle))
#21 D:\\laragon\\www\\PPID-PKTJ\\vendor\\laravel\\framework\\src\\Illuminate\\Console\\Command.php(120): Symfony\\Component\\Console\\Command\\Command->run(Object(Symfony\\Component\\Console\\Input\\ArgvInput), Object(Illuminate\\Console\\OutputStyle))
#22 D:\\laragon\\www\\PPID-PKTJ\\vendor\\symfony\\console\\Application.php(1040): Illuminate\\Console\\Command->run(Object(Symfony\\Component\\Console\\Input\\ArgvInput), Object(Symfony\\Component\\Console\\Output\\ConsoleOutput))
#23 D:\\laragon\\www\\PPID-PKTJ\\vendor\\symfony\\console\\Application.php(301): Symfony\\Component\\Console\\Application->doRunCommand(Object(Illuminate\\Foundation\\Console\\RouteListCommand), Object(Symfony\\Component\\Console\\Input\\ArgvInput), Object(Symfony\\Component\\Console\\Output\\ConsoleOutput))
#24 D:\\laragon\\www\\PPID-PKTJ\\vendor\\symfony\\console\\Application.php(171): Symfony\\Component\\Console\\Application->doRun(Object(Symfony\\Component\\Console\\Input\\ArgvInput), Object(Symfony\\Component\\Console\\Output\\ConsoleOutput))
#25 D:\\laragon\\www\\PPID-PKTJ\\vendor\\laravel\\framework\\src\\Illuminate\\Console\\Application.php(94): Symfony\\Component\\Console\\Application->run(Object(Symfony\\Component\\Console\\Input\\ArgvInput), Object(Symfony\\Component\\Console\\Output\\ConsoleOutput))
#26 D:\\laragon\\www\\PPID-PKTJ\\vendor\\laravel\\framework\\src\\Illuminate\\Foundation\\Console\\Kernel.php(129): Illuminate\\Console\\Application->run(Object(Symfony\\Component\\Console\\Input\\ArgvInput), Object(Symfony\\Component\\Console\\Output\\ConsoleOutput))
#27 D:\\laragon\\www\\PPID-PKTJ\\artisan(17): Illuminate\\Foundation\\Console\\Kernel->handle(Object(Symfony\\Component\\Console\\Input\\ArgvInput), Object(Symfony\\Component\\Console\\Output\\ConsoleOutput))
#28 {main}
"} 
[2026-09-09 04:53:02] laravel.WARNING: mb_strpos(): Passing null to parameter #1 ($haystack) of type string is deprecated in D:\laragon\www\PPID-PKTJ\vendor\laravel\framework\src\Illuminate\Support\Str.php on line 197  
[2026-09-09 04:53:02] laravel.EMERGENCY: Unable to create configured logger. Using emergency logger. {"exception":"[object] (InvalidArgumentException(code: 0): Log [deprecations] is not defined. at D:\\laragon\\www\\PPID-PKTJ\\vendor\\laravel\\framework\\src\\Illuminate\\Log\\LogManager.php:200)
[stacktrace]
#0 D:\\laragon\\www\\PPID-PKTJ\\vendor\\laravel\\framework\\src\\Illuminate\\Log\\LogManager.php(125): Illuminate\\Log\\LogManager->resolve('deprecations', NULL)
#1 D:\\laragon\\www\\PPID-PKTJ\\vendor\\laravel\\framework\\src\\Illuminate\\Log\\LogManager.php(112): Illuminate\\Log\\LogManager->get('deprecations')
#2 D:\\laragon\\www\\PPID-PKTJ\\vendor\\laravel\\framework\\src\\Illuminate\\Log\\LogManager.php(101): Illuminate\\Log\\LogManager->driver('deprecations')
#3 D:\\laragon\\www\\PPID-PKTJ\\vendor\\laravel\\framework\\src\\Illuminate\\Foundation\\Bootstrap\\HandleExceptions.php(104): Illuminate\\Log\\LogManager->channel('deprecations')
#4 D:\\laragon\\www\\PPID-PKTJ\\vendor\\laravel\\framework\\src\\Illuminate\\Foundation\\Bootstrap\\HandleExceptions.php(71): Illuminate\\Foundation\\Bootstrap\\HandleExceptions->handleDeprecation('mb_strpos(): Pa...', 'D:\\\\laragon\\\\www\\\\...', 197)
#5 [internal function]: Illuminate\\Foundation\\Bootstrap\\HandleExceptions->handleError(8192, 'mb_strpos(): Pa...', 'D:\\\\laragon\\\\www\\\\...', 197)
#6 D:\\laragon\\www\\PPID-PKTJ\\vendor\\laravel\\framework\\src\\Illuminate\\Support\\Str.php(197): mb_strpos(NULL, 'prosedur')
#7 D:\\laragon\\www\\PPID-PKTJ\\vendor\\laravel\\framework\\src\\Illuminate\\Foundation\\Console\\RouteListCommand.php(188): Illuminate\\Support\\Str::contains(NULL, 'prosedur')
#8 D:\\laragon\\www\\PPID-PKTJ\\vendor\\laravel\\framework\\src\\Illuminate\\Foundation\\Console\\RouteListCommand.php(113): Illuminate\\Foundation\\Console\\RouteListCommand->filterRoute(Array)
#9 D:\\laragon\\www\\PPID-PKTJ\\vendor\\laravel\\framework\\src\\Illuminate\\Foundation\\Console\\RouteListCommand.php(91): Illuminate\\Foundation\\Console\\RouteListCommand->getRouteInformation(Object(Illuminate\\Routing\\Route))
#10 [internal function]: Illuminate\\Foundation\\Console\\RouteListCommand->Illuminate\\Foundation\\Console\\{closure}(Object(Illuminate\\Routing\\Route), 9)
#11 D:\\laragon\\www\\PPID-PKTJ\\vendor\\laravel\\framework\\src\\Illuminate\\Collections\\Collection.php(695): array_map(Object(Closure), Array, Array)
#12 D:\\laragon\\www\\PPID-PKTJ\\vendor\\laravel\\framework\\src\\Illuminate\\Foundation\\Console\\RouteListCommand.php(90): Illuminate\\Support\\Collection->map(Object(Closure))
#13 D:\\laragon\\www\\PPID-PKTJ\\vendor\\laravel\\framework\\src\\Illuminate\\Foundation\\Console\\RouteListCommand.php(76): Illuminate\\Foundation\\Console\\RouteListCommand->getRoutes()
#14 D:\\laragon\\www\\PPID-PKTJ\\vendor\\laravel\\framework\\src\\Illuminate\\Container\\BoundMethod.php(36): Illuminate\\Foundation\\Console\\RouteListCommand->handle()
#15 D:\\laragon\\www\\PPID-PKTJ\\vendor\\laravel\\framework\\src\\Illuminate\\Container\\Util.php(40): Illuminate\\Container\\BoundMethod::Illuminate\\Container\\{closure}()
#16 D:\\laragon\\www\\PPID-PKTJ\\vendor\\laravel\\framework\\src\\Illuminate\\Container\\BoundMethod.php(93): Illuminate\\Container\\Util::unwrapIfClosure(Object(Closure))
#17 D:\\laragon\\www\\PPID-PKTJ\\vendor\\laravel\\framework\\src\\Illuminate\\Container\\BoundMethod.php(35): Illuminate\\Container\\BoundMethod::callBoundMethod(Object(Illuminate\\Foundation\\Application), Array, Object(Closure))
#18 D:\\laragon\\www\\PPID-PKTJ\\vendor\\laravel\\framework\\src\\Illuminate\\Container\\Container.php(653): Illuminate\\Container\\BoundMethod::call(Object(Illuminate\\Foundation\\Application), Array, Array, NULL)
#19 D:\\laragon\\www\\PPID-PKTJ\\vendor\\laravel\\framework\\src\\Illuminate\\Console\\Command.php(136): Illuminate\\Container\\Container->call(Array)
#20 D:\\laragon\\www\\PPID-PKTJ\\vendor\\symfony\\console\\Command\\Command.php(298): Illuminate\\Console\\Command->execute(Object(Symfony\\Component\\Console\\Input\\ArgvInput), Object(Illuminate\\Console\\OutputStyle))
#21 D:\\laragon\\www\\PPID-PKTJ\\vendor\\laravel\\framework\\src\\Illuminate\\Console\\Command.php(120): Symfony\\Component\\Console\\Command\\Command->run(Object(Symfony\\Component\\Console\\Input\\ArgvInput), Object(Illuminate\\Console\\OutputStyle))
#22 D:\\laragon\\www\\PPID-PKTJ\\vendor\\symfony\\console\\Application.php(1040): Illuminate\\Console\\Command->run(Object(Symfony\\Component\\Console\\Input\\ArgvInput), Object(Symfony\\Component\\Console\\Output\\ConsoleOutput))
#23 D:\\laragon\\www\\PPID-PKTJ\\vendor\\symfony\\console\\Application.php(301): Symfony\\Component\\Console\\Application->doRunCommand(Object(Illuminate\\Foundation\\Console\\RouteListCommand), Object(Symfony\\Component\\Console\\Input\\ArgvInput), Object(Symfony\\Component\\Console\\Output\\ConsoleOutput))
#24 D:\\laragon\\www\\PPID-PKTJ\\vendor\\symfony\\console\\Application.php(171): Symfony\\Component\\Console\\Application->doRun(Object(Symfony\\Component\\Console\\Input\\ArgvInput), Object(Symfony\\Component\\Console\\Output\\ConsoleOutput))
#25 D:\\laragon\\www\\PPID-PKTJ\\vendor\\laravel\\framework\\src\\Illuminate\\Console\\Application.php(94): Symfony\\Component\\Console\\Application->run(Object(Symfony\\Component\\Console\\Input\\ArgvInput), Object(Symfony\\Component\\Console\\Output\\ConsoleOutput))
#26 D:\\laragon\\www\\PPID-PKTJ\\vendor\\laravel\\framework\\src\\Illuminate\\Foundation\\Console\\Kernel.php(129): Illuminate\\Console\\Application->run(Object(Symfony\\Component\\Console\\Input\\ArgvInput), Object(Symfony\\Component\\Console\\Output\\ConsoleOutput))
#27 D:\\laragon\\www\\PPID-PKTJ\\artisan(17): Illuminate\\Foundation\\Console\\Kernel->handle(Object(Symfony\\Component\\Console\\Input\\ArgvInput), Object(Symfony\\Component\\Console\\Output\\ConsoleOutput))
#28 {main}
"} 
[2026-09-09 04:53:02] laravel.WARNING: mb_strpos(): Passing null to parameter #1 ($haystack) of type string is deprecated in D:\laragon\www\PPID-PKTJ\vendor\laravel\framework\src\Illuminate\Support\Str.php on line 197  
[2026-09-09 04:53:02] laravel.EMERGENCY: Unable to create configured logger. Using emergency logger. {"exception":"[object] (InvalidArgumentException(code: 0): Log [deprecations] is not defined. at D:\\laragon\\www\\PPID-PKTJ\\vendor\\laravel\\framework\\src\\Illuminate\\Log\\LogManager.php:200)
[stacktrace]
#0 D:\\laragon\\www\\PPID-PKTJ\\vendor\\laravel\\framework\\src\\Illuminate\\Log\\LogManager.php(125): Illuminate\\Log\\LogManager->resolve('deprecations', NULL)
#1 D:\\laragon\\www\\PPID-PKTJ\\vendor\\laravel\\framework\\src\\Illuminate\\Log\\LogManager.php(112): Illuminate\\Log\\LogManager->get('deprecations')
#2 D:\\laragon\\www\\PPID-PKTJ\\vendor\\laravel\\framework\\src\\Illuminate\\Log\\LogManager.php(101): Illuminate\\Log\\LogManager->driver('deprecations')
#3 D:\\laragon\\www\\PPID-PKTJ\\vendor\\laravel\\framework\\src\\Illuminate\\Foundation\\Bootstrap\\HandleExceptions.php(104): Illuminate\\Log\\LogManager->channel('deprecations')
#4 D:\\laragon\\www\\PPID-PKTJ\\vendor\\laravel\\framework\\src\\Illuminate\\Foundation\\Bootstrap\\HandleExceptions.php(71): Illuminate\\Foundation\\Bootstrap\\HandleExceptions->handleDeprecation('mb_strpos(): Pa...', 'D:\\\\laragon\\\\www\\\\...', 197)
#5 [internal function]: Illuminate\\Foundation\\Bootstrap\\HandleExceptions->handleError(8192, 'mb_strpos(): Pa...', 'D:\\\\laragon\\\\www\\\\...', 197)
#6 D:\\laragon\\www\\PPID-PKTJ\\vendor\\laravel\\framework\\src\\Illuminate\\Support\\Str.php(197): mb_strpos(NULL, 'prosedur')
#7 D:\\laragon\\www\\PPID-PKTJ\\vendor\\laravel\\framework\\src\\Illuminate\\Foundation\\Console\\RouteListCommand.php(188): Illuminate\\Support\\Str::contains(NULL, 'prosedur')
#8 D:\\laragon\\www\\PPID-PKTJ\\vendor\\laravel\\framework\\src\\Illuminate\\Foundation\\Console\\RouteListCommand.php(113): Illuminate\\Foundation\\Console\\RouteListCommand->filterRoute(Array)
#9 D:\\laragon\\www\\PPID-PKTJ\\vendor\\laravel\\framework\\src\\Illuminate\\Foundation\\Console\\RouteListCommand.php(91): Illuminate\\Foundation\\Console\\RouteListCommand->getRouteInformation(Object(Illuminate\\Routing\\Route))
#10 [internal function]: Illuminate\\Foundation\\Console\\RouteListCommand->Illuminate\\Foundation\\Console\\{closure}(Object(Illuminate\\Routing\\Route), 10)
#11 D:\\laragon\\www\\PPID-PKTJ\\vendor\\laravel\\framework\\src\\Illuminate\\Collections\\Collection.php(695): array_map(Object(Closure), Array, Array)
#12 D:\\laragon\\www\\PPID-PKTJ\\vendor\\laravel\\framework\\src\\Illuminate\\Foundation\\Console\\RouteListCommand.php(90): Illuminate\\Support\\Collection->map(Object(Closure))
#13 D:\\laragon\\www\\PPID-PKTJ\\vendor\\laravel\\framework\\src\\Illuminate\\Foundation\\Console\\RouteListCommand.php(76): Illuminate\\Foundation\\Console\\RouteListCommand->getRoutes()
#14 D:\\laragon\\www\\PPID-PKTJ\\vendor\\laravel\\framework\\src\\Illuminate\\Container\\BoundMethod.php(36): Illuminate\\Foundation\\Console\\RouteListCommand->handle()
#15 D:\\laragon\\www\\PPID-PKTJ\\vendor\\laravel\\framework\\src\\Illuminate\\Container\\Util.php(40): Illuminate\\Container\\BoundMethod::Illuminate\\Container\\{closure}()
#16 D:\\laragon\\www\\PPID-PKTJ\\vendor\\laravel\\framework\\src\\Illuminate\\Container\\BoundMethod.php(93): Illuminate\\Container\\Util::unwrapIfClosure(Object(Closure))
#17 D:\\laragon\\www\\PPID-PKTJ\\vendor\\laravel\\framework\\src\\Illuminate\\Container\\BoundMethod.php(35): Illuminate\\Container\\BoundMethod::callBoundMethod(Object(Illuminate\\Foundation\\Application), Array, Object(Closure))
#18 D:\\laragon\\www\\PPID-PKTJ\\vendor\\laravel\\framework\\src\\Illuminate\\Container\\Container.php(653): Illuminate\\Container\\BoundMethod::call(Object(Illuminate\\Foundation\\Application), Array, Array, NULL)
#19 D:\\laragon\\www\\PPID-PKTJ\\vendor\\laravel\\framework\\src\\Illuminate\\Console\\Command.php(136): Illuminate\\Container\\Container->call(Array)
#20 D:\\laragon\\www\\PPID-PKTJ\\vendor\\symfony\\console\\Command\\Command.php(298): Illuminate\\Console\\Command->execute(Object(Symfony\\Component\\Console\\Input\\ArgvInput), Object(Illuminate\\Console\\OutputStyle))
#21 D:\\laragon\\www\\PPID-PKTJ\\vendor\\laravel\\framework\\src\\Illuminate\\Console\\Command.php(120): Symfony\\Component\\Console\\Command\\Command->run(Object(Symfony\\Component\\Console\\Input\\ArgvInput), Object(Illuminate\\Console\\OutputStyle))
#22 D:\\laragon\\www\\PPID-PKTJ\\vendor\\symfony\\console\\Application.php(1040): Illuminate\\Console\\Command->run(Object(Symfony\\Component\\Console\\Input\\ArgvInput), Object(Symfony\\Component\\Console\\Output\\ConsoleOutput))
#23 D:\\laragon\\www\\PPID-PKTJ\\vendor\\symfony\\console\\Application.php(301): Symfony\\Component\\Console\\Application->doRunCommand(Object(Illuminate\\Foundation\\Console\\RouteListCommand), Object(Symfony\\Component\\Console\\Input\\ArgvInput), Object(Symfony\\Component\\Console\\Output\\ConsoleOutput))
#24 D:\\laragon\\www\\PPID-PKTJ\\vendor\\symfony\\console\\Application.php(171): Symfony\\Component\\Console\\Application->doRun(Object(Symfony\\Component\\Console\\Input\\ArgvInput), Object(Symfony\\Component\\Console\\Output\\ConsoleOutput))
#25 D:\\laragon\\www\\PPID-PKTJ\\vendor\\laravel\\framework\\src\\Illuminate\\Console\\Application.php(94): Symfony\\Component\\Console\\Application->run(Object(Symfony\\Component\\Console\\Input\\ArgvInput), Object(Symfony\\Component\\Console\\Output\\ConsoleOutput))
#26 D:\\laragon\\www\\PPID-PKTJ\\vendor\\laravel\\framework\\src\\Illuminate\\Foundation\\Console\\Kernel.php(129): Illuminate\\Console\\Application->run(Object(Symfony\\Component\\Console\\Input\\ArgvInput), Object(Symfony\\Component\\Console\\Output\\ConsoleOutput))
#27 D:\\laragon\\www\\PPID-PKTJ\\artisan(17): Illuminate\\Foundation\\Console\\Kernel->handle(Object(Symfony\\Component\\Console\\Input\\ArgvInput), Object(Symfony\\Component\\Console\\Output\\ConsoleOutput))
#28 {main}
"} 
[2026-09-09 04:53:02] laravel.WARNING: mb_strpos(): Passing null to parameter #1 ($haystack) of type string is deprecated in D:\laragon\www\PPID-PKTJ\vendor\laravel\framework\src\Illuminate\Support\Str.php on line 197  
[2026-09-09 04:53:02] laravel.EMERGENCY: Unable to create configured logger. Using emergency logger. {"exception":"[object] (InvalidArgumentException(code: 0): Log [deprecations] is not defined. at D:\\laragon\\www\\PPID-PKTJ\\vendor\\laravel\\framework\\src\\Illuminate\\Log\\LogManager.php:200)
[stacktrace]
#0 D:\\laragon\\www\\PPID-PKTJ\\vendor\\laravel\\framework\\src\\Illuminate\\Log\\LogManager.php(125): Illuminate\\Log\\LogManager->resolve('deprecations', NULL)
#1 D:\\laragon\\www\\PPID-PKTJ\\vendor\\laravel\\framework\\src\\Illuminate\\Log\\LogManager.php(112): Illuminate\\Log\\LogManager->get('deprecations')
#2 D:\\laragon\\www\\PPID-PKTJ\\vendor\\laravel\\framework\\src\\Illuminate\\Log\\LogManager.php(101): Illuminate\\Log\\LogManager->driver('deprecations')
#3 D:\\laragon\\www\\PPID-PKTJ\\vendor\\laravel\\framework\\src\\Illuminate\\Foundation\\Bootstrap\\HandleExceptions.php(104): Illuminate\\Log\\LogManager->channel('deprecations')
#4 D:\\laragon\\www\\PPID-PKTJ\\vendor\\laravel\\framework\\src\\Illuminate\\Foundation\\Bootstrap\\HandleExceptions.php(71): Illuminate\\Foundation\\Bootstrap\\HandleExceptions->handleDeprecation('mb_strpos(): Pa...', 'D:\\\\laragon\\\\www\\\\...', 197)
#5 [internal function]: Illuminate\\Foundation\\Bootstrap\\HandleExceptions->handleError(8192, 'mb_strpos(): Pa...', 'D:\\\\laragon\\\\www\\\\...', 197)
#6 D:\\laragon\\www\\PPID-PKTJ\\vendor\\laravel\\framework\\src\\Illuminate\\Support\\Str.php(197): mb_strpos(NULL, 'prosedur')
#7 D:\\laragon\\www\\PPID-PKTJ\\vendor\\laravel\\framework\\src\\Illuminate\\Foundation\\Console\\RouteListCommand.php(188): Illuminate\\Support\\Str::contains(NULL, 'prosedur')
#8 D:\\laragon\\www\\PPID-PKTJ\\vendor\\laravel\\framework\\src\\Illuminate\\Foundation\\Console\\RouteListCommand.php(113): Illuminate\\Foundation\\Console\\RouteListCommand->filterRoute(Array)
#9 D:\\laragon\\www\\PPID-PKTJ\\vendor\\laravel\\framework\\src\\Illuminate\\Foundation\\Console\\RouteListCommand.php(91): Illuminate\\Foundation\\Console\\RouteListCommand->getRouteInformation(Object(Illuminate\\Routing\\Route))
#10 [internal function]: Illuminate\\Foundation\\Console\\RouteListCommand->Illuminate\\Foundation\\Console\\{closure}(Object(Illuminate\\Routing\\Route), 11)
#11 D:\\laragon\\www\\PPID-PKTJ\\vendor\\laravel\\framework\\src\\Illuminate\\Collections\\Collection.php(695): array_map(Object(Closure), Array, Array)
#12 D:\\laragon\\www\\PPID-PKTJ\\vendor\\laravel\\framework\\src\\Illuminate\\Foundation\\Console\\RouteListCommand.php(90): Illuminate\\Support\\Collection->map(Object(Closure))
#13 D:\\laragon\\www\\PPID-PKTJ\\vendor\\laravel\\framework\\src\\Illuminate\\Foundation\\Console\\RouteListCommand.php(76): Illuminate\\Foundation\\Console\\RouteListCommand->getRoutes()
#14 D:\\laragon\\www\\PPID-PKTJ\\vendor\\laravel\\framework\\src\\Illuminate\\Container\\BoundMethod.php(36): Illuminate\\Foundation\\Console\\RouteListCommand->handle()
#15 D:\\laragon\\www\\PPID-PKTJ\\vendor\\laravel\\framework\\src\\Illuminate\\Container\\Util.php(40): Illuminate\\Container\\BoundMethod::Illuminate\\Container\\{closure}()
#16 D:\\laragon\\www\\PPID-PKTJ\\vendor\\laravel\\framework\\src\\Illuminate\\Container\\BoundMethod.php(93): Illuminate\\Container\\Util::unwrapIfClosure(Object(Closure))
#17 D:\\laragon\\www\\PPID-PKTJ\\vendor\\laravel\\framework\\src\\Illuminate\\Container\\BoundMethod.php(35): Illuminate\\Container\\BoundMethod::callBoundMethod(Object(Illuminate\\Foundation\\Application), Array, Object(Closure))
#18 D:\\laragon\\www\\PPID-PKTJ\\vendor\\laravel\\framework\\src\\Illuminate\\Container\\Container.php(653): Illuminate\\Container\\BoundMethod::call(Object(Illuminate\\Foundation\\Application), Array, Array, NULL)
#19 D:\\laragon\\www\\PPID-PKTJ\\vendor\\laravel\\framework\\src\\Illuminate\\Console\\Command.php(136): Illuminate\\Container\\Container->call(Array)
#20 D:\\laragon\\www\\PPID-PKTJ\\vendor\\symfony\\console\\Command\\Command.php(298): Illuminate\\Console\\Command->execute(Object(Symfony\\Component\\Console\\Input\\ArgvInput), Object(Illuminate\\Console\\OutputStyle))
#21 D:\\laragon\\www\\PPID-PKTJ\\vendor\\laravel\\framework\\src\\Illuminate\\Console\\Command.php(120): Symfony\\Component\\Console\\Command\\Command->run(Object(Symfony\\Component\\Console\\Input\\ArgvInput), Object(Illuminate\\Console\\OutputStyle))
#22 D:\\laragon\\www\\PPID-PKTJ\\vendor\\symfony\\console\\Application.php(1040): Illuminate\\Console\\Command->run(Object(Symfony\\Component\\Console\\Input\\ArgvInput), Object(Symfony\\Component\\Console\\Output\\ConsoleOutput))
#23 D:\\laragon\\www\\PPID-PKTJ\\vendor\\symfony\\console\\Application.php(301): Symfony\\Component\\Console\\Application->doRunCommand(Object(Illuminate\\Foundation\\Console\\RouteListCommand), Object(Symfony\\Component\\Console\\Input\\ArgvInput), Object(Symfony\\Component\\Console\\Output\\ConsoleOutput))
#24 D:\\laragon\\www\\PPID-PKTJ\\vendor\\symfony\\console\\Application.php(171): Symfony\\Component\\Console\\Application->doRun(Object(Symfony\\Component\\Console\\Input\\ArgvInput), Object(Symfony\\Component\\Console\\Output\\ConsoleOutput))
#25 D:\\laragon\\www\\PPID-PKTJ\\vendor\\laravel\\framework\\src\\Illuminate\\Console\\Application.php(94): Symfony\\Component\\Console\\Application->run(Object(Symfony\\Component\\Console\\Input\\ArgvInput), Object(Symfony\\Component\\Console\\Output\\ConsoleOutput))
#26 D:\\laragon\\www\\PPID-PKTJ\\vendor\\laravel\\framework\\src\\Illuminate\\Foundation\\Console\\Kernel.php(129): Illuminate\\Console\\Application->run(Object(Symfony\\Component\\Console\\Input\\ArgvInput), Object(Symfony\\Component\\Console\\Output\\ConsoleOutput))
#27 D:\\laragon\\www\\PPID-PKTJ\\artisan(17): Illuminate\\Foundation\\Console\\Kernel->handle(Object(Symfony\\Component\\Console\\Input\\ArgvInput), Object(Symfony\\Component\\Console\\Output\\ConsoleOutput))
#28 {main}
"} 
[2026-09-09 04:53:02] laravel.WARNING: mb_strpos(): Passing null to parameter #1 ($haystack) of type string is deprecated in D:\laragon\www\PPID-PKTJ\vendor\laravel\framework\src\Illuminate\Support\Str.php on line 197  
[2026-09-09 04:53:02] laravel.EMERGENCY: Unable to create configured logger. Using emergency logger. {"exception":"[object] (InvalidArgumentException(code: 0): Log [deprecations] is not defined. at D:\\laragon\\www\\PPID-PKTJ\\vendor\\laravel\\framework\\src\\Illuminate\\Log\\LogManager.php:200)
[stacktrace]
#0 D:\\laragon\\www\\PPID-PKTJ\\vendor\\laravel\\framework\\src\\Illuminate\\Log\\LogManager.php(125): Illuminate\\Log\\LogManager->resolve('deprecations', NULL)
#1 D:\\laragon\\www\\PPID-PKTJ\\vendor\\laravel\\framework\\src\\Illuminate\\Log\\LogManager.php(112): Illuminate\\Log\\LogManager->get('deprecations')
#2 D:\\laragon\\www\\PPID-PKTJ\\vendor\\laravel\\framework\\src\\Illuminate\\Log\\LogManager.php(101): Illuminate\\Log\\LogManager->driver('deprecations')
#3 D:\\laragon\\www\\PPID-PKTJ\\vendor\\laravel\\framework\\src\\Illuminate\\Foundation\\Bootstrap\\HandleExceptions.php(104): Illuminate\\Log\\LogManager->channel('deprecations')
#4 D:\\laragon\\www\\PPID-PKTJ\\vendor\\laravel\\framework\\src\\Illuminate\\Foundation\\Bootstrap\\HandleExceptions.php(71): Illuminate\\Foundation\\Bootstrap\\HandleExceptions->handleDeprecation('mb_strpos(): Pa...', 'D:\\\\laragon\\\\www\\\\...', 197)
#5 [internal function]: Illuminate\\Foundation\\Bootstrap\\HandleExceptions->handleError(8192, 'mb_strpos(): Pa...', 'D:\\\\laragon\\\\www\\\\...', 197)
#6 D:\\laragon\\www\\PPID-PKTJ\\vendor\\laravel\\framework\\src\\Illuminate\\Support\\Str.php(197): mb_strpos(NULL, 'prosedur')
#7 D:\\laragon\\www\\PPID-PKTJ\\vendor\\laravel\\framework\\src\\Illuminate\\Foundation\\Console\\RouteListCommand.php(188): Illuminate\\Support\\Str::contains(NULL, 'prosedur')
#8 D:\\laragon\\www\\PPID-PKTJ\\vendor\\laravel\\framework\\src\\Illuminate\\Foundation\\Console\\RouteListCommand.php(113): Illuminate\\Foundation\\Console\\RouteListCommand->filterRoute(Array)
#9 D:\\laragon\\www\\PPID-PKTJ\\vendor\\laravel\\framework\\src\\Illuminate\\Foundation\\Console\\RouteListCommand.php(91): Illuminate\\Foundation\\Console\\RouteListCommand->getRouteInformation(Object(Illuminate\\Routing\\Route))
#10 [internal function]: Illuminate\\Foundation\\Console\\RouteListCommand->Illuminate\\Foundation\\Console\\{closure}(Object(Illuminate\\Routing\\Route), 12)
#11 D:\\laragon\\www\\PPID-PKTJ\\vendor\\laravel\\framework\\src\\Illuminate\\Collections\\Collection.php(695): array_map(Object(Closure), Array, Array)
#12 D:\\laragon\\www\\PPID-PKTJ\\vendor\\laravel\\framework\\src\\Illuminate\\Foundation\\Console\\RouteListCommand.php(90): Illuminate\\Support\\Collection->map(Object(Closure))
#13 D:\\laragon\\www\\PPID-PKTJ\\vendor\\laravel\\framework\\src\\Illuminate\\Foundation\\Console\\RouteListCommand.php(76): Illuminate\\Foundation\\Console\\RouteListCommand->getRoutes()
#14 D:\\laragon\\www\\PPID-PKTJ\\vendor\\laravel\\framework\\src\\Illuminate\\Container\\BoundMethod.php(36): Illuminate\\Foundation\\Console\\RouteListCommand->handle()
#15 D:\\laragon\\www\\PPID-PKTJ\\vendor\\laravel\\framework\\src\\Illuminate\\Container\\Util.php(40): Illuminate\\Container\\BoundMethod::Illuminate\\Container\\{closure}()
#16 D:\\laragon\\www\\PPID-PKTJ\\vendor\\laravel\\framework\\src\\Illuminate\\Container\\BoundMethod.php(93): Illuminate\\Container\\Util::unwrapIfClosure(Object(Closure))
#17 D:\\laragon\\www\\PPID-PKTJ\\vendor\\laravel\\framework\\src\\Illuminate\\Container\\BoundMethod.php(35): Illuminate\\Container\\BoundMethod::callBoundMethod(Object(Illuminate\\Foundation\\Application), Array, Object(Closure))
#18 D:\\laragon\\www\\PPID-PKTJ\\vendor\\laravel\\framework\\src\\Illuminate\\Container\\Container.php(653): Illuminate\\Container\\BoundMethod::call(Object(Illuminate\\Foundation\\Application), Array, Array, NULL)
#19 D:\\laragon\\www\\PPID-PKTJ\\vendor\\laravel\\framework\\src\\Illuminate\\Console\\Command.php(136): Illuminate\\Container\\Container->call(Array)
#20 D:\\laragon\\www\\PPID-PKTJ\\vendor\\symfony\\console\\Command\\Command.php(298): Illuminate\\Console\\Command->execute(Object(Symfony\\Component\\Console\\Input\\ArgvInput), Object(Illuminate\\Console\\OutputStyle))
#21 D:\\laragon\\www\\PPID-PKTJ\\vendor\\laravel\\framework\\src\\Illuminate\\Console\\Command.php(120): Symfony\\Component\\Console\\Command\\Command->run(Object(Symfony\\Component\\Console\\Input\\ArgvInput), Object(Illuminate\\Console\\OutputStyle))
#22 D:\\laragon\\www\\PPID-PKTJ\\vendor\\symfony\\console\\Application.php(1040): Illuminate\\Console\\Command->run(Object(Symfony\\Component\\Console\\Input\\ArgvInput), Object(Symfony\\Component\\Console\\Output\\ConsoleOutput))
#23 D:\\laragon\\www\\PPID-PKTJ\\vendor\\symfony\\console\\Application.php(301): Symfony\\Component\\Console\\Application->doRunCommand(Object(Illuminate\\Foundation\\Console\\RouteListCommand), Object(Symfony\\Component\\Console\\Input\\ArgvInput), Object(Symfony\\Component\\Console\\Output\\ConsoleOutput))
#24 D:\\laragon\\www\\PPID-PKTJ\\vendor\\symfony\\console\\Application.php(171): Symfony\\Component\\Console\\Application->doRun(Object(Symfony\\Component\\Console\\Input\\ArgvInput), Object(Symfony\\Component\\Console\\Output\\ConsoleOutput))
#25 D:\\laragon\\www\\PPID-PKTJ\\vendor\\laravel\\framework\\src\\Illuminate\\Console\\Application.php(94): Symfony\\Component\\Console\\Application->run(Object(Symfony\\Component\\Console\\Input\\ArgvInput), Object(Symfony\\Component\\Console\\Output\\ConsoleOutput))
#26 D:\\laragon\\www\\PPID-PKTJ\\vendor\\laravel\\framework\\src\\Illuminate\\Foundation\\Console\\Kernel.php(129): Illuminate\\Console\\Application->run(Object(Symfony\\Component\\Console\\Input\\ArgvInput), Object(Symfony\\Component\\Console\\Output\\ConsoleOutput))
#27 D:\\laragon\\www\\PPID-PKTJ\\artisan(17): Illuminate\\Foundation\\Console\\Kernel->handle(Object(Symfony\\Component\\Console\\Input\\ArgvInput), Object(Symfony\\Component\\Console\\Output\\ConsoleOutput))
#28 {main}
"} 
[2026-09-09 04:53:02] laravel.WARNING: mb_strpos(): Passing null to parameter #1 ($haystack) of type string is deprecated in D:\laragon\www\PPID-PKTJ\vendor\laravel\framework\src\Illuminate\Support\Str.php on line 197  
[2026-09-09 04:53:02] laravel.EMERGENCY: Unable to create configured logger. Using emergency logger. {"exception":"[object] (InvalidArgumentException(code: 0): Log [deprecations] is not defined. at D:\\laragon\\www\\PPID-PKTJ\\vendor\\laravel\\framework\\src\\Illuminate\\Log\\LogManager.php:200)
[stacktrace]
#0 D:\\laragon\\www\\PPID-PKTJ\\vendor\\laravel\\framework\\src\\Illuminate\\Log\\LogManager.php(125): Illuminate\\Log\\LogManager->resolve('deprecations', NULL)
#1 D:\\laragon\\www\\PPID-PKTJ\\vendor\\laravel\\framework\\src\\Illuminate\\Log\\LogManager.php(112): Illuminate\\Log\\LogManager->get('deprecations')
#2 D:\\laragon\\www\\PPID-PKTJ\\vendor\\laravel\\framework\\src\\Illuminate\\Log\\LogManager.php(101): Illuminate\\Log\\LogManager->driver('deprecations')
#3 D:\\laragon\\www\\PPID-PKTJ\\vendor\\laravel\\framework\\src\\Illuminate\\Foundation\\Bootstrap\\HandleExceptions.php(104): Illuminate\\Log\\LogManager->channel('deprecations')
#4 D:\\laragon\\www\\PPID-PKTJ\\vendor\\laravel\\framework\\src\\Illuminate\\Foundation\\Bootstrap\\HandleExceptions.php(71): Illuminate\\Foundation\\Bootstrap\\HandleExceptions->handleDeprecation('mb_strpos(): Pa...', 'D:\\\\laragon\\\\www\\\\...', 197)
#5 [internal function]: Illuminate\\Foundation\\Bootstrap\\HandleExceptions->handleError(8192, 'mb_strpos(): Pa...', 'D:\\\\laragon\\\\www\\\\...', 197)
#6 D:\\laragon\\www\\PPID-PKTJ\\vendor\\laravel\\framework\\src\\Illuminate\\Support\\Str.php(197): mb_strpos(NULL, 'prosedur')
#7 D:\\laragon\\www\\PPID-PKTJ\\vendor\\laravel\\framework\\src\\Illuminate\\Foundation\\Console\\RouteListCommand.php(188): Illuminate\\Support\\Str::contains(NULL, 'prosedur')
#8 D:\\laragon\\www\\PPID-PKTJ\\vendor\\laravel\\framework\\src\\Illuminate\\Foundation\\Console\\RouteListCommand.php(113): Illuminate\\Foundation\\Console\\RouteListCommand->filterRoute(Array)
#9 D:\\laragon\\www\\PPID-PKTJ\\vendor\\laravel\\framework\\src\\Illuminate\\Foundation\\Console\\RouteListCommand.php(91): Illuminate\\Foundation\\Console\\RouteListCommand->getRouteInformation(Object(Illuminate\\Routing\\Route))
#10 [internal function]: Illuminate\\Foundation\\Console\\RouteListCommand->Illuminate\\Foundation\\Console\\{closure}(Object(Illuminate\\Routing\\Route), 13)
#11 D:\\laragon\\www\\PPID-PKTJ\\vendor\\laravel\\framework\\src\\Illuminate\\Collections\\Collection.php(695): array_map(Object(Closure), Array, Array)
#12 D:\\laragon\\www\\PPID-PKTJ\\vendor\\laravel\\framework\\src\\Illuminate\\Foundation\\Console\\RouteListCommand.php(90): Illuminate\\Support\\Collection->map(Object(Closure))
#13 D:\\laragon\\www\\PPID-PKTJ\\vendor\\laravel\\framework\\src\\Illuminate\\Foundation\\Console\\RouteListCommand.php(76): Illuminate\\Foundation\\Console\\RouteListCommand->getRoutes()
#14 D:\\laragon\\www\\PPID-PKTJ\\vendor\\laravel\\framework\\src\\Illuminate\\Container\\BoundMethod.php(36): Illuminate\\Foundation\\Console\\RouteListCommand->handle()
#15 D:\\laragon\\www\\PPID-PKTJ\\vendor\\laravel\\framework\\src\\Illuminate\\Container\\Util.php(40): Illuminate\\Container\\BoundMethod::Illuminate\\Container\\{closure}()
#16 D:\\laragon\\www\\PPID-PKTJ\\vendor\\laravel\\framework\\src\\Illuminate\\Container\\BoundMethod.php(93): Illuminate\\Container\\Util::unwrapIfClosure(Object(Closure))
#17 D:\\laragon\\www\\PPID-PKTJ\\vendor\\laravel\\framework\\src\\Illuminate\\Container\\BoundMethod.php(35): Illuminate\\Container\\BoundMethod::callBoundMethod(Object(Illuminate\\Foundation\\Application), Array, Object(Closure))
#18 D:\\laragon\\www\\PPID-PKTJ\\vendor\\laravel\\framework\\src\\Illuminate\\Container\\Container.php(653): Illuminate\\Container\\BoundMethod::call(Object(Illuminate\\Foundation\\Application), Array, Array, NULL)
#19 D:\\laragon\\www\\PPID-PKTJ\\vendor\\laravel\\framework\\src\\Illuminate\\Console\\Command.php(136): Illuminate\\Container\\Container->call(Array)
#20 D:\\laragon\\www\\PPID-PKTJ\\vendor\\symfony\\console\\Command\\Command.php(298): Illuminate\\Console\\Command->execute(Object(Symfony\\Component\\Console\\Input\\ArgvInput), Object(Illuminate\\Console\\OutputStyle))
#21 D:\\laragon\\www\\PPID-PKTJ\\vendor\\laravel\\framework\\src\\Illuminate\\Console\\Command.php(120): Symfony\\Component\\Console\\Command\\Command->run(Object(Symfony\\Component\\Console\\Input\\ArgvInput), Object(Illuminate\\Console\\OutputStyle))
#22 D:\\laragon\\www\\PPID-PKTJ\\vendor\\symfony\\console\\Application.php(1040): Illuminate\\Console\\Command->run(Object(Symfony\\Component\\Console\\Input\\ArgvInput), Object(Symfony\\Component\\Console\\Output\\ConsoleOutput))
#23 D:\\laragon\\www\\PPID-PKTJ\\vendor\\symfony\\console\\Application.php(301): Symfony\\Component\\Console\\Application->doRunCommand(Object(Illuminate\\Foundation\\Console\\RouteListCommand), Object(Symfony\\Component\\Console\\Input\\ArgvInput), Object(Symfony\\Component\\Console\\Output\\ConsoleOutput))
#24 D:\\laragon\\www\\PPID-PKTJ\\vendor\\symfony\\console\\Application.php(171): Symfony\\Component\\Console\\Application->doRun(Object(Symfony\\Component\\Console\\Input\\ArgvInput), Object(Symfony\\Component\\Console\\Output\\ConsoleOutput))
#25 D:\\laragon\\www\\PPID-PKTJ\\vendor\\laravel\\framework\\src\\Illuminate\\Console\\Application.php(94): Symfony\\Component\\Console\\Application->run(Object(Symfony\\Component\\Console\\Input\\ArgvInput), Object(Symfony\\Component\\Console\\Output\\ConsoleOutput))
#26 D:\\laragon\\www\\PPID-PKTJ\\vendor\\laravel\\framework\\src\\Illuminate\\Foundation\\Console\\Kernel.php(129): Illuminate\\Console\\Application->run(Object(Symfony\\Component\\Console\\Input\\ArgvInput), Object(Symfony\\Component\\Console\\Output\\ConsoleOutput))
#27 D:\\laragon\\www\\PPID-PKTJ\\artisan(17): Illuminate\\Foundation\\Console\\Kernel->handle(Object(Symfony\\Component\\Console\\Input\\ArgvInput), Object(Symfony\\Component\\Console\\Output\\ConsoleOutput))
#28 {main}
"} 
[2026-09-09 04:53:02] laravel.WARNING: mb_strpos(): Passing null to parameter #1 ($haystack) of type string is deprecated in D:\laragon\www\PPID-PKTJ\vendor\laravel\framework\src\Illuminate\Support\Str.php on line 197  
[2026-09-09 04:53:02] laravel.EMERGENCY: Unable to create configured logger. Using emergency logger. {"exception":"[object] (InvalidArgumentException(code: 0): Log [deprecations] is not defined. at D:\\laragon\\www\\PPID-PKTJ\\vendor\\laravel\\framework\\src\\Illuminate\\Log\\LogManager.php:200)
[stacktrace]
#0 D:\\laragon\\www\\PPID-PKTJ\\vendor\\laravel\\framework\\src\\Illuminate\\Log\\LogManager.php(125): Illuminate\\Log\\LogManager->resolve('deprecations', NULL)
#1 D:\\laragon\\www\\PPID-PKTJ\\vendor\\laravel\\framework\\src\\Illuminate\\Log\\LogManager.php(112): Illuminate\\Log\\LogManager->get('deprecations')
#2 D:\\laragon\\www\\PPID-PKTJ\\vendor\\laravel\\framework\\src\\Illuminate\\Log\\LogManager.php(101): Illuminate\\Log\\LogManager->driver('deprecations')
#3 D:\\laragon\\www\\PPID-PKTJ\\vendor\\laravel\\framework\\src\\Illuminate\\Foundation\\Bootstrap\\HandleExceptions.php(104): Illuminate\\Log\\LogManager->channel('deprecations')
#4 D:\\laragon\\www\\PPID-PKTJ\\vendor\\laravel\\framework\\src\\Illuminate\\Foundation\\Bootstrap\\HandleExceptions.php(71): Illuminate\\Foundation\\Bootstrap\\HandleExceptions->handleDeprecation('mb_strpos(): Pa...', 'D:\\\\laragon\\\\www\\\\...', 197)
#5 [internal function]: Illuminate\\Foundation\\Bootstrap\\HandleExceptions->handleError(8192, 'mb_strpos(): Pa...', 'D:\\\\laragon\\\\www\\\\...', 197)
#6 D:\\laragon\\www\\PPID-PKTJ\\vendor\\laravel\\framework\\src\\Illuminate\\Support\\Str.php(197): mb_strpos(NULL, 'prosedur')
#7 D:\\laragon\\www\\PPID-PKTJ\\vendor\\laravel\\framework\\src\\Illuminate\\Foundation\\Console\\RouteListCommand.php(188): Illuminate\\Support\\Str::contains(NULL, 'prosedur')
#8 D:\\laragon\\www\\PPID-PKTJ\\vendor\\laravel\\framework\\src\\Illuminate\\Foundation\\Console\\RouteListCommand.php(113): Illuminate\\Foundation\\Console\\RouteListCommand->filterRoute(Array)
#9 D:\\laragon\\www\\PPID-PKTJ\\vendor\\laravel\\framework\\src\\Illuminate\\Foundation\\Console\\RouteListCommand.php(91): Illuminate\\Foundation\\Console\\RouteListCommand->getRouteInformation(Object(Illuminate\\Routing\\Route))
#10 [internal function]: Illuminate\\Foundation\\Console\\RouteListCommand->Illuminate\\Foundation\\Console\\{closure}(Object(Illuminate\\Routing\\Route), 14)
#11 D:\\laragon\\www\\PPID-PKTJ\\vendor\\laravel\\framework\\src\\Illuminate\\Collections\\Collection.php(695): array_map(Object(Closure), Array, Array)
#12 D:\\laragon\\www\\PPID-PKTJ\\vendor\\laravel\\framework\\src\\Illuminate\\Foundation\\Console\\RouteListCommand.php(90): Illuminate\\Support\\Collection->map(Object(Closure))
#13 D:\\laragon\\www\\PPID-PKTJ\\vendor\\laravel\\framework\\src\\Illuminate\\Foundation\\Console\\RouteListCommand.php(76): Illuminate\\Foundation\\Console\\RouteListCommand->getRoutes()
#14 D:\\laragon\\www\\PPID-PKTJ\\vendor\\laravel\\framework\\src\\Illuminate\\Container\\BoundMethod.php(36): Illuminate\\Foundation\\Console\\RouteListCommand->handle()
#15 D:\\laragon\\www\\PPID-PKTJ\\vendor\\laravel\\framework\\src\\Illuminate\\Container\\Util.php(40): Illuminate\\Container\\BoundMethod::Illuminate\\Container\\{closure}()
#16 D:\\laragon\\www\\PPID-PKTJ\\vendor\\laravel\\framework\\src\\Illuminate\\Container\\BoundMethod.php(93): Illuminate\\Container\\Util::unwrapIfClosure(Object(Closure))
#17 D:\\laragon\\www\\PPID-PKTJ\\vendor\\laravel\\framework\\src\\Illuminate\\Container\\BoundMethod.php(35): Illuminate\\Container\\BoundMethod::callBoundMethod(Object(Illuminate\\Foundation\\Application), Array, Object(Closure))
#18 D:\\laragon\\www\\PPID-PKTJ\\vendor\\laravel\\framework\\src\\Illuminate\\Container\\Container.php(653): Illuminate\\Container\\BoundMethod::call(Object(Illuminate\\Foundation\\Application), Array, Array, NULL)
#19 D:\\laragon\\www\\PPID-PKTJ\\vendor\\laravel\\framework\\src\\Illuminate\\Console\\Command.php(136): Illuminate\\Container\\Container->call(Array)
#20 D:\\laragon\\www\\PPID-PKTJ\\vendor\\symfony\\console\\Command\\Command.php(298): Illuminate\\Console\\Command->execute(Object(Symfony\\Component\\Console\\Input\\ArgvInput), Object(Illuminate\\Console\\OutputStyle))
#21 D:\\laragon\\www\\PPID-PKTJ\\vendor\\laravel\\framework\\src\\Illuminate\\Console\\Command.php(120): Symfony\\Component\\Console\\Command\\Command->run(Object(Symfony\\Component\\Console\\Input\\ArgvInput), Object(Illuminate\\Console\\OutputStyle))
#22 D:\\laragon\\www\\PPID-PKTJ\\vendor\\symfony\\console\\Application.php(1040): Illuminate\\Console\\Command->run(Object(Symfony\\Component\\Console\\Input\\ArgvInput), Object(Symfony\\Component\\Console\\Output\\ConsoleOutput))
#23 D:\\laragon\\www\\PPID-PKTJ\\vendor\\symfony\\console\\Application.php(301): Symfony\\Component\\Console\\Application->doRunCommand(Object(Illuminate\\Foundation\\Console\\RouteListCommand), Object(Symfony\\Component\\Console\\Input\\ArgvInput), Object(Symfony\\Component\\Console\\Output\\ConsoleOutput))
#24 D:\\laragon\\www\\PPID-PKTJ\\vendor\\symfony\\console\\Application.php(171): Symfony\\Component\\Console\\Application->doRun(Object(Symfony\\Component\\Console\\Input\\ArgvInput), Object(Symfony\\Component\\Console\\Output\\ConsoleOutput))
#25 D:\\laragon\\www\\PPID-PKTJ\\vendor\\laravel\\framework\\src\\Illuminate\\Console\\Application.php(94): Symfony\\Component\\Console\\Application->run(Object(Symfony\\Component\\Console\\Input\\ArgvInput), Object(Symfony\\Component\\Console\\Output\\ConsoleOutput))
#26 D:\\laragon\\www\\PPID-PKTJ\\vendor\\laravel\\framework\\src\\Illuminate\\Foundation\\Console\\Kernel.php(129): Illuminate\\Console\\Application->run(Object(Symfony\\Component\\Console\\Input\\ArgvInput), Object(Symfony\\Component\\Console\\Output\\ConsoleOutput))
#27 D:\\laragon\\www\\PPID-PKTJ\\artisan(17): Illuminate\\Foundation\\Console\\Kernel->handle(Object(Symfony\\Component\\Console\\Input\\ArgvInput), Object(Symfony\\Component\\Console\\Output\\ConsoleOutput))
#28 {main}
"} 
[2026-09-09 04:53:02] laravel.WARNING: mb_strpos(): Passing null to parameter #1 ($haystack) of type string is deprecated in D:\laragon\www\PPID-PKTJ\vendor\laravel\framework\src\Illuminate\Support\Str.php on line 197  
[2026-09-09 04:53:02] laravel.EMERGENCY: Unable to create configured logger. Using emergency logger. {"exception":"[object] (InvalidArgumentException(code: 0): Log [deprecations] is not defined. at D:\\laragon\\www\\PPID-PKTJ\\vendor\\laravel\\framework\\src\\Illuminate\\Log\\LogManager.php:200)
[stacktrace]
#0 D:\\laragon\\www\\PPID-PKTJ\\vendor\\laravel\\framework\\src\\Illuminate\\Log\\LogManager.php(125): Illuminate\\Log\\LogManager->resolve('deprecations', NULL)
#1 D:\\laragon\\www\\PPID-PKTJ\\vendor\\laravel\\framework\\src\\Illuminate\\Log\\LogManager.php(112): Illuminate\\Log\\LogManager->get('deprecations')
#2 D:\\laragon\\www\\PPID-PKTJ\\vendor\\laravel\\framework\\src\\Illuminate\\Log\\LogManager.php(101): Illuminate\\Log\\LogManager->driver('deprecations')
#3 D:\\laragon\\www\\PPID-PKTJ\\vendor\\laravel\\framework\\src\\Illuminate\\Foundation\\Bootstrap\\HandleExceptions.php(104): Illuminate\\Log\\LogManager->channel('deprecations')
#4 D:\\laragon\\www\\PPID-PKTJ\\vendor\\laravel\\framework\\src\\Illuminate\\Foundation\\Bootstrap\\HandleExceptions.php(71): Illuminate\\Foundation\\Bootstrap\\HandleExceptions->handleDeprecation('mb_strpos(): Pa...', 'D:\\\\laragon\\\\www\\\\...', 197)
#5 [internal function]: Illuminate\\Foundation\\Bootstrap\\HandleExceptions->handleError(8192, 'mb_strpos(): Pa...', 'D:\\\\laragon\\\\www\\\\...', 197)
#6 D:\\laragon\\www\\PPID-PKTJ\\vendor\\laravel\\framework\\src\\Illuminate\\Support\\Str.php(197): mb_strpos(NULL, 'prosedur')
#7 D:\\laragon\\www\\PPID-PKTJ\\vendor\\laravel\\framework\\src\\Illuminate\\Foundation\\Console\\RouteListCommand.php(188): Illuminate\\Support\\Str::contains(NULL, 'prosedur')
#8 D:\\laragon\\www\\PPID-PKTJ\\vendor\\laravel\\framework\\src\\Illuminate\\Foundation\\Console\\RouteListCommand.php(113): Illuminate\\Foundation\\Console\\RouteListCommand->filterRoute(Array)
#9 D:\\laragon\\www\\PPID-PKTJ\\vendor\\laravel\\framework\\src\\Illuminate\\Foundation\\Console\\RouteListCommand.php(91): Illuminate\\Foundation\\Console\\RouteListCommand->getRouteInformation(Object(Illuminate\\Routing\\Route))
#10 [internal function]: Illuminate\\Foundation\\Console\\RouteListCommand->Illuminate\\Foundation\\Console\\{closure}(Object(Illuminate\\Routing\\Route), 15)
#11 D:\\laragon\\www\\PPID-PKTJ\\vendor\\laravel\\framework\\src\\Illuminate\\Collections\\Collection.php(695): array_map(Object(Closure), Array, Array)
#12 D:\\laragon\\www\\PPID-PKTJ\\vendor\\laravel\\framework\\src\\Illuminate\\Foundation\\Console\\RouteListCommand.php(90): Illuminate\\Support\\Collection->map(Object(Closure))
#13 D:\\laragon\\www\\PPID-PKTJ\\vendor\\laravel\\framework\\src\\Illuminate\\Foundation\\Console\\RouteListCommand.php(76): Illuminate\\Foundation\\Console\\RouteListCommand->getRoutes()
#14 D:\\laragon\\www\\PPID-PKTJ\\vendor\\laravel\\framework\\src\\Illuminate\\Container\\BoundMethod.php(36): Illuminate\\Foundation\\Console\\RouteListCommand->handle()
#15 D:\\laragon\\www\\PPID-PKTJ\\vendor\\laravel\\framework\\src\\Illuminate\\Container\\Util.php(40): Illuminate\\Container\\BoundMethod::Illuminate\\Container\\{closure}()
#16 D:\\laragon\\www\\PPID-PKTJ\\vendor\\laravel\\framework\\src\\Illuminate\\Container\\BoundMethod.php(93): Illuminate\\Container\\Util::unwrapIfClosure(Object(Closure))
#17 D:\\laragon\\www\\PPID-PKTJ\\vendor\\laravel\\framework\\src\\Illuminate\\Container\\BoundMethod.php(35): Illuminate\\Container\\BoundMethod::callBoundMethod(Object(Illuminate\\Foundation\\Application), Array, Object(Closure))
#18 D:\\laragon\\www\\PPID-PKTJ\\vendor\\laravel\\framework\\src\\Illuminate\\Container\\Container.php(653): Illuminate\\Container\\BoundMethod::call(Object(Illuminate\\Foundation\\Application), Array, Array, NULL)
#19 D:\\laragon\\www\\PPID-PKTJ\\vendor\\laravel\\framework\\src\\Illuminate\\Console\\Command.php(136): Illuminate\\Container\\Container->call(Array)
#20 D:\\laragon\\www\\PPID-PKTJ\\vendor\\symfony\\console\\Command\\Command.php(298): Illuminate\\Console\\Command->execute(Object(Symfony\\Component\\Console\\Input\\ArgvInput), Object(Illuminate\\Console\\OutputStyle))
#21 D:\\laragon\\www\\PPID-PKTJ\\vendor\\laravel\\framework\\src\\Illuminate\\Console\\Command.php(120): Symfony\\Component\\Console\\Command\\Command->run(Object(Symfony\\Component\\Console\\Input\\ArgvInput), Object(Illuminate\\Console\\OutputStyle))
#22 D:\\laragon\\www\\PPID-PKTJ\\vendor\\symfony\\console\\Application.php(1040): Illuminate\\Console\\Command->run(Object(Symfony\\Component\\Console\\Input\\ArgvInput), Object(Symfony\\Component\\Console\\Output\\ConsoleOutput))
#23 D:\\laragon\\www\\PPID-PKTJ\\vendor\\symfony\\console\\Application.php(301): Symfony\\Component\\Console\\Application->doRunCommand(Object(Illuminate\\Foundation\\Console\\RouteListCommand), Object(Symfony\\Component\\Console\\Input\\ArgvInput), Object(Symfony\\Component\\Console\\Output\\ConsoleOutput))
#24 D:\\laragon\\www\\PPID-PKTJ\\vendor\\symfony\\console\\Application.php(171): Symfony\\Component\\Console\\Application->doRun(Object(Symfony\\Component\\Console\\Input\\ArgvInput), Object(Symfony\\Component\\Console\\Output\\ConsoleOutput))
#25 D:\\laragon\\www\\PPID-PKTJ\\vendor\\laravel\\framework\\src\\Illuminate\\Console\\Application.php(94): Symfony\\Component\\Console\\Application->run(Object(Symfony\\Component\\Console\\Input\\ArgvInput), Object(Symfony\\Component\\Console\\Output\\ConsoleOutput))
#26 D:\\laragon\\www\\PPID-PKTJ\\vendor\\laravel\\framework\\src\\Illuminate\\Foundation\\Console\\Kernel.php(129): Illuminate\\Console\\Application->run(Object(Symfony\\Component\\Console\\Input\\ArgvInput), Object(Symfony\\Component\\Console\\Output\\ConsoleOutput))
#27 D:\\laragon\\www\\PPID-PKTJ\\artisan(17): Illuminate\\Foundation\\Console\\Kernel->handle(Object(Symfony\\Component\\Console\\Input\\ArgvInput), Object(Symfony\\Component\\Console\\Output\\ConsoleOutput))
#28 {main}
"} 
[2026-09-09 04:53:02] laravel.WARNING: mb_strpos(): Passing null to parameter #1 ($haystack) of type string is deprecated in D:\laragon\www\PPID-PKTJ\vendor\laravel\framework\src\Illuminate\Support\Str.php on line 197  
[2026-09-09 04:53:02] laravel.EMERGENCY: Unable to create configured logger. Using emergency logger. {"exception":"[object] (InvalidArgumentException(code: 0): Log [deprecations] is not defined. at D:\\laragon\\www\\PPID-PKTJ\\vendor\\laravel\\framework\\src\\Illuminate\\Log\\LogManager.php:200)
[stacktrace]
#0 D:\\laragon\\www\\PPID-PKTJ\\vendor\\laravel\\framework\\src\\Illuminate\\Log\\LogManager.php(125): Illuminate\\Log\\LogManager->resolve('deprecations', NULL)
#1 D:\\laragon\\www\\PPID-PKTJ\\vendor\\laravel\\framework\\src\\Illuminate\\Log\\LogManager.php(112): Illuminate\\Log\\LogManager->get('deprecations')
#2 D:\\laragon\\www\\PPID-PKTJ\\vendor\\laravel\\framework\\src\\Illuminate\\Log\\LogManager.php(101): Illuminate\\Log\\LogManager->driver('deprecations')
#3 D:\\laragon\\www\\PPID-PKTJ\\vendor\\laravel\\framework\\src\\Illuminate\\Foundation\\Bootstrap\\HandleExceptions.php(104): Illuminate\\Log\\LogManager->channel('deprecations')
#4 D:\\laragon\\www\\PPID-PKTJ\\vendor\\laravel\\framework\\src\\Illuminate\\Foundation\\Bootstrap\\HandleExceptions.php(71): Illuminate\\Foundation\\Bootstrap\\HandleExceptions->handleDeprecation('mb_strpos(): Pa...', 'D:\\\\laragon\\\\www\\\\...', 197)
#5 [internal function]: Illuminate\\Foundation\\Bootstrap\\HandleExceptions->handleError(8192, 'mb_strpos(): Pa...', 'D:\\\\laragon\\\\www\\\\...', 197)
#6 D:\\laragon\\www\\PPID-PKTJ\\vendor\\laravel\\framework\\src\\Illuminate\\Support\\Str.php(197): mb_strpos(NULL, 'prosedur')
#7 D:\\laragon\\www\\PPID-PKTJ\\vendor\\laravel\\framework\\src\\Illuminate\\Foundation\\Console\\RouteListCommand.php(188): Illuminate\\Support\\Str::contains(NULL, 'prosedur')
#8 D:\\laragon\\www\\PPID-PKTJ\\vendor\\laravel\\framework\\src\\Illuminate\\Foundation\\Console\\RouteListCommand.php(113): Illuminate\\Foundation\\Console\\RouteListCommand->filterRoute(Array)
#9 D:\\laragon\\www\\PPID-PKTJ\\vendor\\laravel\\framework\\src\\Illuminate\\Foundation\\Console\\RouteListCommand.php(91): Illuminate\\Foundation\\Console\\RouteListCommand->getRouteInformation(Object(Illuminate\\Routing\\Route))
#10 [internal function]: Illuminate\\Foundation\\Console\\RouteListCommand->Illuminate\\Foundation\\Console\\{closure}(Object(Illuminate\\Routing\\Route), 16)
#11 D:\\laragon\\www\\PPID-PKTJ\\vendor\\laravel\\framework\\src\\Illuminate\\Collections\\Collection.php(695): array_map(Object(Closure), Array, Array)
#12 D:\\laragon\\www\\PPID-PKTJ\\vendor\\laravel\\framework\\src\\Illuminate\\Foundation\\Console\\RouteListCommand.php(90): Illuminate\\Support\\Collection->map(Object(Closure))
#13 D:\\laragon\\www\\PPID-PKTJ\\vendor\\laravel\\framework\\src\\Illuminate\\Foundation\\Console\\RouteListCommand.php(76): Illuminate\\Foundation\\Console\\RouteListCommand->getRoutes()
#14 D:\\laragon\\www\\PPID-PKTJ\\vendor\\laravel\\framework\\src\\Illuminate\\Container\\BoundMethod.php(36): Illuminate\\Foundation\\Console\\RouteListCommand->handle()
#15 D:\\laragon\\www\\PPID-PKTJ\\vendor\\laravel\\framework\\src\\Illuminate\\Container\\Util.php(40): Illuminate\\Container\\BoundMethod::Illuminate\\Container\\{closure}()
#16 D:\\laragon\\www\\PPID-PKTJ\\vendor\\laravel\\framework\\src\\Illuminate\\Container\\BoundMethod.php(93): Illuminate\\Container\\Util::unwrapIfClosure(Object(Closure))
#17 D:\\laragon\\www\\PPID-PKTJ\\vendor\\laravel\\framework\\src\\Illuminate\\Container\\BoundMethod.php(35): Illuminate\\Container\\BoundMethod::callBoundMethod(Object(Illuminate\\Foundation\\Application), Array, Object(Closure))
#18 D:\\laragon\\www\\PPID-PKTJ\\vendor\\laravel\\framework\\src\\Illuminate\\Container\\Container.php(653): Illuminate\\Container\\BoundMethod::call(Object(Illuminate\\Foundation\\Application), Array, Array, NULL)
#19 D:\\laragon\\www\\PPID-PKTJ\\vendor\\laravel\\framework\\src\\Illuminate\\Console\\Command.php(136): Illuminate\\Container\\Container->call(Array)
#20 D:\\laragon\\www\\PPID-PKTJ\\vendor\\symfony\\console\\Command\\Command.php(298): Illuminate\\Console\\Command->execute(Object(Symfony\\Component\\Console\\Input\\ArgvInput), Object(Illuminate\\Console\\OutputStyle))
#21 D:\\laragon\\www\\PPID-PKTJ\\vendor\\laravel\\framework\\src\\Illuminate\\Console\\Command.php(120): Symfony\\Component\\Console\\Command\\Command->run(Object(Symfony\\Component\\Console\\Input\\ArgvInput), Object(Illuminate\\Console\\OutputStyle))
#22 D:\\laragon\\www\\PPID-PKTJ\\vendor\\symfony\\console\\Application.php(1040): Illuminate\\Console\\Command->run(Object(Symfony\\Component\\Console\\Input\\ArgvInput), Object(Symfony\\Component\\Console\\Output\\ConsoleOutput))
#23 D:\\laragon\\www\\PPID-PKTJ\\vendor\\symfony\\console\\Application.php(301): Symfony\\Component\\Console\\Application->doRunCommand(Object(Illuminate\\Foundation\\Console\\RouteListCommand), Object(Symfony\\Component\\Console\\Input\\ArgvInput), Object(Symfony\\Component\\Console\\Output\\ConsoleOutput))
#24 D:\\laragon\\www\\PPID-PKTJ\\vendor\\symfony\\console\\Application.php(171): Symfony\\Component\\Console\\Application->doRun(Object(Symfony\\Component\\Console\\Input\\ArgvInput), Object(Symfony\\Component\\Console\\Output\\ConsoleOutput))
#25 D:\\laragon\\www\\PPID-PKTJ\\vendor\\laravel\\framework\\src\\Illuminate\\Console\\Application.php(94): Symfony\\Component\\Console\\Application->run(Object(Symfony\\Component\\Console\\Input\\ArgvInput), Object(Symfony\\Component\\Console\\Output\\ConsoleOutput))
#26 D:\\laragon\\www\\PPID-PKTJ\\vendor\\laravel\\framework\\src\\Illuminate\\Foundation\\Console\\Kernel.php(129): Illuminate\\Console\\Application->run(Object(Symfony\\Component\\Console\\Input\\ArgvInput), Object(Symfony\\Component\\Console\\Output\\ConsoleOutput))
#27 D:\\laragon\\www\\PPID-PKTJ\\artisan(17): Illuminate\\Foundation\\Console\\Kernel->handle(Object(Symfony\\Component\\Console\\Input\\ArgvInput), Object(Symfony\\Component\\Console\\Output\\ConsoleOutput))
#28 {main}
"} 
[2026-09-09 04:53:02] laravel.WARNING: mb_strpos(): Passing null to parameter #1 ($haystack) of type string is deprecated in D:\laragon\www\PPID-PKTJ\vendor\laravel\framework\src\Illuminate\Support\Str.php on line 197  
[2026-09-09 04:53:02] laravel.EMERGENCY: Unable to create configured logger. Using emergency logger. {"exception":"[object] (InvalidArgumentException(code: 0): Log [deprecations] is not defined. at D:\\laragon\\www\\PPID-PKTJ\\vendor\\laravel\\framework\\src\\Illuminate\\Log\\LogManager.php:200)
[stacktrace]
#0 D:\\laragon\\www\\PPID-PKTJ\\vendor\\laravel\\framework\\src\\Illuminate\\Log\\LogManager.php(125): Illuminate\\Log\\LogManager->resolve('deprecations', NULL)
#1 D:\\laragon\\www\\PPID-PKTJ\\vendor\\laravel\\framework\\src\\Illuminate\\Log\\LogManager.php(112): Illuminate\\Log\\LogManager->get('deprecations')
#2 D:\\laragon\\www\\PPID-PKTJ\\vendor\\laravel\\framework\\src\\Illuminate\\Log\\LogManager.php(101): Illuminate\\Log\\LogManager->driver('deprecations')
#3 D:\\laragon\\www\\PPID-PKTJ\\vendor\\laravel\\framework\\src\\Illuminate\\Foundation\\Bootstrap\\HandleExceptions.php(104): Illuminate\\Log\\LogManager->channel('deprecations')
#4 D:\\laragon\\www\\PPID-PKTJ\\vendor\\laravel\\framework\\src\\Illuminate\\Foundation\\Bootstrap\\HandleExceptions.php(71): Illuminate\\Foundation\\Bootstrap\\HandleExceptions->handleDeprecation('mb_strpos(): Pa...', 'D:\\\\laragon\\\\www\\\\...', 197)
#5 [internal function]: Illuminate\\Foundation\\Bootstrap\\HandleExceptions->handleError(8192, 'mb_strpos(): Pa...', 'D:\\\\laragon\\\\www\\\\...', 197)
#6 D:\\laragon\\www\\PPID-PKTJ\\vendor\\laravel\\framework\\src\\Illuminate\\Support\\Str.php(197): mb_strpos(NULL, 'prosedur')
#7 D:\\laragon\\www\\PPID-PKTJ\\vendor\\laravel\\framework\\src\\Illuminate\\Foundation\\Console\\RouteListCommand.php(188): Illuminate\\Support\\Str::contains(NULL, 'prosedur')
#8 D:\\laragon\\www\\PPID-PKTJ\\vendor\\laravel\\framework\\src\\Illuminate\\Foundation\\Console\\RouteListCommand.php(113): Illuminate\\Foundation\\Console\\RouteListCommand->filterRoute(Array)
#9 D:\\laragon\\www\\PPID-PKTJ\\vendor\\laravel\\framework\\src\\Illuminate\\Foundation\\Console\\RouteListCommand.php(91): Illuminate\\Foundation\\Console\\RouteListCommand->getRouteInformation(Object(Illuminate\\Routing\\Route))
#10 [internal function]: Illuminate\\Foundation\\Console\\RouteListCommand->Illuminate\\Foundation\\Console\\{closure}(Object(Illuminate\\Routing\\Route), 17)
#11 D:\\laragon\\www\\PPID-PKTJ\\vendor\\laravel\\framework\\src\\Illuminate\\Collections\\Collection.php(695): array_map(Object(Closure), Array, Array)
#12 D:\\laragon\\www\\PPID-PKTJ\\vendor\\laravel\\framework\\src\\Illuminate\\Foundation\\Console\\RouteListCommand.php(90): Illuminate\\Support\\Collection->map(Object(Closure))
#13 D:\\laragon\\www\\PPID-PKTJ\\vendor\\laravel\\framework\\src\\Illuminate\\Foundation\\Console\\RouteListCommand.php(76): Illuminate\\Foundation\\Console\\RouteListCommand->getRoutes()
#14 D:\\laragon\\www\\PPID-PKTJ\\vendor\\laravel\\framework\\src\\Illuminate\\Container\\BoundMethod.php(36): Illuminate\\Foundation\\Console\\RouteListCommand->handle()
#15 D:\\laragon\\www\\PPID-PKTJ\\vendor\\laravel\\framework\\src\\Illuminate\\Container\\Util.php(40): Illuminate\\Container\\BoundMethod::Illuminate\\Container\\{closure}()
#16 D:\\laragon\\www\\PPID-PKTJ\\vendor\\laravel\\framework\\src\\Illuminate\\Container\\BoundMethod.php(93): Illuminate\\Container\\Util::unwrapIfClosure(Object(Closure))
#17 D:\\laragon\\www\\PPID-PKTJ\\vendor\\laravel\\framework\\src\\Illuminate\\Container\\BoundMethod.php(35): Illuminate\\Container\\BoundMethod::callBoundMethod(Object(Illuminate\\Foundation\\Application), Array, Object(Closure))
#18 D:\\laragon\\www\\PPID-PKTJ\\vendor\\laravel\\framework\\src\\Illuminate\\Container\\Container.php(653): Illuminate\\Container\\BoundMethod::call(Object(Illuminate\\Foundation\\Application), Array, Array, NULL)
#19 D:\\laragon\\www\\PPID-PKTJ\\vendor\\laravel\\framework\\src\\Illuminate\\Console\\Command.php(136): Illuminate\\Container\\Container->call(Array)
#20 D:\\laragon\\www\\PPID-PKTJ\\vendor\\symfony\\console\\Command\\Command.php(298): Illuminate\\Console\\Command->execute(Object(Symfony\\Component\\Console\\Input\\ArgvInput), Object(Illuminate\\Console\\OutputStyle))
#21 D:\\laragon\\www\\PPID-PKTJ\\vendor\\laravel\\framework\\src\\Illuminate\\Console\\Command.php(120): Symfony\\Component\\Console\\Command\\Command->run(Object(Symfony\\Component\\Console\\Input\\ArgvInput), Object(Illuminate\\Console\\OutputStyle))
#22 D:\\laragon\\www\\PPID-PKTJ\\vendor\\symfony\\console\\Application.php(1040): Illuminate\\Console\\Command->run(Object(Symfony\\Component\\Console\\Input\\ArgvInput), Object(Symfony\\Component\\Console\\Output\\ConsoleOutput))
#23 D:\\laragon\\www\\PPID-PKTJ\\vendor\\symfony\\console\\Application.php(301): Symfony\\Component\\Console\\Application->doRunCommand(Object(Illuminate\\Foundation\\Console\\RouteListCommand), Object(Symfony\\Component\\Console\\Input\\ArgvInput), Object(Symfony\\Component\\Console\\Output\\ConsoleOutput))
#24 D:\\laragon\\www\\PPID-PKTJ\\vendor\\symfony\\console\\Application.php(171): Symfony\\Component\\Console\\Application->doRun(Object(Symfony\\Component\\Console\\Input\\ArgvInput), Object(Symfony\\Component\\Console\\Output\\ConsoleOutput))
#25 D:\\laragon\\www\\PPID-PKTJ\\vendor\\laravel\\framework\\src\\Illuminate\\Console\\Application.php(94): Symfony\\Component\\Console\\Application->run(Object(Symfony\\Component\\Console\\Input\\ArgvInput), Object(Symfony\\Component\\Console\\Output\\ConsoleOutput))
#26 D:\\laragon\\www\\PPID-PKTJ\\vendor\\laravel\\framework\\src\\Illuminate\\Foundation\\Console\\Kernel.php(129): Illuminate\\Console\\Application->run(Object(Symfony\\Component\\Console\\Input\\ArgvInput), Object(Symfony\\Component\\Console\\Output\\ConsoleOutput))
#27 D:\\laragon\\www\\PPID-PKTJ\\artisan(17): Illuminate\\Foundation\\Console\\Kernel->handle(Object(Symfony\\Component\\Console\\Input\\ArgvInput), Object(Symfony\\Component\\Console\\Output\\ConsoleOutput))
#28 {main}
"} 
[2026-09-09 04:53:02] laravel.WARNING: mb_strpos(): Passing null to parameter #1 ($haystack) of type string is deprecated in D:\laragon\www\PPID-PKTJ\vendor\laravel\framework\src\Illuminate\Support\Str.php on line 197  
[2026-09-09 04:53:02] laravel.EMERGENCY: Unable to create configured logger. Using emergency logger. {"exception":"[object] (InvalidArgumentException(code: 0): Log [deprecations] is not defined. at D:\\laragon\\www\\PPID-PKTJ\\vendor\\laravel\\framework\\src\\Illuminate\\Log\\LogManager.php:200)
[stacktrace]
#0 D:\\laragon\\www\\PPID-PKTJ\\vendor\\laravel\\framework\\src\\Illuminate\\Log\\LogManager.php(125): Illuminate\\Log\\LogManager->resolve('deprecations', NULL)
#1 D:\\laragon\\www\\PPID-PKTJ\\vendor\\laravel\\framework\\src\\Illuminate\\Log\\LogManager.php(112): Illuminate\\Log\\LogManager->get('deprecations')
#2 D:\\laragon\\www\\PPID-PKTJ\\vendor\\laravel\\framework\\src\\Illuminate\\Log\\LogManager.php(101): Illuminate\\Log\\LogManager->driver('deprecations')
#3 D:\\laragon\\www\\PPID-PKTJ\\vendor\\laravel\\framework\\src\\Illuminate\\Foundation\\Bootstrap\\HandleExceptions.php(104): Illuminate\\Log\\LogManager->channel('deprecations')
#4 D:\\laragon\\www\\PPID-PKTJ\\vendor\\laravel\\framework\\src\\Illuminate\\Foundation\\Bootstrap\\HandleExceptions.php(71): Illuminate\\Foundation\\Bootstrap\\HandleExceptions->handleDeprecation('mb_strpos(): Pa...', 'D:\\\\laragon\\\\www\\\\...', 197)
#5 [internal function]: Illuminate\\Foundation\\Bootstrap\\HandleExceptions->handleError(8192, 'mb_strpos(): Pa...', 'D:\\\\laragon\\\\www\\\\...', 197)
#6 D:\\laragon\\www\\PPID-PKTJ\\vendor\\laravel\\framework\\src\\Illuminate\\Support\\Str.php(197): mb_strpos(NULL, 'prosedur')
#7 D:\\laragon\\www\\PPID-PKTJ\\vendor\\laravel\\framework\\src\\Illuminate\\Foundation\\Console\\RouteListCommand.php(188): Illuminate\\Support\\Str::contains(NULL, 'prosedur')
#8 D:\\laragon\\www\\PPID-PKTJ\\vendor\\laravel\\framework\\src\\Illuminate\\Foundation\\Console\\RouteListCommand.php(113): Illuminate\\Foundation\\Console\\RouteListCommand->filterRoute(Array)
#9 D:\\laragon\\www\\PPID-PKTJ\\vendor\\laravel\\framework\\src\\Illuminate\\Foundation\\Console\\RouteListCommand.php(91): Illuminate\\Foundation\\Console\\RouteListCommand->getRouteInformation(Object(Illuminate\\Routing\\Route))
#10 [internal function]: Illuminate\\Foundation\\Console\\RouteListCommand->Illuminate\\Foundation\\Console\\{closure}(Object(Illuminate\\Routing\\Route), 18)
#11 D:\\laragon\\www\\PPID-PKTJ\\vendor\\laravel\\framework\\src\\Illuminate\\Collections\\Collection.php(695): array_map(Object(Closure), Array, Array)
#12 D:\\laragon\\www\\PPID-PKTJ\\vendor\\laravel\\framework\\src\\Illuminate\\Foundation\\Console\\RouteListCommand.php(90): Illuminate\\Support\\Collection->map(Object(Closure))
#13 D:\\laragon\\www\\PPID-PKTJ\\vendor\\laravel\\framework\\src\\Illuminate\\Foundation\\Console\\RouteListCommand.php(76): Illuminate\\Foundation\\Console\\RouteListCommand->getRoutes()
#14 D:\\laragon\\www\\PPID-PKTJ\\vendor\\laravel\\framework\\src\\Illuminate\\Container\\BoundMethod.php(36): Illuminate\\Foundation\\Console\\RouteListCommand->handle()
#15 D:\\laragon\\www\\PPID-PKTJ\\vendor\\laravel\\framework\\src\\Illuminate\\Container\\Util.php(40): Illuminate\\Container\\BoundMethod::Illuminate\\Container\\{closure}()
#16 D:\\laragon\\www\\PPID-PKTJ\\vendor\\laravel\\framework\\src\\Illuminate\\Container\\BoundMethod.php(93): Illuminate\\Container\\Util::unwrapIfClosure(Object(Closure))
#17 D:\\laragon\\www\\PPID-PKTJ\\vendor\\laravel\\framework\\src\\Illuminate\\Container\\BoundMethod.php(35): Illuminate\\Container\\BoundMethod::callBoundMethod(Object(Illuminate\\Foundation\\Application), Array, Object(Closure))
#18 D:\\laragon\\www\\PPID-PKTJ\\vendor\\laravel\\framework\\src\\Illuminate\\Container\\Container.php(653): Illuminate\\Container\\BoundMethod::call(Object(Illuminate\\Foundation\\Application), Array, Array, NULL)
#19 D:\\laragon\\www\\PPID-PKTJ\\vendor\\laravel\\framework\\src\\Illuminate\\Console\\Command.php(136): Illuminate\\Container\\Container->call(Array)
#20 D:\\laragon\\www\\PPID-PKTJ\\vendor\\symfony\\console\\Command\\Command.php(298): Illuminate\\Console\\Command->execute(Object(Symfony\\Component\\Console\\Input\\ArgvInput), Object(Illuminate\\Console\\OutputStyle))
#21 D:\\laragon\\www\\PPID-PKTJ\\vendor\\laravel\\framework\\src\\Illuminate\\Console\\Command.php(120): Symfony\\Component\\Console\\Command\\Command->run(Object(Symfony\\Component\\Console\\Input\\ArgvInput), Object(Illuminate\\Console\\OutputStyle))
#22 D:\\laragon\\www\\PPID-PKTJ\\vendor\\symfony\\console\\Application.php(1040): Illuminate\\Console\\Command->run(Object(Symfony\\Component\\Console\\Input\\ArgvInput), Object(Symfony\\Component\\Console\\Output\\ConsoleOutput))
#23 D:\\laragon\\www\\PPID-PKTJ\\vendor\\symfony\\console\\Application.php(301): Symfony\\Component\\Console\\Application->doRunCommand(Object(Illuminate\\Foundation\\Console\\RouteListCommand), Object(Symfony\\Component\\Console\\Input\\ArgvInput), Object(Symfony\\Component\\Console\\Output\\ConsoleOutput))
#24 D:\\laragon\\www\\PPID-PKTJ\\vendor\\symfony\\console\\Application.php(171): Symfony\\Component\\Console\\Application->doRun(Object(Symfony\\Component\\Console\\Input\\ArgvInput), Object(Symfony\\Component\\Console\\Output\\ConsoleOutput))
#25 D:\\laragon\\www\\PPID-PKTJ\\vendor\\laravel\\framework\\src\\Illuminate\\Console\\Application.php(94): Symfony\\Component\\Console\\Application->run(Object(Symfony\\Component\\Console\\Input\\ArgvInput), Object(Symfony\\Component\\Console\\Output\\ConsoleOutput))
#26 D:\\laragon\\www\\PPID-PKTJ\\vendor\\laravel\\framework\\src\\Illuminate\\Foundation\\Console\\Kernel.php(129): Illuminate\\Console\\Application->run(Object(Symfony\\Component\\Console\\Input\\ArgvInput), Object(Symfony\\Component\\Console\\Output\\ConsoleOutput))
#27 D:\\laragon\\www\\PPID-PKTJ\\artisan(17): Illuminate\\Foundation\\Console\\Kernel->handle(Object(Symfony\\Component\\Console\\Input\\ArgvInput), Object(Symfony\\Component\\Console\\Output\\ConsoleOutput))
#28 {main}
"} 
[2026-09-09 04:53:02] laravel.WARNING: mb_strpos(): Passing null to parameter #1 ($haystack) of type string is deprecated in D:\laragon\www\PPID-PKTJ\vendor\laravel\framework\src\Illuminate\Support\Str.php on line 197  
[2026-09-09 04:53:02] laravel.EMERGENCY: Unable to create configured logger. Using emergency logger. {"exception":"[object] (InvalidArgumentException(code: 0): Log [deprecations] is not defined. at D:\\laragon\\www\\PPID-PKTJ\\vendor\\laravel\\framework\\src\\Illuminate\\Log\\LogManager.php:200)
[stacktrace]
#0 D:\\laragon\\www\\PPID-PKTJ\\vendor\\laravel\\framework\\src\\Illuminate\\Log\\LogManager.php(125): Illuminate\\Log\\LogManager->resolve('deprecations', NULL)
#1 D:\\laragon\\www\\PPID-PKTJ\\vendor\\laravel\\framework\\src\\Illuminate\\Log\\LogManager.php(112): Illuminate\\Log\\LogManager->get('deprecations')
#2 D:\\laragon\\www\\PPID-PKTJ\\vendor\\laravel\\framework\\src\\Illuminate\\Log\\LogManager.php(101): Illuminate\\Log\\LogManager->driver('deprecations')
#3 D:\\laragon\\www\\PPID-PKTJ\\vendor\\laravel\\framework\\src\\Illuminate\\Foundation\\Bootstrap\\HandleExceptions.php(104): Illuminate\\Log\\LogManager->channel('deprecations')
#4 D:\\laragon\\www\\PPID-PKTJ\\vendor\\laravel\\framework\\src\\Illuminate\\Foundation\\Bootstrap\\HandleExceptions.php(71): Illuminate\\Foundation\\Bootstrap\\HandleExceptions->handleDeprecation('mb_strpos(): Pa...', 'D:\\\\laragon\\\\www\\\\...', 197)
#5 [internal function]: Illuminate\\Foundation\\Bootstrap\\HandleExceptions->handleError(8192, 'mb_strpos(): Pa...', 'D:\\\\laragon\\\\www\\\\...', 197)
#6 D:\\laragon\\www\\PPID-PKTJ\\vendor\\laravel\\framework\\src\\Illuminate\\Support\\Str.php(197): mb_strpos(NULL, 'prosedur')
#7 D:\\laragon\\www\\PPID-PKTJ\\vendor\\laravel\\framework\\src\\Illuminate\\Foundation\\Console\\RouteListCommand.php(188): Illuminate\\Support\\Str::contains(NULL, 'prosedur')
#8 D:\\laragon\\www\\PPID-PKTJ\\vendor\\laravel\\framework\\src\\Illuminate\\Foundation\\Console\\RouteListCommand.php(113): Illuminate\\Foundation\\Console\\RouteListCommand->filterRoute(Array)
#9 D:\\laragon\\www\\PPID-PKTJ\\vendor\\laravel\\framework\\src\\Illuminate\\Foundation\\Console\\RouteListCommand.php(91): Illuminate\\Foundation\\Console\\RouteListCommand->getRouteInformation(Object(Illuminate\\Routing\\Route))
#10 [internal function]: Illuminate\\Foundation\\Console\\RouteListCommand->Illuminate\\Foundation\\Console\\{closure}(Object(Illuminate\\Routing\\Route), 19)
#11 D:\\laragon\\www\\PPID-PKTJ\\vendor\\laravel\\framework\\src\\Illuminate\\Collections\\Collection.php(695): array_map(Object(Closure), Array, Array)
#12 D:\\laragon\\www\\PPID-PKTJ\\vendor\\laravel\\framework\\src\\Illuminate\\Foundation\\Console\\RouteListCommand.php(90): Illuminate\\Support\\Collection->map(Object(Closure))
#13 D:\\laragon\\www\\PPID-PKTJ\\vendor\\laravel\\framework\\src\\Illuminate\\Foundation\\Console\\RouteListCommand.php(76): Illuminate\\Foundation\\Console\\RouteListCommand->getRoutes()
#14 D:\\laragon\\www\\PPID-PKTJ\\vendor\\laravel\\framework\\src\\Illuminate\\Container\\BoundMethod.php(36): Illuminate\\Foundation\\Console\\RouteListCommand->handle()
#15 D:\\laragon\\www\\PPID-PKTJ\\vendor\\laravel\\framework\\src\\Illuminate\\Container\\Util.php(40): Illuminate\\Container\\BoundMethod::Illuminate\\Container\\{closure}()
#16 D:\\laragon\\www\\PPID-PKTJ\\vendor\\laravel\\framework\\src\\Illuminate\\Container\\BoundMethod.php(93): Illuminate\\Container\\Util::unwrapIfClosure(Object(Closure))
#17 D:\\laragon\\www\\PPID-PKTJ\\vendor\\laravel\\framework\\src\\Illuminate\\Container\\BoundMethod.php(35): Illuminate\\Container\\BoundMethod::callBoundMethod(Object(Illuminate\\Foundation\\Application), Array, Object(Closure))
#18 D:\\laragon\\www\\PPID-PKTJ\\vendor\\laravel\\framework\\src\\Illuminate\\Container\\Container.php(653): Illuminate\\Container\\BoundMethod::call(Object(Illuminate\\Foundation\\Application), Array, Array, NULL)
#19 D:\\laragon\\www\\PPID-PKTJ\\vendor\\laravel\\framework\\src\\Illuminate\\Console\\Command.php(136): Illuminate\\Container\\Container->call(Array)
#20 D:\\laragon\\www\\PPID-PKTJ\\vendor\\symfony\\console\\Command\\Command.php(298): Illuminate\\Console\\Command->execute(Object(Symfony\\Component\\Console\\Input\\ArgvInput), Object(Illuminate\\Console\\OutputStyle))
#21 D:\\laragon\\www\\PPID-PKTJ\\vendor\\laravel\\framework\\src\\Illuminate\\Console\\Command.php(120): Symfony\\Component\\Console\\Command\\Command->run(Object(Symfony\\Component\\Console\\Input\\ArgvInput), Object(Illuminate\\Console\\OutputStyle))
#22 D:\\laragon\\www\\PPID-PKTJ\\vendor\\symfony\\console\\Application.php(1040): Illuminate\\Console\\Command->run(Object(Symfony\\Component\\Console\\Input\\ArgvInput), Object(Symfony\\Component\\Console\\Output\\ConsoleOutput))
#23 D:\\laragon\\www\\PPID-PKTJ\\vendor\\symfony\\console\\Application.php(301): Symfony\\Component\\Console\\Application->doRunCommand(Object(Illuminate\\Foundation\\Console\\RouteListCommand), Object(Symfony\\Component\\Console\\Input\\ArgvInput), Object(Symfony\\Component\\Console\\Output\\ConsoleOutput))
#24 D:\\laragon\\www\\PPID-PKTJ\\vendor\\symfony\\console\\Application.php(171): Symfony\\Component\\Console\\Application->doRun(Object(Symfony\\Component\\Console\\Input\\ArgvInput), Object(Symfony\\Component\\Console\\Output\\ConsoleOutput))
#25 D:\\laragon\\www\\PPID-PKTJ\\vendor\\laravel\\framework\\src\\Illuminate\\Console\\Application.php(94): Symfony\\Component\\Console\\Application->run(Object(Symfony\\Component\\Console\\Input\\ArgvInput), Object(Symfony\\Component\\Console\\Output\\ConsoleOutput))
#26 D:\\laragon\\www\\PPID-PKTJ\\vendor\\laravel\\framework\\src\\Illuminate\\Foundation\\Console\\Kernel.php(129): Illuminate\\Console\\Application->run(Object(Symfony\\Component\\Console\\Input\\ArgvInput), Object(Symfony\\Component\\Console\\Output\\ConsoleOutput))
#27 D:\\laragon\\www\\PPID-PKTJ\\artisan(17): Illuminate\\Foundation\\Console\\Kernel->handle(Object(Symfony\\Component\\Console\\Input\\ArgvInput), Object(Symfony\\Component\\Console\\Output\\ConsoleOutput))
#28 {main}
"} 
[2026-09-09 04:53:02] laravel.WARNING: mb_strpos(): Passing null to parameter #1 ($haystack) of type string is deprecated in D:\laragon\www\PPID-PKTJ\vendor\laravel\framework\src\Illuminate\Support\Str.php on line 197  
[2026-09-09 04:53:02] laravel.EMERGENCY: Unable to create configured logger. Using emergency logger. {"exception":"[object] (InvalidArgumentException(code: 0): Log [deprecations] is not defined. at D:\\laragon\\www\\PPID-PKTJ\\vendor\\laravel\\framework\\src\\Illuminate\\Log\\LogManager.php:200)
[stacktrace]
#0 D:\\laragon\\www\\PPID-PKTJ\\vendor\\laravel\\framework\\src\\Illuminate\\Log\\LogManager.php(125): Illuminate\\Log\\LogManager->resolve('deprecations', NULL)
#1 D:\\laragon\\www\\PPID-PKTJ\\vendor\\laravel\\framework\\src\\Illuminate\\Log\\LogManager.php(112): Illuminate\\Log\\LogManager->get('deprecations')
#2 D:\\laragon\\www\\PPID-PKTJ\\vendor\\laravel\\framework\\src\\Illuminate\\Log\\LogManager.php(101): Illuminate\\Log\\LogManager->driver('deprecations')
#3 D:\\laragon\\www\\PPID-PKTJ\\vendor\\laravel\\framework\\src\\Illuminate\\Foundation\\Bootstrap\\HandleExceptions.php(104): Illuminate\\Log\\LogManager->channel('deprecations')
#4 D:\\laragon\\www\\PPID-PKTJ\\vendor\\laravel\\framework\\src\\Illuminate\\Foundation\\Bootstrap\\HandleExceptions.php(71): Illuminate\\Foundation\\Bootstrap\\HandleExceptions->handleDeprecation('mb_strpos(): Pa...', 'D:\\\\laragon\\\\www\\\\...', 197)
#5 [internal function]: Illuminate\\Foundation\\Bootstrap\\HandleExceptions->handleError(8192, 'mb_strpos(): Pa...', 'D:\\\\laragon\\\\www\\\\...', 197)
#6 D:\\laragon\\www\\PPID-PKTJ\\vendor\\laravel\\framework\\src\\Illuminate\\Support\\Str.php(197): mb_strpos(NULL, 'prosedur')
#7 D:\\laragon\\www\\PPID-PKTJ\\vendor\\laravel\\framework\\src\\Illuminate\\Foundation\\Console\\RouteListCommand.php(188): Illuminate\\Support\\Str::contains(NULL, 'prosedur')
#8 D:\\laragon\\www\\PPID-PKTJ\\vendor\\laravel\\framework\\src\\Illuminate\\Foundation\\Console\\RouteListCommand.php(113): Illuminate\\Foundation\\Console\\RouteListCommand->filterRoute(Array)
#9 D:\\laragon\\www\\PPID-PKTJ\\vendor\\laravel\\framework\\src\\Illuminate\\Foundation\\Console\\RouteListCommand.php(91): Illuminate\\Foundation\\Console\\RouteListCommand->getRouteInformation(Object(Illuminate\\Routing\\Route))
#10 [internal function]: Illuminate\\Foundation\\Console\\RouteListCommand->Illuminate\\Foundation\\Console\\{closure}(Object(Illuminate\\Routing\\Route), 20)
#11 D:\\laragon\\www\\PPID-PKTJ\\vendor\\laravel\\framework\\src\\Illuminate\\Collections\\Collection.php(695): array_map(Object(Closure), Array, Array)
#12 D:\\laragon\\www\\PPID-PKTJ\\vendor\\laravel\\framework\\src\\Illuminate\\Foundation\\Console\\RouteListCommand.php(90): Illuminate\\Support\\Collection->map(Object(Closure))
#13 D:\\laragon\\www\\PPID-PKTJ\\vendor\\laravel\\framework\\src\\Illuminate\\Foundation\\Console\\RouteListCommand.php(76): Illuminate\\Foundation\\Console\\RouteListCommand->getRoutes()
#14 D:\\laragon\\www\\PPID-PKTJ\\vendor\\laravel\\framework\\src\\Illuminate\\Container\\BoundMethod.php(36): Illuminate\\Foundation\\Console\\RouteListCommand->handle()
#15 D:\\laragon\\www\\PPID-PKTJ\\vendor\\laravel\\framework\\src\\Illuminate\\Container\\Util.php(40): Illuminate\\Container\\BoundMethod::Illuminate\\Container\\{closure}()
#16 D:\\laragon\\www\\PPID-PKTJ\\vendor\\laravel\\framework\\src\\Illuminate\\Container\\BoundMethod.php(93): Illuminate\\Container\\Util::unwrapIfClosure(Object(Closure))
#17 D:\\laragon\\www\\PPID-PKTJ\\vendor\\laravel\\framework\\src\\Illuminate\\Container\\BoundMethod.php(35): Illuminate\\Container\\BoundMethod::callBoundMethod(Object(Illuminate\\Foundation\\Application), Array, Object(Closure))
#18 D:\\laragon\\www\\PPID-PKTJ\\vendor\\laravel\\framework\\src\\Illuminate\\Container\\Container.php(653): Illuminate\\Container\\BoundMethod::call(Object(Illuminate\\Foundation\\Application), Array, Array, NULL)
#19 D:\\laragon\\www\\PPID-PKTJ\\vendor\\laravel\\framework\\src\\Illuminate\\Console\\Command.php(136): Illuminate\\Container\\Container->call(Array)
#20 D:\\laragon\\www\\PPID-PKTJ\\vendor\\symfony\\console\\Command\\Command.php(298): Illuminate\\Console\\Command->execute(Object(Symfony\\Component\\Console\\Input\\ArgvInput), Object(Illuminate\\Console\\OutputStyle))
#21 D:\\laragon\\www\\PPID-PKTJ\\vendor\\laravel\\framework\\src\\Illuminate\\Console\\Command.php(120): Symfony\\Component\\Console\\Command\\Command->run(Object(Symfony\\Component\\Console\\Input\\ArgvInput), Object(Illuminate\\Console\\OutputStyle))
#22 D:\\laragon\\www\\PPID-PKTJ\\vendor\\symfony\\console\\Application.php(1040): Illuminate\\Console\\Command->run(Object(Symfony\\Component\\Console\\Input\\ArgvInput), Object(Symfony\\Component\\Console\\Output\\ConsoleOutput))
#23 D:\\laragon\\www\\PPID-PKTJ\\vendor\\symfony\\console\\Application.php(301): Symfony\\Component\\Console\\Application->doRunCommand(Object(Illuminate\\Foundation\\Console\\RouteListCommand), Object(Symfony\\Component\\Console\\Input\\ArgvInput), Object(Symfony\\Component\\Console\\Output\\ConsoleOutput))
#24 D:\\laragon\\www\\PPID-PKTJ\\vendor\\symfony\\console\\Application.php(171): Symfony\\Component\\Console\\Application->doRun(Object(Symfony\\Component\\Console\\Input\\ArgvInput), Object(Symfony\\Component\\Console\\Output\\ConsoleOutput))
#25 D:\\laragon\\www\\PPID-PKTJ\\vendor\\laravel\\framework\\src\\Illuminate\\Console\\Application.php(94): Symfony\\Component\\Console\\Application->run(Object(Symfony\\Component\\Console\\Input\\ArgvInput), Object(Symfony\\Component\\Console\\Output\\ConsoleOutput))
#26 D:\\laragon\\www\\PPID-PKTJ\\vendor\\laravel\\framework\\src\\Illuminate\\Foundation\\Console\\Kernel.php(129): Illuminate\\Console\\Application->run(Object(Symfony\\Component\\Console\\Input\\ArgvInput), Object(Symfony\\Component\\Console\\Output\\ConsoleOutput))
#27 D:\\laragon\\www\\PPID-PKTJ\\artisan(17): Illuminate\\Foundation\\Console\\Kernel->handle(Object(Symfony\\Component\\Console\\Input\\ArgvInput), Object(Symfony\\Component\\Console\\Output\\ConsoleOutput))
#28 {main}
"} 
[2026-09-09 04:53:02] laravel.WARNING: mb_strpos(): Passing null to parameter #1 ($haystack) of type string is deprecated in D:\laragon\www\PPID-PKTJ\vendor\laravel\framework\src\Illuminate\Support\Str.php on line 197  
[2026-09-09 04:53:02] laravel.EMERGENCY: Unable to create configured logger. Using emergency logger. {"exception":"[object] (InvalidArgumentException(code: 0): Log [deprecations] is not defined. at D:\\laragon\\www\\PPID-PKTJ\\vendor\\laravel\\framework\\src\\Illuminate\\Log\\LogManager.php:200)
[stacktrace]
#0 D:\\laragon\\www\\PPID-PKTJ\\vendor\\laravel\\framework\\src\\Illuminate\\Log\\LogManager.php(125): Illuminate\\Log\\LogManager->resolve('deprecations', NULL)
#1 D:\\laragon\\www\\PPID-PKTJ\\vendor\\laravel\\framework\\src\\Illuminate\\Log\\LogManager.php(112): Illuminate\\Log\\LogManager->get('deprecations')
#2 D:\\laragon\\www\\PPID-PKTJ\\vendor\\laravel\\framework\\src\\Illuminate\\Log\\LogManager.php(101): Illuminate\\Log\\LogManager->driver('deprecations')
#3 D:\\laragon\\www\\PPID-PKTJ\\vendor\\laravel\\framework\\src\\Illuminate\\Foundation\\Bootstrap\\HandleExceptions.php(104): Illuminate\\Log\\LogManager->channel('deprecations')
#4 D:\\laragon\\www\\PPID-PKTJ\\vendor\\laravel\\framework\\src\\Illuminate\\Foundation\\Bootstrap\\HandleExceptions.php(71): Illuminate\\Foundation\\Bootstrap\\HandleExceptions->handleDeprecation('mb_strpos(): Pa...', 'D:\\\\laragon\\\\www\\\\...', 197)
#5 [internal function]: Illuminate\\Foundation\\Bootstrap\\HandleExceptions->handleError(8192, 'mb_strpos(): Pa...', 'D:\\\\laragon\\\\www\\\\...', 197)
#6 D:\\laragon\\www\\PPID-PKTJ\\vendor\\laravel\\framework\\src\\Illuminate\\Support\\Str.php(197): mb_strpos(NULL, 'prosedur')
#7 D:\\laragon\\www\\PPID-PKTJ\\vendor\\laravel\\framework\\src\\Illuminate\\Foundation\\Console\\RouteListCommand.php(188): Illuminate\\Support\\Str::contains(NULL, 'prosedur')
#8 D:\\laragon\\www\\PPID-PKTJ\\vendor\\laravel\\framework\\src\\Illuminate\\Foundation\\Console\\RouteListCommand.php(113): Illuminate\\Foundation\\Console\\RouteListCommand->filterRoute(Array)
#9 D:\\laragon\\www\\PPID-PKTJ\\vendor\\laravel\\framework\\src\\Illuminate\\Foundation\\Console\\RouteListCommand.php(91): Illuminate\\Foundation\\Console\\RouteListCommand->getRouteInformation(Object(Illuminate\\Routing\\Route))
#10 [internal function]: Illuminate\\Foundation\\Console\\RouteListCommand->Illuminate\\Foundation\\Console\\{closure}(Object(Illuminate\\Routing\\Route), 21)
#11 D:\\laragon\\www\\PPID-PKTJ\\vendor\\laravel\\framework\\src\\Illuminate\\Collections\\Collection.php(695): array_map(Object(Closure), Array, Array)
#12 D:\\laragon\\www\\PPID-PKTJ\\vendor\\laravel\\framework\\src\\Illuminate\\Foundation\\Console\\RouteListCommand.php(90): Illuminate\\Support\\Collection->map(Object(Closure))
#13 D:\\laragon\\www\\PPID-PKTJ\\vendor\\laravel\\framework\\src\\Illuminate\\Foundation\\Console\\RouteListCommand.php(76): Illuminate\\Foundation\\Console\\RouteListCommand->getRoutes()
#14 D:\\laragon\\www\\PPID-PKTJ\\vendor\\laravel\\framework\\src\\Illuminate\\Container\\BoundMethod.php(36): Illuminate\\Foundation\\Console\\RouteListCommand->handle()
#15 D:\\laragon\\www\\PPID-PKTJ\\vendor\\laravel\\framework\\src\\Illuminate\\Container\\Util.php(40): Illuminate\\Container\\BoundMethod::Illuminate\\Container\\{closure}()
#16 D:\\laragon\\www\\PPID-PKTJ\\vendor\\laravel\\framework\\src\\Illuminate\\Container\\BoundMethod.php(93): Illuminate\\Container\\Util::unwrapIfClosure(Object(Closure))
#17 D:\\laragon\\www\\PPID-PKTJ\\vendor\\laravel\\framework\\src\\Illuminate\\Container\\BoundMethod.php(35): Illuminate\\Container\\BoundMethod::callBoundMethod(Object(Illuminate\\Foundation\\Application), Array, Object(Closure))
#18 D:\\laragon\\www\\PPID-PKTJ\\vendor\\laravel\\framework\\src\\Illuminate\\Container\\Container.php(653): Illuminate\\Container\\BoundMethod::call(Object(Illuminate\\Foundation\\Application), Array, Array, NULL)
#19 D:\\laragon\\www\\PPID-PKTJ\\vendor\\laravel\\framework\\src\\Illuminate\\Console\\Command.php(136): Illuminate\\Container\\Container->call(Array)
#20 D:\\laragon\\www\\PPID-PKTJ\\vendor\\symfony\\console\\Command\\Command.php(298): Illuminate\\Console\\Command->execute(Object(Symfony\\Component\\Console\\Input\\ArgvInput), Object(Illuminate\\Console\\OutputStyle))
#21 D:\\laragon\\www\\PPID-PKTJ\\vendor\\laravel\\framework\\src\\Illuminate\\Console\\Command.php(120): Symfony\\Component\\Console\\Command\\Command->run(Object(Symfony\\Component\\Console\\Input\\ArgvInput), Object(Illuminate\\Console\\OutputStyle))
#22 D:\\laragon\\www\\PPID-PKTJ\\vendor\\symfony\\console\\Application.php(1040): Illuminate\\Console\\Command->run(Object(Symfony\\Component\\Console\\Input\\ArgvInput), Object(Symfony\\Component\\Console\\Output\\ConsoleOutput))
#23 D:\\laragon\\www\\PPID-PKTJ\\vendor\\symfony\\console\\Application.php(301): Symfony\\Component\\Console\\Application->doRunCommand(Object(Illuminate\\Foundation\\Console\\RouteListCommand), Object(Symfony\\Component\\Console\\Input\\ArgvInput), Object(Symfony\\Component\\Console\\Output\\ConsoleOutput))
#24 D:\\laragon\\www\\PPID-PKTJ\\vendor\\symfony\\console\\Application.php(171): Symfony\\Component\\Console\\Application->doRun(Object(Symfony\\Component\\Console\\Input\\ArgvInput), Object(Symfony\\Component\\Console\\Output\\ConsoleOutput))
#25 D:\\laragon\\www\\PPID-PKTJ\\vendor\\laravel\\framework\\src\\Illuminate\\Console\\Application.php(94): Symfony\\Component\\Console\\Application->run(Object(Symfony\\Component\\Console\\Input\\ArgvInput), Object(Symfony\\Component\\Console\\Output\\ConsoleOutput))
#26 D:\\laragon\\www\\PPID-PKTJ\\vendor\\laravel\\framework\\src\\Illuminate\\Foundation\\Console\\Kernel.php(129): Illuminate\\Console\\Application->run(Object(Symfony\\Component\\Console\\Input\\ArgvInput), Object(Symfony\\Component\\Console\\Output\\ConsoleOutput))
#27 D:\\laragon\\www\\PPID-PKTJ\\artisan(17): Illuminate\\Foundation\\Console\\Kernel->handle(Object(Symfony\\Component\\Console\\Input\\ArgvInput), Object(Symfony\\Component\\Console\\Output\\ConsoleOutput))
#28 {main}
"} 
[2026-09-09 04:53:02] laravel.WARNING: mb_strpos(): Passing null to parameter #1 ($haystack) of type string is deprecated in D:\laragon\www\PPID-PKTJ\vendor\laravel\framework\src\Illuminate\Support\Str.php on line 197  
[2026-09-09 04:53:02] laravel.EMERGENCY: Unable to create configured logger. Using emergency logger. {"exception":"[object] (InvalidArgumentException(code: 0): Log [deprecations] is not defined. at D:\\laragon\\www\\PPID-PKTJ\\vendor\\laravel\\framework\\src\\Illuminate\\Log\\LogManager.php:200)
[stacktrace]
#0 D:\\laragon\\www\\PPID-PKTJ\\vendor\\laravel\\framework\\src\\Illuminate\\Log\\LogManager.php(125): Illuminate\\Log\\LogManager->resolve('deprecations', NULL)
#1 D:\\laragon\\www\\PPID-PKTJ\\vendor\\laravel\\framework\\src\\Illuminate\\Log\\LogManager.php(112): Illuminate\\Log\\LogManager->get('deprecations')
#2 D:\\laragon\\www\\PPID-PKTJ\\vendor\\laravel\\framework\\src\\Illuminate\\Log\\LogManager.php(101): Illuminate\\Log\\LogManager->driver('deprecations')
#3 D:\\laragon\\www\\PPID-PKTJ\\vendor\\laravel\\framework\\src\\Illuminate\\Foundation\\Bootstrap\\HandleExceptions.php(104): Illuminate\\Log\\LogManager->channel('deprecations')
#4 D:\\laragon\\www\\PPID-PKTJ\\vendor\\laravel\\framework\\src\\Illuminate\\Foundation\\Bootstrap\\HandleExceptions.php(71): Illuminate\\Foundation\\Bootstrap\\HandleExceptions->handleDeprecation('mb_strpos(): Pa...', 'D:\\\\laragon\\\\www\\\\...', 197)
#5 [internal function]: Illuminate\\Foundation\\Bootstrap\\HandleExceptions->handleError(8192, 'mb_strpos(): Pa...', 'D:\\\\laragon\\\\www\\\\...', 197)
#6 D:\\laragon\\www\\PPID-PKTJ\\vendor\\laravel\\framework\\src\\Illuminate\\Support\\Str.php(197): mb_strpos(NULL, 'prosedur')
#7 D:\\laragon\\www\\PPID-PKTJ\\vendor\\laravel\\framework\\src\\Illuminate\\Foundation\\Console\\RouteListCommand.php(188): Illuminate\\Support\\Str::contains(NULL, 'prosedur')
#8 D:\\laragon\\www\\PPID-PKTJ\\vendor\\laravel\\framework\\src\\Illuminate\\Foundation\\Console\\RouteListCommand.php(113): Illuminate\\Foundation\\Console\\RouteListCommand->filterRoute(Array)
#9 D:\\laragon\\www\\PPID-PKTJ\\vendor\\laravel\\framework\\src\\Illuminate\\Foundation\\Console\\RouteListCommand.php(91): Illuminate\\Foundation\\Console\\RouteListCommand->getRouteInformation(Object(Illuminate\\Routing\\Route))
#10 [internal function]: Illuminate\\Foundation\\Console\\RouteListCommand->Illuminate\\Foundation\\Console\\{closure}(Object(Illuminate\\Routing\\Route), 22)
#11 D:\\laragon\\www\\PPID-PKTJ\\vendor\\laravel\\framework\\src\\Illuminate\\Collections\\Collection.php(695): array_map(Object(Closure), Array, Array)
#12 D:\\laragon\\www\\PPID-PKTJ\\vendor\\laravel\\framework\\src\\Illuminate\\Foundation\\Console\\RouteListCommand.php(90): Illuminate\\Support\\Collection->map(Object(Closure))
#13 D:\\laragon\\www\\PPID-PKTJ\\vendor\\laravel\\framework\\src\\Illuminate\\Foundation\\Console\\RouteListCommand.php(76): Illuminate\\Foundation\\Console\\RouteListCommand->getRoutes()
#14 D:\\laragon\\www\\PPID-PKTJ\\vendor\\laravel\\framework\\src\\Illuminate\\Container\\BoundMethod.php(36): Illuminate\\Foundation\\Console\\RouteListCommand->handle()
#15 D:\\laragon\\www\\PPID-PKTJ\\vendor\\laravel\\framework\\src\\Illuminate\\Container\\Util.php(40): Illuminate\\Container\\BoundMethod::Illuminate\\Container\\{closure}()
#16 D:\\laragon\\www\\PPID-PKTJ\\vendor\\laravel\\framework\\src\\Illuminate\\Container\\BoundMethod.php(93): Illuminate\\Container\\Util::unwrapIfClosure(Object(Closure))
#17 D:\\laragon\\www\\PPID-PKTJ\\vendor\\laravel\\framework\\src\\Illuminate\\Container\\BoundMethod.php(35): Illuminate\\Container\\BoundMethod::callBoundMethod(Object(Illuminate\\Foundation\\Application), Array, Object(Closure))
#18 D:\\laragon\\www\\PPID-PKTJ\\vendor\\laravel\\framework\\src\\Illuminate\\Container\\Container.php(653): Illuminate\\Container\\BoundMethod::call(Object(Illuminate\\Foundation\\Application), Array, Array, NULL)
#19 D:\\laragon\\www\\PPID-PKTJ\\vendor\\laravel\\framework\\src\\Illuminate\\Console\\Command.php(136): Illuminate\\Container\\Container->call(Array)
#20 D:\\laragon\\www\\PPID-PKTJ\\vendor\\symfony\\console\\Command\\Command.php(298): Illuminate\\Console\\Command->execute(Object(Symfony\\Component\\Console\\Input\\ArgvInput), Object(Illuminate\\Console\\OutputStyle))
#21 D:\\laragon\\www\\PPID-PKTJ\\vendor\\laravel\\framework\\src\\Illuminate\\Console\\Command.php(120): Symfony\\Component\\Console\\Command\\Command->run(Object(Symfony\\Component\\Console\\Input\\ArgvInput), Object(Illuminate\\Console\\OutputStyle))
#22 D:\\laragon\\www\\PPID-PKTJ\\vendor\\symfony\\console\\Application.php(1040): Illuminate\\Console\\Command->run(Object(Symfony\\Component\\Console\\Input\\ArgvInput), Object(Symfony\\Component\\Console\\Output\\ConsoleOutput))
#23 D:\\laragon\\www\\PPID-PKTJ\\vendor\\symfony\\console\\Application.php(301): Symfony\\Component\\Console\\Application->doRunCommand(Object(Illuminate\\Foundation\\Console\\RouteListCommand), Object(Symfony\\Component\\Console\\Input\\ArgvInput), Object(Symfony\\Component\\Console\\Output\\ConsoleOutput))
#24 D:\\laragon\\www\\PPID-PKTJ\\vendor\\symfony\\console\\Application.php(171): Symfony\\Component\\Console\\Application->doRun(Object(Symfony\\Component\\Console\\Input\\ArgvInput), Object(Symfony\\Component\\Console\\Output\\ConsoleOutput))
#25 D:\\laragon\\www\\PPID-PKTJ\\vendor\\laravel\\framework\\src\\Illuminate\\Console\\Application.php(94): Symfony\\Component\\Console\\Application->run(Object(Symfony\\Component\\Console\\Input\\ArgvInput), Object(Symfony\\Component\\Console\\Output\\ConsoleOutput))
#26 D:\\laragon\\www\\PPID-PKTJ\\vendor\\laravel\\framework\\src\\Illuminate\\Foundation\\Console\\Kernel.php(129): Illuminate\\Console\\Application->run(Object(Symfony\\Component\\Console\\Input\\ArgvInput), Object(Symfony\\Component\\Console\\Output\\ConsoleOutput))
#27 D:\\laragon\\www\\PPID-PKTJ\\artisan(17): Illuminate\\Foundation\\Console\\Kernel->handle(Object(Symfony\\Component\\Console\\Input\\ArgvInput), Object(Symfony\\Component\\Console\\Output\\ConsoleOutput))
#28 {main}
"} 
[2026-09-09 04:53:02] laravel.WARNING: mb_strpos(): Passing null to parameter #1 ($haystack) of type string is deprecated in D:\laragon\www\PPID-PKTJ\vendor\laravel\framework\src\Illuminate\Support\Str.php on line 197  
[2026-09-09 04:53:02] laravel.EMERGENCY: Unable to create configured logger. Using emergency logger. {"exception":"[object] (InvalidArgumentException(code: 0): Log [deprecations] is not defined. at D:\\laragon\\www\\PPID-PKTJ\\vendor\\laravel\\framework\\src\\Illuminate\\Log\\LogManager.php:200)
[stacktrace]
#0 D:\\laragon\\www\\PPID-PKTJ\\vendor\\laravel\\framework\\src\\Illuminate\\Log\\LogManager.php(125): Illuminate\\Log\\LogManager->resolve('deprecations', NULL)
#1 D:\\laragon\\www\\PPID-PKTJ\\vendor\\laravel\\framework\\src\\Illuminate\\Log\\LogManager.php(112): Illuminate\\Log\\LogManager->get('deprecations')
#2 D:\\laragon\\www\\PPID-PKTJ\\vendor\\laravel\\framework\\src\\Illuminate\\Log\\LogManager.php(101): Illuminate\\Log\\LogManager->driver('deprecations')
#3 D:\\laragon\\www\\PPID-PKTJ\\vendor\\laravel\\framework\\src\\Illuminate\\Foundation\\Bootstrap\\HandleExceptions.php(104): Illuminate\\Log\\LogManager->channel('deprecations')
#4 D:\\laragon\\www\\PPID-PKTJ\\vendor\\laravel\\framework\\src\\Illuminate\\Foundation\\Bootstrap\\HandleExceptions.php(71): Illuminate\\Foundation\\Bootstrap\\HandleExceptions->handleDeprecation('mb_strpos(): Pa...', 'D:\\\\laragon\\\\www\\\\...', 197)
#5 [internal function]: Illuminate\\Foundation\\Bootstrap\\HandleExceptions->handleError(8192, 'mb_strpos(): Pa...', 'D:\\\\laragon\\\\www\\\\...', 197)
#6 D:\\laragon\\www\\PPID-PKTJ\\vendor\\laravel\\framework\\src\\Illuminate\\Support\\Str.php(197): mb_strpos(NULL, 'prosedur')
#7 D:\\laragon\\www\\PPID-PKTJ\\vendor\\laravel\\framework\\src\\Illuminate\\Foundation\\Console\\RouteListCommand.php(188): Illuminate\\Support\\Str::contains(NULL, 'prosedur')
#8 D:\\laragon\\www\\PPID-PKTJ\\vendor\\laravel\\framework\\src\\Illuminate\\Foundation\\Console\\RouteListCommand.php(113): Illuminate\\Foundation\\Console\\RouteListCommand->filterRoute(Array)
#9 D:\\laragon\\www\\PPID-PKTJ\\vendor\\laravel\\framework\\src\\Illuminate\\Foundation\\Console\\RouteListCommand.php(91): Illuminate\\Foundation\\Console\\RouteListCommand->getRouteInformation(Object(Illuminate\\Routing\\Route))
#10 [internal function]: Illuminate\\Foundation\\Console\\RouteListCommand->Illuminate\\Foundation\\Console\\{closure}(Object(Illuminate\\Routing\\Route), 23)
#11 D:\\laragon\\www\\PPID-PKTJ\\vendor\\laravel\\framework\\src\\Illuminate\\Collections\\Collection.php(695): array_map(Object(Closure), Array, Array)
#12 D:\\laragon\\www\\PPID-PKTJ\\vendor\\laravel\\framework\\src\\Illuminate\\Foundation\\Console\\RouteListCommand.php(90): Illuminate\\Support\\Collection->map(Object(Closure))
#13 D:\\laragon\\www\\PPID-PKTJ\\vendor\\laravel\\framework\\src\\Illuminate\\Foundation\\Console\\RouteListCommand.php(76): Illuminate\\Foundation\\Console\\RouteListCommand->getRoutes()
#14 D:\\laragon\\www\\PPID-PKTJ\\vendor\\laravel\\framework\\src\\Illuminate\\Container\\BoundMethod.php(36): Illuminate\\Foundation\\Console\\RouteListCommand->handle()
#15 D:\\laragon\\www\\PPID-PKTJ\\vendor\\laravel\\framework\\src\\Illuminate\\Container\\Util.php(40): Illuminate\\Container\\BoundMethod::Illuminate\\Container\\{closure}()
#16 D:\\laragon\\www\\PPID-PKTJ\\vendor\\laravel\\framework\\src\\Illuminate\\Container\\BoundMethod.php(93): Illuminate\\Container\\Util::unwrapIfClosure(Object(Closure))
#17 D:\\laragon\\www\\PPID-PKTJ\\vendor\\laravel\\framework\\src\\Illuminate\\Container\\BoundMethod.php(35): Illuminate\\Container\\BoundMethod::callBoundMethod(Object(Illuminate\\Foundation\\Application), Array, Object(Closure))
#18 D:\\laragon\\www\\PPID-PKTJ\\vendor\\laravel\\framework\\src\\Illuminate\\Container\\Container.php(653): Illuminate\\Container\\BoundMethod::call(Object(Illuminate\\Foundation\\Application), Array, Array, NULL)
#19 D:\\laragon\\www\\PPID-PKTJ\\vendor\\laravel\\framework\\src\\Illuminate\\Console\\Command.php(136): Illuminate\\Container\\Container->call(Array)
#20 D:\\laragon\\www\\PPID-PKTJ\\vendor\\symfony\\console\\Command\\Command.php(298): Illuminate\\Console\\Command->execute(Object(Symfony\\Component\\Console\\Input\\ArgvInput), Object(Illuminate\\Console\\OutputStyle))
#21 D:\\laragon\\www\\PPID-PKTJ\\vendor\\laravel\\framework\\src\\Illuminate\\Console\\Command.php(120): Symfony\\Component\\Console\\Command\\Command->run(Object(Symfony\\Component\\Console\\Input\\ArgvInput), Object(Illuminate\\Console\\OutputStyle))
#22 D:\\laragon\\www\\PPID-PKTJ\\vendor\\symfony\\console\\Application.php(1040): Illuminate\\Console\\Command->run(Object(Symfony\\Component\\Console\\Input\\ArgvInput), Object(Symfony\\Component\\Console\\Output\\ConsoleOutput))
#23 D:\\laragon\\www\\PPID-PKTJ\\vendor\\symfony\\console\\Application.php(301): Symfony\\Component\\Console\\Application->doRunCommand(Object(Illuminate\\Foundation\\Console\\RouteListCommand), Object(Symfony\\Component\\Console\\Input\\ArgvInput), Object(Symfony\\Component\\Console\\Output\\ConsoleOutput))
#24 D:\\laragon\\www\\PPID-PKTJ\\vendor\\symfony\\console\\Application.php(171): Symfony\\Component\\Console\\Application->doRun(Object(Symfony\\Component\\Console\\Input\\ArgvInput), Object(Symfony\\Component\\Console\\Output\\ConsoleOutput))
#25 D:\\laragon\\www\\PPID-PKTJ\\vendor\\laravel\\framework\\src\\Illuminate\\Console\\Application.php(94): Symfony\\Component\\Console\\Application->run(Object(Symfony\\Component\\Console\\Input\\ArgvInput), Object(Symfony\\Component\\Console\\Output\\ConsoleOutput))
#26 D:\\laragon\\www\\PPID-PKTJ\\vendor\\laravel\\framework\\src\\Illuminate\\Foundation\\Console\\Kernel.php(129): Illuminate\\Console\\Application->run(Object(Symfony\\Component\\Console\\Input\\ArgvInput), Object(Symfony\\Component\\Console\\Output\\ConsoleOutput))
#27 D:\\laragon\\www\\PPID-PKTJ\\artisan(17): Illuminate\\Foundation\\Console\\Kernel->handle(Object(Symfony\\Component\\Console\\Input\\ArgvInput), Object(Symfony\\Component\\Console\\Output\\ConsoleOutput))
#28 {main}
"} 
[2026-09-09 04:53:02] laravel.WARNING: mb_strpos(): Passing null to parameter #1 ($haystack) of type string is deprecated in D:\laragon\www\PPID-PKTJ\vendor\laravel\framework\src\Illuminate\Support\Str.php on line 197  
[2026-09-09 04:53:02] laravel.EMERGENCY: Unable to create configured logger. Using emergency logger. {"exception":"[object] (InvalidArgumentException(code: 0): Log [deprecations] is not defined. at D:\\laragon\\www\\PPID-PKTJ\\vendor\\laravel\\framework\\src\\Illuminate\\Log\\LogManager.php:200)
[stacktrace]
#0 D:\\laragon\\www\\PPID-PKTJ\\vendor\\laravel\\framework\\src\\Illuminate\\Log\\LogManager.php(125): Illuminate\\Log\\LogManager->resolve('deprecations', NULL)
#1 D:\\laragon\\www\\PPID-PKTJ\\vendor\\laravel\\framework\\src\\Illuminate\\Log\\LogManager.php(112): Illuminate\\Log\\LogManager->get('deprecations')
#2 D:\\laragon\\www\\PPID-PKTJ\\vendor\\laravel\\framework\\src\\Illuminate\\Log\\LogManager.php(101): Illuminate\\Log\\LogManager->driver('deprecations')
#3 D:\\laragon\\www\\PPID-PKTJ\\vendor\\laravel\\framework\\src\\Illuminate\\Foundation\\Bootstrap\\HandleExceptions.php(104): Illuminate\\Log\\LogManager->channel('deprecations')
#4 D:\\laragon\\www\\PPID-PKTJ\\vendor\\laravel\\framework\\src\\Illuminate\\Foundation\\Bootstrap\\HandleExceptions.php(71): Illuminate\\Foundation\\Bootstrap\\HandleExceptions->handleDeprecation('mb_strpos(): Pa...', 'D:\\\\laragon\\\\www\\\\...', 197)
#5 [internal function]: Illuminate\\Foundation\\Bootstrap\\HandleExceptions->handleError(8192, 'mb_strpos(): Pa...', 'D:\\\\laragon\\\\www\\\\...', 197)
#6 D:\\laragon\\www\\PPID-PKTJ\\vendor\\laravel\\framework\\src\\Illuminate\\Support\\Str.php(197): mb_strpos(NULL, 'prosedur')
#7 D:\\laragon\\www\\PPID-PKTJ\\vendor\\laravel\\framework\\src\\Illuminate\\Foundation\\Console\\RouteListCommand.php(188): Illuminate\\Support\\Str::contains(NULL, 'prosedur')
#8 D:\\laragon\\www\\PPID-PKTJ\\vendor\\laravel\\framework\\src\\Illuminate\\Foundation\\Console\\RouteListCommand.php(113): Illuminate\\Foundation\\Console\\RouteListCommand->filterRoute(Array)
#9 D:\\laragon\\www\\PPID-PKTJ\\vendor\\laravel\\framework\\src\\Illuminate\\Foundation\\Console\\RouteListCommand.php(91): Illuminate\\Foundation\\Console\\RouteListCommand->getRouteInformation(Object(Illuminate\\Routing\\Route))
#10 [internal function]: Illuminate\\Foundation\\Console\\RouteListCommand->Illuminate\\Foundation\\Console\\{closure}(Object(Illuminate\\Routing\\Route), 24)
#11 D:\\laragon\\www\\PPID-PKTJ\\vendor\\laravel\\framework\\src\\Illuminate\\Collections\\Collection.php(695): array_map(Object(Closure), Array, Array)
#12 D:\\laragon\\www\\PPID-PKTJ\\vendor\\laravel\\framework\\src\\Illuminate\\Foundation\\Console\\RouteListCommand.php(90): Illuminate\\Support\\Collection->map(Object(Closure))
#13 D:\\laragon\\www\\PPID-PKTJ\\vendor\\laravel\\framework\\src\\Illuminate\\Foundation\\Console\\RouteListCommand.php(76): Illuminate\\Foundation\\Console\\RouteListCommand->getRoutes()
#14 D:\\laragon\\www\\PPID-PKTJ\\vendor\\laravel\\framework\\src\\Illuminate\\Container\\BoundMethod.php(36): Illuminate\\Foundation\\Console\\RouteListCommand->handle()
#15 D:\\laragon\\www\\PPID-PKTJ\\vendor\\laravel\\framework\\src\\Illuminate\\Container\\Util.php(40): Illuminate\\Container\\BoundMethod::Illuminate\\Container\\{closure}()
#16 D:\\laragon\\www\\PPID-PKTJ\\vendor\\laravel\\framework\\src\\Illuminate\\Container\\BoundMethod.php(93): Illuminate\\Container\\Util::unwrapIfClosure(Object(Closure))
#17 D:\\laragon\\www\\PPID-PKTJ\\vendor\\laravel\\framework\\src\\Illuminate\\Container\\BoundMethod.php(35): Illuminate\\Container\\BoundMethod::callBoundMethod(Object(Illuminate\\Foundation\\Application), Array, Object(Closure))
#18 D:\\laragon\\www\\PPID-PKTJ\\vendor\\laravel\\framework\\src\\Illuminate\\Container\\Container.php(653): Illuminate\\Container\\BoundMethod::call(Object(Illuminate\\Foundation\\Application), Array, Array, NULL)
#19 D:\\laragon\\www\\PPID-PKTJ\\vendor\\laravel\\framework\\src\\Illuminate\\Console\\Command.php(136): Illuminate\\Container\\Container->call(Array)
#20 D:\\laragon\\www\\PPID-PKTJ\\vendor\\symfony\\console\\Command\\Command.php(298): Illuminate\\Console\\Command->execute(Object(Symfony\\Component\\Console\\Input\\ArgvInput), Object(Illuminate\\Console\\OutputStyle))
#21 D:\\laragon\\www\\PPID-PKTJ\\vendor\\laravel\\framework\\src\\Illuminate\\Console\\Command.php(120): Symfony\\Component\\Console\\Command\\Command->run(Object(Symfony\\Component\\Console\\Input\\ArgvInput), Object(Illuminate\\Console\\OutputStyle))
#22 D:\\laragon\\www\\PPID-PKTJ\\vendor\\symfony\\console\\Application.php(1040): Illuminate\\Console\\Command->run(Object(Symfony\\Component\\Console\\Input\\ArgvInput), Object(Symfony\\Component\\Console\\Output\\ConsoleOutput))
#23 D:\\laragon\\www\\PPID-PKTJ\\vendor\\symfony\\console\\Application.php(301): Symfony\\Component\\Console\\Application->doRunCommand(Object(Illuminate\\Foundation\\Console\\RouteListCommand), Object(Symfony\\Component\\Console\\Input\\ArgvInput), Object(Symfony\\Component\\Console\\Output\\ConsoleOutput))
#24 D:\\laragon\\www\\PPID-PKTJ\\vendor\\symfony\\console\\Application.php(171): Symfony\\Component\\Console\\Application->doRun(Object(Symfony\\Component\\Console\\Input\\ArgvInput), Object(Symfony\\Component\\Console\\Output\\ConsoleOutput))
#25 D:\\laragon\\www\\PPID-PKTJ\\vendor\\laravel\\framework\\src\\Illuminate\\Console\\Application.php(94): Symfony\\Component\\Console\\Application->run(Object(Symfony\\Component\\Console\\Input\\ArgvInput), Object(Symfony\\Component\\Console\\Output\\ConsoleOutput))
#26 D:\\laragon\\www\\PPID-PKTJ\\vendor\\laravel\\framework\\src\\Illuminate\\Foundation\\Console\\Kernel.php(129): Illuminate\\Console\\Application->run(Object(Symfony\\Component\\Console\\Input\\ArgvInput), Object(Symfony\\Component\\Console\\Output\\ConsoleOutput))
#27 D:\\laragon\\www\\PPID-PKTJ\\artisan(17): Illuminate\\Foundation\\Console\\Kernel->handle(Object(Symfony\\Component\\Console\\Input\\ArgvInput), Object(Symfony\\Component\\Console\\Output\\ConsoleOutput))
#28 {main}
"} 
[2026-09-09 04:53:02] laravel.WARNING: mb_strpos(): Passing null to parameter #1 ($haystack) of type string is deprecated in D:\laragon\www\PPID-PKTJ\vendor\laravel\framework\src\Illuminate\Support\Str.php on line 197  
[2026-09-09 04:53:02] laravel.EMERGENCY: Unable to create configured logger. Using emergency logger. {"exception":"[object] (InvalidArgumentException(code: 0): Log [deprecations] is not defined. at D:\\laragon\\www\\PPID-PKTJ\\vendor\\laravel\\framework\\src\\Illuminate\\Log\\LogManager.php:200)
[stacktrace]
#0 D:\\laragon\\www\\PPID-PKTJ\\vendor\\laravel\\framework\\src\\Illuminate\\Log\\LogManager.php(125): Illuminate\\Log\\LogManager->resolve('deprecations', NULL)
#1 D:\\laragon\\www\\PPID-PKTJ\\vendor\\laravel\\framework\\src\\Illuminate\\Log\\LogManager.php(112): Illuminate\\Log\\LogManager->get('deprecations')
#2 D:\\laragon\\www\\PPID-PKTJ\\vendor\\laravel\\framework\\src\\Illuminate\\Log\\LogManager.php(101): Illuminate\\Log\\LogManager->driver('deprecations')
#3 D:\\laragon\\www\\PPID-PKTJ\\vendor\\laravel\\framework\\src\\Illuminate\\Foundation\\Bootstrap\\HandleExceptions.php(104): Illuminate\\Log\\LogManager->channel('deprecations')
#4 D:\\laragon\\www\\PPID-PKTJ\\vendor\\laravel\\framework\\src\\Illuminate\\Foundation\\Bootstrap\\HandleExceptions.php(71): Illuminate\\Foundation\\Bootstrap\\HandleExceptions->handleDeprecation('mb_strpos(): Pa...', 'D:\\\\laragon\\\\www\\\\...', 197)
#5 [internal function]: Illuminate\\Foundation\\Bootstrap\\HandleExceptions->handleError(8192, 'mb_strpos(): Pa...', 'D:\\\\laragon\\\\www\\\\...', 197)
#6 D:\\laragon\\www\\PPID-PKTJ\\vendor\\laravel\\framework\\src\\Illuminate\\Support\\Str.php(197): mb_strpos(NULL, 'prosedur')
#7 D:\\laragon\\www\\PPID-PKTJ\\vendor\\laravel\\framework\\src\\Illuminate\\Foundation\\Console\\RouteListCommand.php(188): Illuminate\\Support\\Str::contains(NULL, 'prosedur')
#8 D:\\laragon\\www\\PPID-PKTJ\\vendor\\laravel\\framework\\src\\Illuminate\\Foundation\\Console\\RouteListCommand.php(113): Illuminate\\Foundation\\Console\\RouteListCommand->filterRoute(Array)
#9 D:\\laragon\\www\\PPID-PKTJ\\vendor\\laravel\\framework\\src\\Illuminate\\Foundation\\Console\\RouteListCommand.php(91): Illuminate\\Foundation\\Console\\RouteListCommand->getRouteInformation(Object(Illuminate\\Routing\\Route))
#10 [internal function]: Illuminate\\Foundation\\Console\\RouteListCommand->Illuminate\\Foundation\\Console\\{closure}(Object(Illuminate\\Routing\\Route), 25)
#11 D:\\laragon\\www\\PPID-PKTJ\\vendor\\laravel\\framework\\src\\Illuminate\\Collections\\Collection.php(695): array_map(Object(Closure), Array, Array)
#12 D:\\laragon\\www\\PPID-PKTJ\\vendor\\laravel\\framework\\src\\Illuminate\\Foundation\\Console\\RouteListCommand.php(90): Illuminate\\Support\\Collection->map(Object(Closure))
#13 D:\\laragon\\www\\PPID-PKTJ\\vendor\\laravel\\framework\\src\\Illuminate\\Foundation\\Console\\RouteListCommand.php(76): Illuminate\\Foundation\\Console\\RouteListCommand->getRoutes()
#14 D:\\laragon\\www\\PPID-PKTJ\\vendor\\laravel\\framework\\src\\Illuminate\\Container\\BoundMethod.php(36): Illuminate\\Foundation\\Console\\RouteListCommand->handle()
#15 D:\\laragon\\www\\PPID-PKTJ\\vendor\\laravel\\framework\\src\\Illuminate\\Container\\Util.php(40): Illuminate\\Container\\BoundMethod::Illuminate\\Container\\{closure}()
#16 D:\\laragon\\www\\PPID-PKTJ\\vendor\\laravel\\framework\\src\\Illuminate\\Container\\BoundMethod.php(93): Illuminate\\Container\\Util::unwrapIfClosure(Object(Closure))
#17 D:\\laragon\\www\\PPID-PKTJ\\vendor\\laravel\\framework\\src\\Illuminate\\Container\\BoundMethod.php(35): Illuminate\\Container\\BoundMethod::callBoundMethod(Object(Illuminate\\Foundation\\Application), Array, Object(Closure))
#18 D:\\laragon\\www\\PPID-PKTJ\\vendor\\laravel\\framework\\src\\Illuminate\\Container\\Container.php(653): Illuminate\\Container\\BoundMethod::call(Object(Illuminate\\Foundation\\Application), Array, Array, NULL)
#19 D:\\laragon\\www\\PPID-PKTJ\\vendor\\laravel\\framework\\src\\Illuminate\\Console\\Command.php(136): Illuminate\\Container\\Container->call(Array)
#20 D:\\laragon\\www\\PPID-PKTJ\\vendor\\symfony\\console\\Command\\Command.php(298): Illuminate\\Console\\Command->execute(Object(Symfony\\Component\\Console\\Input\\ArgvInput), Object(Illuminate\\Console\\OutputStyle))
#21 D:\\laragon\\www\\PPID-PKTJ\\vendor\\laravel\\framework\\src\\Illuminate\\Console\\Command.php(120): Symfony\\Component\\Console\\Command\\Command->run(Object(Symfony\\Component\\Console\\Input\\ArgvInput), Object(Illuminate\\Console\\OutputStyle))
#22 D:\\laragon\\www\\PPID-PKTJ\\vendor\\symfony\\console\\Application.php(1040): Illuminate\\Console\\Command->run(Object(Symfony\\Component\\Console\\Input\\ArgvInput), Object(Symfony\\Component\\Console\\Output\\ConsoleOutput))
#23 D:\\laragon\\www\\PPID-PKTJ\\vendor\\symfony\\console\\Application.php(301): Symfony\\Component\\Console\\Application->doRunCommand(Object(Illuminate\\Foundation\\Console\\RouteListCommand), Object(Symfony\\Component\\Console\\Input\\ArgvInput), Object(Symfony\\Component\\Console\\Output\\ConsoleOutput))
#24 D:\\laragon\\www\\PPID-PKTJ\\vendor\\symfony\\console\\Application.php(171): Symfony\\Component\\Console\\Application->doRun(Object(Symfony\\Component\\Console\\Input\\ArgvInput), Object(Symfony\\Component\\Console\\Output\\ConsoleOutput))
#25 D:\\laragon\\www\\PPID-PKTJ\\vendor\\laravel\\framework\\src\\Illuminate\\Console\\Application.php(94): Symfony\\Component\\Console\\Application->run(Object(Symfony\\Component\\Console\\Input\\ArgvInput), Object(Symfony\\Component\\Console\\Output\\ConsoleOutput))
#26 D:\\laragon\\www\\PPID-PKTJ\\vendor\\laravel\\framework\\src\\Illuminate\\Foundation\\Console\\Kernel.php(129): Illuminate\\Console\\Application->run(Object(Symfony\\Component\\Console\\Input\\ArgvInput), Object(Symfony\\Component\\Console\\Output\\ConsoleOutput))
#27 D:\\laragon\\www\\PPID-PKTJ\\artisan(17): Illuminate\\Foundation\\Console\\Kernel->handle(Object(Symfony\\Component\\Console\\Input\\ArgvInput), Object(Symfony\\Component\\Console\\Output\\ConsoleOutput))
#28 {main}
"} 
[2026-09-09 04:53:02] laravel.WARNING: mb_strpos(): Passing null to parameter #1 ($haystack) of type string is deprecated in D:\laragon\www\PPID-PKTJ\vendor\laravel\framework\src\Illuminate\Support\Str.php on line 197  
[2026-09-09 04:53:02] laravel.EMERGENCY: Unable to create configured logger. Using emergency logger. {"exception":"[object] (InvalidArgumentException(code: 0): Log [deprecations] is not defined. at D:\\laragon\\www\\PPID-PKTJ\\vendor\\laravel\\framework\\src\\Illuminate\\Log\\LogManager.php:200)
[stacktrace]
#0 D:\\laragon\\www\\PPID-PKTJ\\vendor\\laravel\\framework\\src\\Illuminate\\Log\\LogManager.php(125): Illuminate\\Log\\LogManager->resolve('deprecations', NULL)
#1 D:\\laragon\\www\\PPID-PKTJ\\vendor\\laravel\\framework\\src\\Illuminate\\Log\\LogManager.php(112): Illuminate\\Log\\LogManager->get('deprecations')
#2 D:\\laragon\\www\\PPID-PKTJ\\vendor\\laravel\\framework\\src\\Illuminate\\Log\\LogManager.php(101): Illuminate\\Log\\LogManager->driver('deprecations')
#3 D:\\laragon\\www\\PPID-PKTJ\\vendor\\laravel\\framework\\src\\Illuminate\\Foundation\\Bootstrap\\HandleExceptions.php(104): Illuminate\\Log\\LogManager->channel('deprecations')
#4 D:\\laragon\\www\\PPID-PKTJ\\vendor\\laravel\\framework\\src\\Illuminate\\Foundation\\Bootstrap\\HandleExceptions.php(71): Illuminate\\Foundation\\Bootstrap\\HandleExceptions->handleDeprecation('mb_strpos(): Pa...', 'D:\\\\laragon\\\\www\\\\...', 197)
#5 [internal function]: Illuminate\\Foundation\\Bootstrap\\HandleExceptions->handleError(8192, 'mb_strpos(): Pa...', 'D:\\\\laragon\\\\www\\\\...', 197)
#6 D:\\laragon\\www\\PPID-PKTJ\\vendor\\laravel\\framework\\src\\Illuminate\\Support\\Str.php(197): mb_strpos(NULL, 'prosedur')
#7 D:\\laragon\\www\\PPID-PKTJ\\vendor\\laravel\\framework\\src\\Illuminate\\Foundation\\Console\\RouteListCommand.php(188): Illuminate\\Support\\Str::contains(NULL, 'prosedur')
#8 D:\\laragon\\www\\PPID-PKTJ\\vendor\\laravel\\framework\\src\\Illuminate\\Foundation\\Console\\RouteListCommand.php(113): Illuminate\\Foundation\\Console\\RouteListCommand->filterRoute(Array)
#9 D:\\laragon\\www\\PPID-PKTJ\\vendor\\laravel\\framework\\src\\Illuminate\\Foundation\\Console\\RouteListCommand.php(91): Illuminate\\Foundation\\Console\\RouteListCommand->getRouteInformation(Object(Illuminate\\Routing\\Route))
#10 [internal function]: Illuminate\\Foundation\\Console\\RouteListCommand->Illuminate\\Foundation\\Console\\{closure}(Object(Illuminate\\Routing\\Route), 26)
#11 D:\\laragon\\www\\PPID-PKTJ\\vendor\\laravel\\framework\\src\\Illuminate\\Collections\\Collection.php(695): array_map(Object(Closure), Array, Array)
#12 D:\\laragon\\www\\PPID-PKTJ\\vendor\\laravel\\framework\\src\\Illuminate\\Foundation\\Console\\RouteListCommand.php(90): Illuminate\\Support\\Collection->map(Object(Closure))
#13 D:\\laragon\\www\\PPID-PKTJ\\vendor\\laravel\\framework\\src\\Illuminate\\Foundation\\Console\\RouteListCommand.php(76): Illuminate\\Foundation\\Console\\RouteListCommand->getRoutes()
#14 D:\\laragon\\www\\PPID-PKTJ\\vendor\\laravel\\framework\\src\\Illuminate\\Container\\BoundMethod.php(36): Illuminate\\Foundation\\Console\\RouteListCommand->handle()
#15 D:\\laragon\\www\\PPID-PKTJ\\vendor\\laravel\\framework\\src\\Illuminate\\Container\\Util.php(40): Illuminate\\Container\\BoundMethod::Illuminate\\Container\\{closure}()
#16 D:\\laragon\\www\\PPID-PKTJ\\vendor\\laravel\\framework\\src\\Illuminate\\Container\\BoundMethod.php(93): Illuminate\\Container\\Util::unwrapIfClosure(Object(Closure))
#17 D:\\laragon\\www\\PPID-PKTJ\\vendor\\laravel\\framework\\src\\Illuminate\\Container\\BoundMethod.php(35): Illuminate\\Container\\BoundMethod::callBoundMethod(Object(Illuminate\\Foundation\\Application), Array, Object(Closure))
#18 D:\\laragon\\www\\PPID-PKTJ\\vendor\\laravel\\framework\\src\\Illuminate\\Container\\Container.php(653): Illuminate\\Container\\BoundMethod::call(Object(Illuminate\\Foundation\\Application), Array, Array, NULL)
#19 D:\\laragon\\www\\PPID-PKTJ\\vendor\\laravel\\framework\\src\\Illuminate\\Console\\Command.php(136): Illuminate\\Container\\Container->call(Array)
#20 D:\\laragon\\www\\PPID-PKTJ\\vendor\\symfony\\console\\Command\\Command.php(298): Illuminate\\Console\\Command->execute(Object(Symfony\\Component\\Console\\Input\\ArgvInput), Object(Illuminate\\Console\\OutputStyle))
#21 D:\\laragon\\www\\PPID-PKTJ\\vendor\\laravel\\framework\\src\\Illuminate\\Console\\Command.php(120): Symfony\\Component\\Console\\Command\\Command->run(Object(Symfony\\Component\\Console\\Input\\ArgvInput), Object(Illuminate\\Console\\OutputStyle))
#22 D:\\laragon\\www\\PPID-PKTJ\\vendor\\symfony\\console\\Application.php(1040): Illuminate\\Console\\Command->run(Object(Symfony\\Component\\Console\\Input\\ArgvInput), Object(Symfony\\Component\\Console\\Output\\ConsoleOutput))
#23 D:\\laragon\\www\\PPID-PKTJ\\vendor\\symfony\\console\\Application.php(301): Symfony\\Component\\Console\\Application->doRunCommand(Object(Illuminate\\Foundation\\Console\\RouteListCommand), Object(Symfony\\Component\\Console\\Input\\ArgvInput), Object(Symfony\\Component\\Console\\Output\\ConsoleOutput))
#24 D:\\laragon\\www\\PPID-PKTJ\\vendor\\symfony\\console\\Application.php(171): Symfony\\Component\\Console\\Application->doRun(Object(Symfony\\Component\\Console\\Input\\ArgvInput), Object(Symfony\\Component\\Console\\Output\\ConsoleOutput))
#25 D:\\laragon\\www\\PPID-PKTJ\\vendor\\laravel\\framework\\src\\Illuminate\\Console\\Application.php(94): Symfony\\Component\\Console\\Application->run(Object(Symfony\\Component\\Console\\Input\\ArgvInput), Object(Symfony\\Component\\Console\\Output\\ConsoleOutput))
#26 D:\\laragon\\www\\PPID-PKTJ\\vendor\\laravel\\framework\\src\\Illuminate\\Foundation\\Console\\Kernel.php(129): Illuminate\\Console\\Application->run(Object(Symfony\\Component\\Console\\Input\\ArgvInput), Object(Symfony\\Component\\Console\\Output\\ConsoleOutput))
#27 D:\\laragon\\www\\PPID-PKTJ\\artisan(17): Illuminate\\Foundation\\Console\\Kernel->handle(Object(Symfony\\Component\\Console\\Input\\ArgvInput), Object(Symfony\\Component\\Console\\Output\\ConsoleOutput))
#28 {main}
"} 
[2026-09-09 04:53:02] laravel.WARNING: mb_strpos(): Passing null to parameter #1 ($haystack) of type string is deprecated in D:\laragon\www\PPID-PKTJ\vendor\laravel\framework\src\Illuminate\Support\Str.php on line 197  
[2026-09-09 04:53:02] laravel.EMERGENCY: Unable to create configured logger. Using emergency logger. {"exception":"[object] (InvalidArgumentException(code: 0): Log [deprecations] is not defined. at D:\\laragon\\www\\PPID-PKTJ\\vendor\\laravel\\framework\\src\\Illuminate\\Log\\LogManager.php:200)
[stacktrace]
#0 D:\\laragon\\www\\PPID-PKTJ\\vendor\\laravel\\framework\\src\\Illuminate\\Log\\LogManager.php(125): Illuminate\\Log\\LogManager->resolve('deprecations', NULL)
#1 D:\\laragon\\www\\PPID-PKTJ\\vendor\\laravel\\framework\\src\\Illuminate\\Log\\LogManager.php(112): Illuminate\\Log\\LogManager->get('deprecations')
#2 D:\\laragon\\www\\PPID-PKTJ\\vendor\\laravel\\framework\\src\\Illuminate\\Log\\LogManager.php(101): Illuminate\\Log\\LogManager->driver('deprecations')
#3 D:\\laragon\\www\\PPID-PKTJ\\vendor\\laravel\\framework\\src\\Illuminate\\Foundation\\Bootstrap\\HandleExceptions.php(104): Illuminate\\Log\\LogManager->channel('deprecations')
#4 D:\\laragon\\www\\PPID-PKTJ\\vendor\\laravel\\framework\\src\\Illuminate\\Foundation\\Bootstrap\\HandleExceptions.php(71): Illuminate\\Foundation\\Bootstrap\\HandleExceptions->handleDeprecation('mb_strpos(): Pa...', 'D:\\\\laragon\\\\www\\\\...', 197)
#5 [internal function]: Illuminate\\Foundation\\Bootstrap\\HandleExceptions->handleError(8192, 'mb_strpos(): Pa...', 'D:\\\\laragon\\\\www\\\\...', 197)
#6 D:\\laragon\\www\\PPID-PKTJ\\vendor\\laravel\\framework\\src\\Illuminate\\Support\\Str.php(197): mb_strpos(NULL, 'prosedur')
#7 D:\\laragon\\www\\PPID-PKTJ\\vendor\\laravel\\framework\\src\\Illuminate\\Foundation\\Console\\RouteListCommand.php(188): Illuminate\\Support\\Str::contains(NULL, 'prosedur')
#8 D:\\laragon\\www\\PPID-PKTJ\\vendor\\laravel\\framework\\src\\Illuminate\\Foundation\\Console\\RouteListCommand.php(113): Illuminate\\Foundation\\Console\\RouteListCommand->filterRoute(Array)
#9 D:\\laragon\\www\\PPID-PKTJ\\vendor\\laravel\\framework\\src\\Illuminate\\Foundation\\Console\\RouteListCommand.php(91): Illuminate\\Foundation\\Console\\RouteListCommand->getRouteInformation(Object(Illuminate\\Routing\\Route))
#10 [internal function]: Illuminate\\Foundation\\Console\\RouteListCommand->Illuminate\\Foundation\\Console\\{closure}(Object(Illuminate\\Routing\\Route), 27)
#11 D:\\laragon\\www\\PPID-PKTJ\\vendor\\laravel\\framework\\src\\Illuminate\\Collections\\Collection.php(695): array_map(Object(Closure), Array, Array)
#12 D:\\laragon\\www\\PPID-PKTJ\\vendor\\laravel\\framework\\src\\Illuminate\\Foundation\\Console\\RouteListCommand.php(90): Illuminate\\Support\\Collection->map(Object(Closure))
#13 D:\\laragon\\www\\PPID-PKTJ\\vendor\\laravel\\framework\\src\\Illuminate\\Foundation\\Console\\RouteListCommand.php(76): Illuminate\\Foundation\\Console\\RouteListCommand->getRoutes()
#14 D:\\laragon\\www\\PPID-PKTJ\\vendor\\laravel\\framework\\src\\Illuminate\\Container\\BoundMethod.php(36): Illuminate\\Foundation\\Console\\RouteListCommand->handle()
#15 D:\\laragon\\www\\PPID-PKTJ\\vendor\\laravel\\framework\\src\\Illuminate\\Container\\Util.php(40): Illuminate\\Container\\BoundMethod::Illuminate\\Container\\{closure}()
#16 D:\\laragon\\www\\PPID-PKTJ\\vendor\\laravel\\framework\\src\\Illuminate\\Container\\BoundMethod.php(93): Illuminate\\Container\\Util::unwrapIfClosure(Object(Closure))
#17 D:\\laragon\\www\\PPID-PKTJ\\vendor\\laravel\\framework\\src\\Illuminate\\Container\\BoundMethod.php(35): Illuminate\\Container\\BoundMethod::callBoundMethod(Object(Illuminate\\Foundation\\Application), Array, Object(Closure))
#18 D:\\laragon\\www\\PPID-PKTJ\\vendor\\laravel\\framework\\src\\Illuminate\\Container\\Container.php(653): Illuminate\\Container\\BoundMethod::call(Object(Illuminate\\Foundation\\Application), Array, Array, NULL)
#19 D:\\laragon\\www\\PPID-PKTJ\\vendor\\laravel\\framework\\src\\Illuminate\\Console\\Command.php(136): Illuminate\\Container\\Container->call(Array)
#20 D:\\laragon\\www\\PPID-PKTJ\\vendor\\symfony\\console\\Command\\Command.php(298): Illuminate\\Console\\Command->execute(Object(Symfony\\Component\\Console\\Input\\ArgvInput), Object(Illuminate\\Console\\OutputStyle))
#21 D:\\laragon\\www\\PPID-PKTJ\\vendor\\laravel\\framework\\src\\Illuminate\\Console\\Command.php(120): Symfony\\Component\\Console\\Command\\Command->run(Object(Symfony\\Component\\Console\\Input\\ArgvInput), Object(Illuminate\\Console\\OutputStyle))
#22 D:\\laragon\\www\\PPID-PKTJ\\vendor\\symfony\\console\\Application.php(1040): Illuminate\\Console\\Command->run(Object(Symfony\\Component\\Console\\Input\\ArgvInput), Object(Symfony\\Component\\Console\\Output\\ConsoleOutput))
#23 D:\\laragon\\www\\PPID-PKTJ\\vendor\\symfony\\console\\Application.php(301): Symfony\\Component\\Console\\Application->doRunCommand(Object(Illuminate\\Foundation\\Console\\RouteListCommand), Object(Symfony\\Component\\Console\\Input\\ArgvInput), Object(Symfony\\Component\\Console\\Output\\ConsoleOutput))
#24 D:\\laragon\\www\\PPID-PKTJ\\vendor\\symfony\\console\\Application.php(171): Symfony\\Component\\Console\\Application->doRun(Object(Symfony\\Component\\Console\\Input\\ArgvInput), Object(Symfony\\Component\\Console\\Output\\ConsoleOutput))
#25 D:\\laragon\\www\\PPID-PKTJ\\vendor\\laravel\\framework\\src\\Illuminate\\Console\\Application.php(94): Symfony\\Component\\Console\\Application->run(Object(Symfony\\Component\\Console\\Input\\ArgvInput), Object(Symfony\\Component\\Console\\Output\\ConsoleOutput))
#26 D:\\laragon\\www\\PPID-PKTJ\\vendor\\laravel\\framework\\src\\Illuminate\\Foundation\\Console\\Kernel.php(129): Illuminate\\Console\\Application->run(Object(Symfony\\Component\\Console\\Input\\ArgvInput), Object(Symfony\\Component\\Console\\Output\\ConsoleOutput))
#27 D:\\laragon\\www\\PPID-PKTJ\\artisan(17): Illuminate\\Foundation\\Console\\Kernel->handle(Object(Symfony\\Component\\Console\\Input\\ArgvInput), Object(Symfony\\Component\\Console\\Output\\ConsoleOutput))
#28 {main}
"} 
[2026-09-09 04:53:02] laravel.WARNING: mb_strpos(): Passing null to parameter #1 ($haystack) of type string is deprecated in D:\laragon\www\PPID-PKTJ\vendor\laravel\framework\src\Illuminate\Support\Str.php on line 197  
[2026-09-09 04:53:02] laravel.EMERGENCY: Unable to create configured logger. Using emergency logger. {"exception":"[object] (InvalidArgumentException(code: 0): Log [deprecations] is not defined. at D:\\laragon\\www\\PPID-PKTJ\\vendor\\laravel\\framework\\src\\Illuminate\\Log\\LogManager.php:200)
[stacktrace]
#0 D:\\laragon\\www\\PPID-PKTJ\\vendor\\laravel\\framework\\src\\Illuminate\\Log\\LogManager.php(125): Illuminate\\Log\\LogManager->resolve('deprecations', NULL)
#1 D:\\laragon\\www\\PPID-PKTJ\\vendor\\laravel\\framework\\src\\Illuminate\\Log\\LogManager.php(112): Illuminate\\Log\\LogManager->get('deprecations')
#2 D:\\laragon\\www\\PPID-PKTJ\\vendor\\laravel\\framework\\src\\Illuminate\\Log\\LogManager.php(101): Illuminate\\Log\\LogManager->driver('deprecations')
#3 D:\\laragon\\www\\PPID-PKTJ\\vendor\\laravel\\framework\\src\\Illuminate\\Foundation\\Bootstrap\\HandleExceptions.php(104): Illuminate\\Log\\LogManager->channel('deprecations')
#4 D:\\laragon\\www\\PPID-PKTJ\\vendor\\laravel\\framework\\src\\Illuminate\\Foundation\\Bootstrap\\HandleExceptions.php(71): Illuminate\\Foundation\\Bootstrap\\HandleExceptions->handleDeprecation('mb_strpos(): Pa...', 'D:\\\\laragon\\\\www\\\\...', 197)
#5 [internal function]: Illuminate\\Foundation\\Bootstrap\\HandleExceptions->handleError(8192, 'mb_strpos(): Pa...', 'D:\\\\laragon\\\\www\\\\...', 197)
#6 D:\\laragon\\www\\PPID-PKTJ\\vendor\\laravel\\framework\\src\\Illuminate\\Support\\Str.php(197): mb_strpos(NULL, 'prosedur')
#7 D:\\laragon\\www\\PPID-PKTJ\\vendor\\laravel\\framework\\src\\Illuminate\\Foundation\\Console\\RouteListCommand.php(188): Illuminate\\Support\\Str::contains(NULL, 'prosedur')
#8 D:\\laragon\\www\\PPID-PKTJ\\vendor\\laravel\\framework\\src\\Illuminate\\Foundation\\Console\\RouteListCommand.php(113): Illuminate\\Foundation\\Console\\RouteListCommand->filterRoute(Array)
#9 D:\\laragon\\www\\PPID-PKTJ\\vendor\\laravel\\framework\\src\\Illuminate\\Foundation\\Console\\RouteListCommand.php(91): Illuminate\\Foundation\\Console\\RouteListCommand->getRouteInformation(Object(Illuminate\\Routing\\Route))
#10 [internal function]: Illuminate\\Foundation\\Console\\RouteListCommand->Illuminate\\Foundation\\Console\\{closure}(Object(Illuminate\\Routing\\Route), 28)
#11 D:\\laragon\\www\\PPID-PKTJ\\vendor\\laravel\\framework\\src\\Illuminate\\Collections\\Collection.php(695): array_map(Object(Closure), Array, Array)
#12 D:\\laragon\\www\\PPID-PKTJ\\vendor\\laravel\\framework\\src\\Illuminate\\Foundation\\Console\\RouteListCommand.php(90): Illuminate\\Support\\Collection->map(Object(Closure))
#13 D:\\laragon\\www\\PPID-PKTJ\\vendor\\laravel\\framework\\src\\Illuminate\\Foundation\\Console\\RouteListCommand.php(76): Illuminate\\Foundation\\Console\\RouteListCommand->getRoutes()
#14 D:\\laragon\\www\\PPID-PKTJ\\vendor\\laravel\\framework\\src\\Illuminate\\Container\\BoundMethod.php(36): Illuminate\\Foundation\\Console\\RouteListCommand->handle()
#15 D:\\laragon\\www\\PPID-PKTJ\\vendor\\laravel\\framework\\src\\Illuminate\\Container\\Util.php(40): Illuminate\\Container\\BoundMethod::Illuminate\\Container\\{closure}()
#16 D:\\laragon\\www\\PPID-PKTJ\\vendor\\laravel\\framework\\src\\Illuminate\\Container\\BoundMethod.php(93): Illuminate\\Container\\Util::unwrapIfClosure(Object(Closure))
#17 D:\\laragon\\www\\PPID-PKTJ\\vendor\\laravel\\framework\\src\\Illuminate\\Container\\BoundMethod.php(35): Illuminate\\Container\\BoundMethod::callBoundMethod(Object(Illuminate\\Foundation\\Application), Array, Object(Closure))
#18 D:\\laragon\\www\\PPID-PKTJ\\vendor\\laravel\\framework\\src\\Illuminate\\Container\\Container.php(653): Illuminate\\Container\\BoundMethod::call(Object(Illuminate\\Foundation\\Application), Array, Array, NULL)
#19 D:\\laragon\\www\\PPID-PKTJ\\vendor\\laravel\\framework\\src\\Illuminate\\Console\\Command.php(136): Illuminate\\Container\\Container->call(Array)
#20 D:\\laragon\\www\\PPID-PKTJ\\vendor\\symfony\\console\\Command\\Command.php(298): Illuminate\\Console\\Command->execute(Object(Symfony\\Component\\Console\\Input\\ArgvInput), Object(Illuminate\\Console\\OutputStyle))
#21 D:\\laragon\\www\\PPID-PKTJ\\vendor\\laravel\\framework\\src\\Illuminate\\Console\\Command.php(120): Symfony\\Component\\Console\\Command\\Command->run(Object(Symfony\\Component\\Console\\Input\\ArgvInput), Object(Illuminate\\Console\\OutputStyle))
#22 D:\\laragon\\www\\PPID-PKTJ\\vendor\\symfony\\console\\Application.php(1040): Illuminate\\Console\\Command->run(Object(Symfony\\Component\\Console\\Input\\ArgvInput), Object(Symfony\\Component\\Console\\Output\\ConsoleOutput))
#23 D:\\laragon\\www\\PPID-PKTJ\\vendor\\symfony\\console\\Application.php(301): Symfony\\Component\\Console\\Application->doRunCommand(Object(Illuminate\\Foundation\\Console\\RouteListCommand), Object(Symfony\\Component\\Console\\Input\\ArgvInput), Object(Symfony\\Component\\Console\\Output\\ConsoleOutput))
#24 D:\\laragon\\www\\PPID-PKTJ\\vendor\\symfony\\console\\Application.php(171): Symfony\\Component\\Console\\Application->doRun(Object(Symfony\\Component\\Console\\Input\\ArgvInput), Object(Symfony\\Component\\Console\\Output\\ConsoleOutput))
#25 D:\\laragon\\www\\PPID-PKTJ\\vendor\\laravel\\framework\\src\\Illuminate\\Console\\Application.php(94): Symfony\\Component\\Console\\Application->run(Object(Symfony\\Component\\Console\\Input\\ArgvInput), Object(Symfony\\Component\\Console\\Output\\ConsoleOutput))
#26 D:\\laragon\\www\\PPID-PKTJ\\vendor\\laravel\\framework\\src\\Illuminate\\Foundation\\Console\\Kernel.php(129): Illuminate\\Console\\Application->run(Object(Symfony\\Component\\Console\\Input\\ArgvInput), Object(Symfony\\Component\\Console\\Output\\ConsoleOutput))
#27 D:\\laragon\\www\\PPID-PKTJ\\artisan(17): Illuminate\\Foundation\\Console\\Kernel->handle(Object(Symfony\\Component\\Console\\Input\\ArgvInput), Object(Symfony\\Component\\Console\\Output\\ConsoleOutput))
#28 {main}
"} 
[2026-09-09 04:53:02] laravel.WARNING: mb_strpos(): Passing null to parameter #1 ($haystack) of type string is deprecated in D:\laragon\www\PPID-PKTJ\vendor\laravel\framework\src\Illuminate\Support\Str.php on line 197  
[2026-09-09 04:53:02] laravel.EMERGENCY: Unable to create configured logger. Using emergency logger. {"exception":"[object] (InvalidArgumentException(code: 0): Log [deprecations] is not defined. at D:\\laragon\\www\\PPID-PKTJ\\vendor\\laravel\\framework\\src\\Illuminate\\Log\\LogManager.php:200)
[stacktrace]
#0 D:\\laragon\\www\\PPID-PKTJ\\vendor\\laravel\\framework\\src\\Illuminate\\Log\\LogManager.php(125): Illuminate\\Log\\LogManager->resolve('deprecations', NULL)
#1 D:\\laragon\\www\\PPID-PKTJ\\vendor\\laravel\\framework\\src\\Illuminate\\Log\\LogManager.php(112): Illuminate\\Log\\LogManager->get('deprecations')
#2 D:\\laragon\\www\\PPID-PKTJ\\vendor\\laravel\\framework\\src\\Illuminate\\Log\\LogManager.php(101): Illuminate\\Log\\LogManager->driver('deprecations')
#3 D:\\laragon\\www\\PPID-PKTJ\\vendor\\laravel\\framework\\src\\Illuminate\\Foundation\\Bootstrap\\HandleExceptions.php(104): Illuminate\\Log\\LogManager->channel('deprecations')
#4 D:\\laragon\\www\\PPID-PKTJ\\vendor\\laravel\\framework\\src\\Illuminate\\Foundation\\Bootstrap\\HandleExceptions.php(71): Illuminate\\Foundation\\Bootstrap\\HandleExceptions->handleDeprecation('mb_strpos(): Pa...', 'D:\\\\laragon\\\\www\\\\...', 197)
#5 [internal function]: Illuminate\\Foundation\\Bootstrap\\HandleExceptions->handleError(8192, 'mb_strpos(): Pa...', 'D:\\\\laragon\\\\www\\\\...', 197)
#6 D:\\laragon\\www\\PPID-PKTJ\\vendor\\laravel\\framework\\src\\Illuminate\\Support\\Str.php(197): mb_strpos(NULL, 'prosedur')
#7 D:\\laragon\\www\\PPID-PKTJ\\vendor\\laravel\\framework\\src\\Illuminate\\Foundation\\Console\\RouteListCommand.php(188): Illuminate\\Support\\Str::contains(NULL, 'prosedur')
#8 D:\\laragon\\www\\PPID-PKTJ\\vendor\\laravel\\framework\\src\\Illuminate\\Foundation\\Console\\RouteListCommand.php(113): Illuminate\\Foundation\\Console\\RouteListCommand->filterRoute(Array)
#9 D:\\laragon\\www\\PPID-PKTJ\\vendor\\laravel\\framework\\src\\Illuminate\\Foundation\\Console\\RouteListCommand.php(91): Illuminate\\Foundation\\Console\\RouteListCommand->getRouteInformation(Object(Illuminate\\Routing\\Route))
#10 [internal function]: Illuminate\\Foundation\\Console\\RouteListCommand->Illuminate\\Foundation\\Console\\{closure}(Object(Illuminate\\Routing\\Route), 29)
#11 D:\\laragon\\www\\PPID-PKTJ\\vendor\\laravel\\framework\\src\\Illuminate\\Collections\\Collection.php(695): array_map(Object(Closure), Array, Array)
#12 D:\\laragon\\www\\PPID-PKTJ\\vendor\\laravel\\framework\\src\\Illuminate\\Foundation\\Console\\RouteListCommand.php(90): Illuminate\\Support\\Collection->map(Object(Closure))
#13 D:\\laragon\\www\\PPID-PKTJ\\vendor\\laravel\\framework\\src\\Illuminate\\Foundation\\Console\\RouteListCommand.php(76): Illuminate\\Foundation\\Console\\RouteListCommand->getRoutes()
#14 D:\\laragon\\www\\PPID-PKTJ\\vendor\\laravel\\framework\\src\\Illuminate\\Container\\BoundMethod.php(36): Illuminate\\Foundation\\Console\\RouteListCommand->handle()
#15 D:\\laragon\\www\\PPID-PKTJ\\vendor\\laravel\\framework\\src\\Illuminate\\Container\\Util.php(40): Illuminate\\Container\\BoundMethod::Illuminate\\Container\\{closure}()
#16 D:\\laragon\\www\\PPID-PKTJ\\vendor\\laravel\\framework\\src\\Illuminate\\Container\\BoundMethod.php(93): Illuminate\\Container\\Util::unwrapIfClosure(Object(Closure))
#17 D:\\laragon\\www\\PPID-PKTJ\\vendor\\laravel\\framework\\src\\Illuminate\\Container\\BoundMethod.php(35): Illuminate\\Container\\BoundMethod::callBoundMethod(Object(Illuminate\\Foundation\\Application), Array, Object(Closure))
#18 D:\\laragon\\www\\PPID-PKTJ\\vendor\\laravel\\framework\\src\\Illuminate\\Container\\Container.php(653): Illuminate\\Container\\BoundMethod::call(Object(Illuminate\\Foundation\\Application), Array, Array, NULL)
#19 D:\\laragon\\www\\PPID-PKTJ\\vendor\\laravel\\framework\\src\\Illuminate\\Console\\Command.php(136): Illuminate\\Container\\Container->call(Array)
#20 D:\\laragon\\www\\PPID-PKTJ\\vendor\\symfony\\console\\Command\\Command.php(298): Illuminate\\Console\\Command->execute(Object(Symfony\\Component\\Console\\Input\\ArgvInput), Object(Illuminate\\Console\\OutputStyle))
#21 D:\\laragon\\www\\PPID-PKTJ\\vendor\\laravel\\framework\\src\\Illuminate\\Console\\Command.php(120): Symfony\\Component\\Console\\Command\\Command->run(Object(Symfony\\Component\\Console\\Input\\ArgvInput), Object(Illuminate\\Console\\OutputStyle))
#22 D:\\laragon\\www\\PPID-PKTJ\\vendor\\symfony\\console\\Application.php(1040): Illuminate\\Console\\Command->run(Object(Symfony\\Component\\Console\\Input\\ArgvInput), Object(Symfony\\Component\\Console\\Output\\ConsoleOutput))
#23 D:\\laragon\\www\\PPID-PKTJ\\vendor\\symfony\\console\\Application.php(301): Symfony\\Component\\Console\\Application->doRunCommand(Object(Illuminate\\Foundation\\Console\\RouteListCommand), Object(Symfony\\Component\\Console\\Input\\ArgvInput), Object(Symfony\\Component\\Console\\Output\\ConsoleOutput))
#24 D:\\laragon\\www\\PPID-PKTJ\\vendor\\symfony\\console\\Application.php(171): Symfony\\Component\\Console\\Application->doRun(Object(Symfony\\Component\\Console\\Input\\ArgvInput), Object(Symfony\\Component\\Console\\Output\\ConsoleOutput))
#25 D:\\laragon\\www\\PPID-PKTJ\\vendor\\laravel\\framework\\src\\Illuminate\\Console\\Application.php(94): Symfony\\Component\\Console\\Application->run(Object(Symfony\\Component\\Console\\Input\\ArgvInput), Object(Symfony\\Component\\Console\\Output\\ConsoleOutput))
#26 D:\\laragon\\www\\PPID-PKTJ\\vendor\\laravel\\framework\\src\\Illuminate\\Foundation\\Console\\Kernel.php(129): Illuminate\\Console\\Application->run(Object(Symfony\\Component\\Console\\Input\\ArgvInput), Object(Symfony\\Component\\Console\\Output\\ConsoleOutput))
#27 D:\\laragon\\www\\PPID-PKTJ\\artisan(17): Illuminate\\Foundation\\Console\\Kernel->handle(Object(Symfony\\Component\\Console\\Input\\ArgvInput), Object(Symfony\\Component\\Console\\Output\\ConsoleOutput))
#28 {main}
"} 
[2026-09-09 04:53:02] laravel.WARNING: mb_strpos(): Passing null to parameter #1 ($haystack) of type string is deprecated in D:\laragon\www\PPID-PKTJ\vendor\laravel\framework\src\Illuminate\Support\Str.php on line 197  
[2026-09-09 04:53:02] laravel.EMERGENCY: Unable to create configured logger. Using emergency logger. {"exception":"[object] (InvalidArgumentException(code: 0): Log [deprecations] is not defined. at D:\\laragon\\www\\PPID-PKTJ\\vendor\\laravel\\framework\\src\\Illuminate\\Log\\LogManager.php:200)
[stacktrace]
#0 D:\\laragon\\www\\PPID-PKTJ\\vendor\\laravel\\framework\\src\\Illuminate\\Log\\LogManager.php(125): Illuminate\\Log\\LogManager->resolve('deprecations', NULL)
#1 D:\\laragon\\www\\PPID-PKTJ\\vendor\\laravel\\framework\\src\\Illuminate\\Log\\LogManager.php(112): Illuminate\\Log\\LogManager->get('deprecations')
#2 D:\\laragon\\www\\PPID-PKTJ\\vendor\\laravel\\framework\\src\\Illuminate\\Log\\LogManager.php(101): Illuminate\\Log\\LogManager->driver('deprecations')
#3 D:\\laragon\\www\\PPID-PKTJ\\vendor\\laravel\\framework\\src\\Illuminate\\Foundation\\Bootstrap\\HandleExceptions.php(104): Illuminate\\Log\\LogManager->channel('deprecations')
#4 D:\\laragon\\www\\PPID-PKTJ\\vendor\\laravel\\framework\\src\\Illuminate\\Foundation\\Bootstrap\\HandleExceptions.php(71): Illuminate\\Foundation\\Bootstrap\\HandleExceptions->handleDeprecation('mb_strpos(): Pa...', 'D:\\\\laragon\\\\www\\\\...', 197)
#5 [internal function]: Illuminate\\Foundation\\Bootstrap\\HandleExceptions->handleError(8192, 'mb_strpos(): Pa...', 'D:\\\\laragon\\\\www\\\\...', 197)
#6 D:\\laragon\\www\\PPID-PKTJ\\vendor\\laravel\\framework\\src\\Illuminate\\Support\\Str.php(197): mb_strpos(NULL, 'prosedur')
#7 D:\\laragon\\www\\PPID-PKTJ\\vendor\\laravel\\framework\\src\\Illuminate\\Foundation\\Console\\RouteListCommand.php(188): Illuminate\\Support\\Str::contains(NULL, 'prosedur')
#8 D:\\laragon\\www\\PPID-PKTJ\\vendor\\laravel\\framework\\src\\Illuminate\\Foundation\\Console\\RouteListCommand.php(113): Illuminate\\Foundation\\Console\\RouteListCommand->filterRoute(Array)
#9 D:\\laragon\\www\\PPID-PKTJ\\vendor\\laravel\\framework\\src\\Illuminate\\Foundation\\Console\\RouteListCommand.php(91): Illuminate\\Foundation\\Console\\RouteListCommand->getRouteInformation(Object(Illuminate\\Routing\\Route))
#10 [internal function]: Illuminate\\Foundation\\Console\\RouteListCommand->Illuminate\\Foundation\\Console\\{closure}(Object(Illuminate\\Routing\\Route), 30)
#11 D:\\laragon\\www\\PPID-PKTJ\\vendor\\laravel\\framework\\src\\Illuminate\\Collections\\Collection.php(695): array_map(Object(Closure), Array, Array)
#12 D:\\laragon\\www\\PPID-PKTJ\\vendor\\laravel\\framework\\src\\Illuminate\\Foundation\\Console\\RouteListCommand.php(90): Illuminate\\Support\\Collection->map(Object(Closure))
#13 D:\\laragon\\www\\PPID-PKTJ\\vendor\\laravel\\framework\\src\\Illuminate\\Foundation\\Console\\RouteListCommand.php(76): Illuminate\\Foundation\\Console\\RouteListCommand->getRoutes()
#14 D:\\laragon\\www\\PPID-PKTJ\\vendor\\laravel\\framework\\src\\Illuminate\\Container\\BoundMethod.php(36): Illuminate\\Foundation\\Console\\RouteListCommand->handle()
#15 D:\\laragon\\www\\PPID-PKTJ\\vendor\\laravel\\framework\\src\\Illuminate\\Container\\Util.php(40): Illuminate\\Container\\BoundMethod::Illuminate\\Container\\{closure}()
#16 D:\\laragon\\www\\PPID-PKTJ\\vendor\\laravel\\framework\\src\\Illuminate\\Container\\BoundMethod.php(93): Illuminate\\Container\\Util::unwrapIfClosure(Object(Closure))
#17 D:\\laragon\\www\\PPID-PKTJ\\vendor\\laravel\\framework\\src\\Illuminate\\Container\\BoundMethod.php(35): Illuminate\\Container\\BoundMethod::callBoundMethod(Object(Illuminate\\Foundation\\Application), Array, Object(Closure))
#18 D:\\laragon\\www\\PPID-PKTJ\\vendor\\laravel\\framework\\src\\Illuminate\\Container\\Container.php(653): Illuminate\\Container\\BoundMethod::call(Object(Illuminate\\Foundation\\Application), Array, Array, NULL)
#19 D:\\laragon\\www\\PPID-PKTJ\\vendor\\laravel\\framework\\src\\Illuminate\\Console\\Command.php(136): Illuminate\\Container\\Container->call(Array)
#20 D:\\laragon\\www\\PPID-PKTJ\\vendor\\symfony\\console\\Command\\Command.php(298): Illuminate\\Console\\Command->execute(Object(Symfony\\Component\\Console\\Input\\ArgvInput), Object(Illuminate\\Console\\OutputStyle))
#21 D:\\laragon\\www\\PPID-PKTJ\\vendor\\laravel\\framework\\src\\Illuminate\\Console\\Command.php(120): Symfony\\Component\\Console\\Command\\Command->run(Object(Symfony\\Component\\Console\\Input\\ArgvInput), Object(Illuminate\\Console\\OutputStyle))
#22 D:\\laragon\\www\\PPID-PKTJ\\vendor\\symfony\\console\\Application.php(1040): Illuminate\\Console\\Command->run(Object(Symfony\\Component\\Console\\Input\\ArgvInput), Object(Symfony\\Component\\Console\\Output\\ConsoleOutput))
#23 D:\\laragon\\www\\PPID-PKTJ\\vendor\\symfony\\console\\Application.php(301): Symfony\\Component\\Console\\Application->doRunCommand(Object(Illuminate\\Foundation\\Console\\RouteListCommand), Object(Symfony\\Component\\Console\\Input\\ArgvInput), Object(Symfony\\Component\\Console\\Output\\ConsoleOutput))
#24 D:\\laragon\\www\\PPID-PKTJ\\vendor\\symfony\\console\\Application.php(171): Symfony\\Component\\Console\\Application->doRun(Object(Symfony\\Component\\Console\\Input\\ArgvInput), Object(Symfony\\Component\\Console\\Output\\ConsoleOutput))
#25 D:\\laragon\\www\\PPID-PKTJ\\vendor\\laravel\\framework\\src\\Illuminate\\Console\\Application.php(94): Symfony\\Component\\Console\\Application->run(Object(Symfony\\Component\\Console\\Input\\ArgvInput), Object(Symfony\\Component\\Console\\Output\\ConsoleOutput))
#26 D:\\laragon\\www\\PPID-PKTJ\\vendor\\laravel\\framework\\src\\Illuminate\\Foundation\\Console\\Kernel.php(129): Illuminate\\Console\\Application->run(Object(Symfony\\Component\\Console\\Input\\ArgvInput), Object(Symfony\\Component\\Console\\Output\\ConsoleOutput))
#27 D:\\laragon\\www\\PPID-PKTJ\\artisan(17): Illuminate\\Foundation\\Console\\Kernel->handle(Object(Symfony\\Component\\Console\\Input\\ArgvInput), Object(Symfony\\Component\\Console\\Output\\ConsoleOutput))
#28 {main}
"} 
[2026-09-09 04:53:02] laravel.WARNING: mb_strpos(): Passing null to parameter #1 ($haystack) of type string is deprecated in D:\laragon\www\PPID-PKTJ\vendor\laravel\framework\src\Illuminate\Support\Str.php on line 197  
[2026-09-09 04:53:02] laravel.EMERGENCY: Unable to create configured logger. Using emergency logger. {"exception":"[object] (InvalidArgumentException(code: 0): Log [deprecations] is not defined. at D:\\laragon\\www\\PPID-PKTJ\\vendor\\laravel\\framework\\src\\Illuminate\\Log\\LogManager.php:200)
[stacktrace]
#0 D:\\laragon\\www\\PPID-PKTJ\\vendor\\laravel\\framework\\src\\Illuminate\\Log\\LogManager.php(125): Illuminate\\Log\\LogManager->resolve('deprecations', NULL)
#1 D:\\laragon\\www\\PPID-PKTJ\\vendor\\laravel\\framework\\src\\Illuminate\\Log\\LogManager.php(112): Illuminate\\Log\\LogManager->get('deprecations')
#2 D:\\laragon\\www\\PPID-PKTJ\\vendor\\laravel\\framework\\src\\Illuminate\\Log\\LogManager.php(101): Illuminate\\Log\\LogManager->driver('deprecations')
#3 D:\\laragon\\www\\PPID-PKTJ\\vendor\\laravel\\framework\\src\\Illuminate\\Foundation\\Bootstrap\\HandleExceptions.php(104): Illuminate\\Log\\LogManager->channel('deprecations')
#4 D:\\laragon\\www\\PPID-PKTJ\\vendor\\laravel\\framework\\src\\Illuminate\\Foundation\\Bootstrap\\HandleExceptions.php(71): Illuminate\\Foundation\\Bootstrap\\HandleExceptions->handleDeprecation('mb_strpos(): Pa...', 'D:\\\\laragon\\\\www\\\\...', 197)
#5 [internal function]: Illuminate\\Foundation\\Bootstrap\\HandleExceptions->handleError(8192, 'mb_strpos(): Pa...', 'D:\\\\laragon\\\\www\\\\...', 197)
#6 D:\\laragon\\www\\PPID-PKTJ\\vendor\\laravel\\framework\\src\\Illuminate\\Support\\Str.php(197): mb_strpos(NULL, 'prosedur')
#7 D:\\laragon\\www\\PPID-PKTJ\\vendor\\laravel\\framework\\src\\Illuminate\\Foundation\\Console\\RouteListCommand.php(188): Illuminate\\Support\\Str::contains(NULL, 'prosedur')
#8 D:\\laragon\\www\\PPID-PKTJ\\vendor\\laravel\\framework\\src\\Illuminate\\Foundation\\Console\\RouteListCommand.php(113): Illuminate\\Foundation\\Console\\RouteListCommand->filterRoute(Array)
#9 D:\\laragon\\www\\PPID-PKTJ\\vendor\\laravel\\framework\\src\\Illuminate\\Foundation\\Console\\RouteListCommand.php(91): Illuminate\\Foundation\\Console\\RouteListCommand->getRouteInformation(Object(Illuminate\\Routing\\Route))
#10 [internal function]: Illuminate\\Foundation\\Console\\RouteListCommand->Illuminate\\Foundation\\Console\\{closure}(Object(Illuminate\\Routing\\Route), 31)
#11 D:\\laragon\\www\\PPID-PKTJ\\vendor\\laravel\\framework\\src\\Illuminate\\Collections\\Collection.php(695): array_map(Object(Closure), Array, Array)
#12 D:\\laragon\\www\\PPID-PKTJ\\vendor\\laravel\\framework\\src\\Illuminate\\Foundation\\Console\\RouteListCommand.php(90): Illuminate\\Support\\Collection->map(Object(Closure))
#13 D:\\laragon\\www\\PPID-PKTJ\\vendor\\laravel\\framework\\src\\Illuminate\\Foundation\\Console\\RouteListCommand.php(76): Illuminate\\Foundation\\Console\\RouteListCommand->getRoutes()
#14 D:\\laragon\\www\\PPID-PKTJ\\vendor\\laravel\\framework\\src\\Illuminate\\Container\\BoundMethod.php(36): Illuminate\\Foundation\\Console\\RouteListCommand->handle()
#15 D:\\laragon\\www\\PPID-PKTJ\\vendor\\laravel\\framework\\src\\Illuminate\\Container\\Util.php(40): Illuminate\\Container\\BoundMethod::Illuminate\\Container\\{closure}()
#16 D:\\laragon\\www\\PPID-PKTJ\\vendor\\laravel\\framework\\src\\Illuminate\\Container\\BoundMethod.php(93): Illuminate\\Container\\Util::unwrapIfClosure(Object(Closure))
#17 D:\\laragon\\www\\PPID-PKTJ\\vendor\\laravel\\framework\\src\\Illuminate\\Container\\BoundMethod.php(35): Illuminate\\Container\\BoundMethod::callBoundMethod(Object(Illuminate\\Foundation\\Application), Array, Object(Closure))
#18 D:\\laragon\\www\\PPID-PKTJ\\vendor\\laravel\\framework\\src\\Illuminate\\Container\\Container.php(653): Illuminate\\Container\\BoundMethod::call(Object(Illuminate\\Foundation\\Application), Array, Array, NULL)
#19 D:\\laragon\\www\\PPID-PKTJ\\vendor\\laravel\\framework\\src\\Illuminate\\Console\\Command.php(136): Illuminate\\Container\\Container->call(Array)
#20 D:\\laragon\\www\\PPID-PKTJ\\vendor\\symfony\\console\\Command\\Command.php(298): Illuminate\\Console\\Command->execute(Object(Symfony\\Component\\Console\\Input\\ArgvInput), Object(Illuminate\\Console\\OutputStyle))
#21 D:\\laragon\\www\\PPID-PKTJ\\vendor\\laravel\\framework\\src\\Illuminate\\Console\\Command.php(120): Symfony\\Component\\Console\\Command\\Command->run(Object(Symfony\\Component\\Console\\Input\\ArgvInput), Object(Illuminate\\Console\\OutputStyle))
#22 D:\\laragon\\www\\PPID-PKTJ\\vendor\\symfony\\console\\Application.php(1040): Illuminate\\Console\\Command->run(Object(Symfony\\Component\\Console\\Input\\ArgvInput), Object(Symfony\\Component\\Console\\Output\\ConsoleOutput))
#23 D:\\laragon\\www\\PPID-PKTJ\\vendor\\symfony\\console\\Application.php(301): Symfony\\Component\\Console\\Application->doRunCommand(Object(Illuminate\\Foundation\\Console\\RouteListCommand), Object(Symfony\\Component\\Console\\Input\\ArgvInput), Object(Symfony\\Component\\Console\\Output\\ConsoleOutput))
#24 D:\\laragon\\www\\PPID-PKTJ\\vendor\\symfony\\console\\Application.php(171): Symfony\\Component\\Console\\Application->doRun(Object(Symfony\\Component\\Console\\Input\\ArgvInput), Object(Symfony\\Component\\Console\\Output\\ConsoleOutput))
#25 D:\\laragon\\www\\PPID-PKTJ\\vendor\\laravel\\framework\\src\\Illuminate\\Console\\Application.php(94): Symfony\\Component\\Console\\Application->run(Object(Symfony\\Component\\Console\\Input\\ArgvInput), Object(Symfony\\Component\\Console\\Output\\ConsoleOutput))
#26 D:\\laragon\\www\\PPID-PKTJ\\vendor\\laravel\\framework\\src\\Illuminate\\Foundation\\Console\\Kernel.php(129): Illuminate\\Console\\Application->run(Object(Symfony\\Component\\Console\\Input\\ArgvInput), Object(Symfony\\Component\\Console\\Output\\ConsoleOutput))
#27 D:\\laragon\\www\\PPID-PKTJ\\artisan(17): Illuminate\\Foundation\\Console\\Kernel->handle(Object(Symfony\\Component\\Console\\Input\\ArgvInput), Object(Symfony\\Component\\Console\\Output\\ConsoleOutput))
#28 {main}
"} 
[2026-09-09 04:53:02] laravel.WARNING: mb_strpos(): Passing null to parameter #1 ($haystack) of type string is deprecated in D:\laragon\www\PPID-PKTJ\vendor\laravel\framework\src\Illuminate\Support\Str.php on line 197  
[2026-09-09 04:53:02] laravel.EMERGENCY: Unable to create configured logger. Using emergency logger. {"exception":"[object] (InvalidArgumentException(code: 0): Log [deprecations] is not defined. at D:\\laragon\\www\\PPID-PKTJ\\vendor\\laravel\\framework\\src\\Illuminate\\Log\\LogManager.php:200)
[stacktrace]
#0 D:\\laragon\\www\\PPID-PKTJ\\vendor\\laravel\\framework\\src\\Illuminate\\Log\\LogManager.php(125): Illuminate\\Log\\LogManager->resolve('deprecations', NULL)
#1 D:\\laragon\\www\\PPID-PKTJ\\vendor\\laravel\\framework\\src\\Illuminate\\Log\\LogManager.php(112): Illuminate\\Log\\LogManager->get('deprecations')
#2 D:\\laragon\\www\\PPID-PKTJ\\vendor\\laravel\\framework\\src\\Illuminate\\Log\\LogManager.php(101): Illuminate\\Log\\LogManager->driver('deprecations')
#3 D:\\laragon\\www\\PPID-PKTJ\\vendor\\laravel\\framework\\src\\Illuminate\\Foundation\\Bootstrap\\HandleExceptions.php(104): Illuminate\\Log\\LogManager->channel('deprecations')
#4 D:\\laragon\\www\\PPID-PKTJ\\vendor\\laravel\\framework\\src\\Illuminate\\Foundation\\Bootstrap\\HandleExceptions.php(71): Illuminate\\Foundation\\Bootstrap\\HandleExceptions->handleDeprecation('mb_strpos(): Pa...', 'D:\\\\laragon\\\\www\\\\...', 197)
#5 [internal function]: Illuminate\\Foundation\\Bootstrap\\HandleExceptions->handleError(8192, 'mb_strpos(): Pa...', 'D:\\\\laragon\\\\www\\\\...', 197)
#6 D:\\laragon\\www\\PPID-PKTJ\\vendor\\laravel\\framework\\src\\Illuminate\\Support\\Str.php(197): mb_strpos(NULL, 'prosedur')
#7 D:\\laragon\\www\\PPID-PKTJ\\vendor\\laravel\\framework\\src\\Illuminate\\Foundation\\Console\\RouteListCommand.php(188): Illuminate\\Support\\Str::contains(NULL, 'prosedur')
#8 D:\\laragon\\www\\PPID-PKTJ\\vendor\\laravel\\framework\\src\\Illuminate\\Foundation\\Console\\RouteListCommand.php(113): Illuminate\\Foundation\\Console\\RouteListCommand->filterRoute(Array)
#9 D:\\laragon\\www\\PPID-PKTJ\\vendor\\laravel\\framework\\src\\Illuminate\\Foundation\\Console\\RouteListCommand.php(91): Illuminate\\Foundation\\Console\\RouteListCommand->getRouteInformation(Object(Illuminate\\Routing\\Route))
#10 [internal function]: Illuminate\\Foundation\\Console\\RouteListCommand->Illuminate\\Foundation\\Console\\{closure}(Object(Illuminate\\Routing\\Route), 32)
#11 D:\\laragon\\www\\PPID-PKTJ\\vendor\\laravel\\framework\\src\\Illuminate\\Collections\\Collection.php(695): array_map(Object(Closure), Array, Array)
#12 D:\\laragon\\www\\PPID-PKTJ\\vendor\\laravel\\framework\\src\\Illuminate\\Foundation\\Console\\RouteListCommand.php(90): Illuminate\\Support\\Collection->map(Object(Closure))
#13 D:\\laragon\\www\\PPID-PKTJ\\vendor\\laravel\\framework\\src\\Illuminate\\Foundation\\Console\\RouteListCommand.php(76): Illuminate\\Foundation\\Console\\RouteListCommand->getRoutes()
#14 D:\\laragon\\www\\PPID-PKTJ\\vendor\\laravel\\framework\\src\\Illuminate\\Container\\BoundMethod.php(36): Illuminate\\Foundation\\Console\\RouteListCommand->handle()
#15 D:\\laragon\\www\\PPID-PKTJ\\vendor\\laravel\\framework\\src\\Illuminate\\Container\\Util.php(40): Illuminate\\Container\\BoundMethod::Illuminate\\Container\\{closure}()
#16 D:\\laragon\\www\\PPID-PKTJ\\vendor\\laravel\\framework\\src\\Illuminate\\Container\\BoundMethod.php(93): Illuminate\\Container\\Util::unwrapIfClosure(Object(Closure))
#17 D:\\laragon\\www\\PPID-PKTJ\\vendor\\laravel\\framework\\src\\Illuminate\\Container\\BoundMethod.php(35): Illuminate\\Container\\BoundMethod::callBoundMethod(Object(Illuminate\\Foundation\\Application), Array, Object(Closure))
#18 D:\\laragon\\www\\PPID-PKTJ\\vendor\\laravel\\framework\\src\\Illuminate\\Container\\Container.php(653): Illuminate\\Container\\BoundMethod::call(Object(Illuminate\\Foundation\\Application), Array, Array, NULL)
#19 D:\\laragon\\www\\PPID-PKTJ\\vendor\\laravel\\framework\\src\\Illuminate\\Console\\Command.php(136): Illuminate\\Container\\Container->call(Array)
#20 D:\\laragon\\www\\PPID-PKTJ\\vendor\\symfony\\console\\Command\\Command.php(298): Illuminate\\Console\\Command->execute(Object(Symfony\\Component\\Console\\Input\\ArgvInput), Object(Illuminate\\Console\\OutputStyle))
#21 D:\\laragon\\www\\PPID-PKTJ\\vendor\\laravel\\framework\\src\\Illuminate\\Console\\Command.php(120): Symfony\\Component\\Console\\Command\\Command->run(Object(Symfony\\Component\\Console\\Input\\ArgvInput), Object(Illuminate\\Console\\OutputStyle))
#22 D:\\laragon\\www\\PPID-PKTJ\\vendor\\symfony\\console\\Application.php(1040): Illuminate\\Console\\Command->run(Object(Symfony\\Component\\Console\\Input\\ArgvInput), Object(Symfony\\Component\\Console\\Output\\ConsoleOutput))
#23 D:\\laragon\\www\\PPID-PKTJ\\vendor\\symfony\\console\\Application.php(301): Symfony\\Component\\Console\\Application->doRunCommand(Object(Illuminate\\Foundation\\Console\\RouteListCommand), Object(Symfony\\Component\\Console\\Input\\ArgvInput), Object(Symfony\\Component\\Console\\Output\\ConsoleOutput))
#24 D:\\laragon\\www\\PPID-PKTJ\\vendor\\symfony\\console\\Application.php(171): Symfony\\Component\\Console\\Application->doRun(Object(Symfony\\Component\\Console\\Input\\ArgvInput), Object(Symfony\\Component\\Console\\Output\\ConsoleOutput))
#25 D:\\laragon\\www\\PPID-PKTJ\\vendor\\laravel\\framework\\src\\Illuminate\\Console\\Application.php(94): Symfony\\Component\\Console\\Application->run(Object(Symfony\\Component\\Console\\Input\\ArgvInput), Object(Symfony\\Component\\Console\\Output\\ConsoleOutput))
#26 D:\\laragon\\www\\PPID-PKTJ\\vendor\\laravel\\framework\\src\\Illuminate\\Foundation\\Console\\Kernel.php(129): Illuminate\\Console\\Application->run(Object(Symfony\\Component\\Console\\Input\\ArgvInput), Object(Symfony\\Component\\Console\\Output\\ConsoleOutput))
#27 D:\\laragon\\www\\PPID-PKTJ\\artisan(17): Illuminate\\Foundation\\Console\\Kernel->handle(Object(Symfony\\Component\\Console\\Input\\ArgvInput), Object(Symfony\\Component\\Console\\Output\\ConsoleOutput))
#28 {main}
"} 
[2026-09-09 04:53:02] laravel.WARNING: mb_strpos(): Passing null to parameter #1 ($haystack) of type string is deprecated in D:\laragon\www\PPID-PKTJ\vendor\laravel\framework\src\Illuminate\Support\Str.php on line 197  
[2026-09-09 04:53:03] laravel.EMERGENCY: Unable to create configured logger. Using emergency logger. {"exception":"[object] (InvalidArgumentException(code: 0): Log [deprecations] is not defined. at D:\\laragon\\www\\PPID-PKTJ\\vendor\\laravel\\framework\\src\\Illuminate\\Log\\LogManager.php:200)
[stacktrace]
#0 D:\\laragon\\www\\PPID-PKTJ\\vendor\\laravel\\framework\\src\\Illuminate\\Log\\LogManager.php(125): Illuminate\\Log\\LogManager->resolve('deprecations', NULL)
#1 D:\\laragon\\www\\PPID-PKTJ\\vendor\\laravel\\framework\\src\\Illuminate\\Log\\LogManager.php(112): Illuminate\\Log\\LogManager->get('deprecations')
#2 D:\\laragon\\www\\PPID-PKTJ\\vendor\\laravel\\framework\\src\\Illuminate\\Log\\LogManager.php(101): Illuminate\\Log\\LogManager->driver('deprecations')
#3 D:\\laragon\\www\\PPID-PKTJ\\vendor\\laravel\\framework\\src\\Illuminate\\Foundation\\Bootstrap\\HandleExceptions.php(104): Illuminate\\Log\\LogManager->channel('deprecations')
#4 D:\\laragon\\www\\PPID-PKTJ\\vendor\\laravel\\framework\\src\\Illuminate\\Foundation\\Bootstrap\\HandleExceptions.php(71): Illuminate\\Foundation\\Bootstrap\\HandleExceptions->handleDeprecation('mb_strpos(): Pa...', 'D:\\\\laragon\\\\www\\\\...', 197)
#5 [internal function]: Illuminate\\Foundation\\Bootstrap\\HandleExceptions->handleError(8192, 'mb_strpos(): Pa...', 'D:\\\\laragon\\\\www\\\\...', 197)
#6 D:\\laragon\\www\\PPID-PKTJ\\vendor\\laravel\\framework\\src\\Illuminate\\Support\\Str.php(197): mb_strpos(NULL, 'prosedur')
#7 D:\\laragon\\www\\PPID-PKTJ\\vendor\\laravel\\framework\\src\\Illuminate\\Foundation\\Console\\RouteListCommand.php(188): Illuminate\\Support\\Str::contains(NULL, 'prosedur')
#8 D:\\laragon\\www\\PPID-PKTJ\\vendor\\laravel\\framework\\src\\Illuminate\\Foundation\\Console\\RouteListCommand.php(113): Illuminate\\Foundation\\Console\\RouteListCommand->filterRoute(Array)
#9 D:\\laragon\\www\\PPID-PKTJ\\vendor\\laravel\\framework\\src\\Illuminate\\Foundation\\Console\\RouteListCommand.php(91): Illuminate\\Foundation\\Console\\RouteListCommand->getRouteInformation(Object(Illuminate\\Routing\\Route))
#10 [internal function]: Illuminate\\Foundation\\Console\\RouteListCommand->Illuminate\\Foundation\\Console\\{closure}(Object(Illuminate\\Routing\\Route), 33)
#11 D:\\laragon\\www\\PPID-PKTJ\\vendor\\laravel\\framework\\src\\Illuminate\\Collections\\Collection.php(695): array_map(Object(Closure), Array, Array)
#12 D:\\laragon\\www\\PPID-PKTJ\\vendor\\laravel\\framework\\src\\Illuminate\\Foundation\\Console\\RouteListCommand.php(90): Illuminate\\Support\\Collection->map(Object(Closure))
#13 D:\\laragon\\www\\PPID-PKTJ\\vendor\\laravel\\framework\\src\\Illuminate\\Foundation\\Console\\RouteListCommand.php(76): Illuminate\\Foundation\\Console\\RouteListCommand->getRoutes()
#14 D:\\laragon\\www\\PPID-PKTJ\\vendor\\laravel\\framework\\src\\Illuminate\\Container\\BoundMethod.php(36): Illuminate\\Foundation\\Console\\RouteListCommand->handle()
#15 D:\\laragon\\www\\PPID-PKTJ\\vendor\\laravel\\framework\\src\\Illuminate\\Container\\Util.php(40): Illuminate\\Container\\BoundMethod::Illuminate\\Container\\{closure}()
#16 D:\\laragon\\www\\PPID-PKTJ\\vendor\\laravel\\framework\\src\\Illuminate\\Container\\BoundMethod.php(93): Illuminate\\Container\\Util::unwrapIfClosure(Object(Closure))
#17 D:\\laragon\\www\\PPID-PKTJ\\vendor\\laravel\\framework\\src\\Illuminate\\Container\\BoundMethod.php(35): Illuminate\\Container\\BoundMethod::callBoundMethod(Object(Illuminate\\Foundation\\Application), Array, Object(Closure))
#18 D:\\laragon\\www\\PPID-PKTJ\\vendor\\laravel\\framework\\src\\Illuminate\\Container\\Container.php(653): Illuminate\\Container\\BoundMethod::call(Object(Illuminate\\Foundation\\Application), Array, Array, NULL)
#19 D:\\laragon\\www\\PPID-PKTJ\\vendor\\laravel\\framework\\src\\Illuminate\\Console\\Command.php(136): Illuminate\\Container\\Container->call(Array)
#20 D:\\laragon\\www\\PPID-PKTJ\\vendor\\symfony\\console\\Command\\Command.php(298): Illuminate\\Console\\Command->execute(Object(Symfony\\Component\\Console\\Input\\ArgvInput), Object(Illuminate\\Console\\OutputStyle))
#21 D:\\laragon\\www\\PPID-PKTJ\\vendor\\laravel\\framework\\src\\Illuminate\\Console\\Command.php(120): Symfony\\Component\\Console\\Command\\Command->run(Object(Symfony\\Component\\Console\\Input\\ArgvInput), Object(Illuminate\\Console\\OutputStyle))
#22 D:\\laragon\\www\\PPID-PKTJ\\vendor\\symfony\\console\\Application.php(1040): Illuminate\\Console\\Command->run(Object(Symfony\\Component\\Console\\Input\\ArgvInput), Object(Symfony\\Component\\Console\\Output\\ConsoleOutput))
#23 D:\\laragon\\www\\PPID-PKTJ\\vendor\\symfony\\console\\Application.php(301): Symfony\\Component\\Console\\Application->doRunCommand(Object(Illuminate\\Foundation\\Console\\RouteListCommand), Object(Symfony\\Component\\Console\\Input\\ArgvInput), Object(Symfony\\Component\\Console\\Output\\ConsoleOutput))
#24 D:\\laragon\\www\\PPID-PKTJ\\vendor\\symfony\\console\\Application.php(171): Symfony\\Component\\Console\\Application->doRun(Object(Symfony\\Component\\Console\\Input\\ArgvInput), Object(Symfony\\Component\\Console\\Output\\ConsoleOutput))
#25 D:\\laragon\\www\\PPID-PKTJ\\vendor\\laravel\\framework\\src\\Illuminate\\Console\\Application.php(94): Symfony\\Component\\Console\\Application->run(Object(Symfony\\Component\\Console\\Input\\ArgvInput), Object(Symfony\\Component\\Console\\Output\\ConsoleOutput))
#26 D:\\laragon\\www\\PPID-PKTJ\\vendor\\laravel\\framework\\src\\Illuminate\\Foundation\\Console\\Kernel.php(129): Illuminate\\Console\\Application->run(Object(Symfony\\Component\\Console\\Input\\ArgvInput), Object(Symfony\\Component\\Console\\Output\\ConsoleOutput))
#27 D:\\laragon\\www\\PPID-PKTJ\\artisan(17): Illuminate\\Foundation\\Console\\Kernel->handle(Object(Symfony\\Component\\Console\\Input\\ArgvInput), Object(Symfony\\Component\\Console\\Output\\ConsoleOutput))
#28 {main}
"} 
[2026-09-09 04:53:03] laravel.WARNING: mb_strpos(): Passing null to parameter #1 ($haystack) of type string is deprecated in D:\laragon\www\PPID-PKTJ\vendor\laravel\framework\src\Illuminate\Support\Str.php on line 197  
[2026-09-09 04:53:03] laravel.EMERGENCY: Unable to create configured logger. Using emergency logger. {"exception":"[object] (InvalidArgumentException(code: 0): Log [deprecations] is not defined. at D:\\laragon\\www\\PPID-PKTJ\\vendor\\laravel\\framework\\src\\Illuminate\\Log\\LogManager.php:200)
[stacktrace]
#0 D:\\laragon\\www\\PPID-PKTJ\\vendor\\laravel\\framework\\src\\Illuminate\\Log\\LogManager.php(125): Illuminate\\Log\\LogManager->resolve('deprecations', NULL)
#1 D:\\laragon\\www\\PPID-PKTJ\\vendor\\laravel\\framework\\src\\Illuminate\\Log\\LogManager.php(112): Illuminate\\Log\\LogManager->get('deprecations')
#2 D:\\laragon\\www\\PPID-PKTJ\\vendor\\laravel\\framework\\src\\Illuminate\\Log\\LogManager.php(101): Illuminate\\Log\\LogManager->driver('deprecations')
#3 D:\\laragon\\www\\PPID-PKTJ\\vendor\\laravel\\framework\\src\\Illuminate\\Foundation\\Bootstrap\\HandleExceptions.php(104): Illuminate\\Log\\LogManager->channel('deprecations')
#4 D:\\laragon\\www\\PPID-PKTJ\\vendor\\laravel\\framework\\src\\Illuminate\\Foundation\\Bootstrap\\HandleExceptions.php(71): Illuminate\\Foundation\\Bootstrap\\HandleExceptions->handleDeprecation('mb_strpos(): Pa...', 'D:\\\\laragon\\\\www\\\\...', 197)
#5 [internal function]: Illuminate\\Foundation\\Bootstrap\\HandleExceptions->handleError(8192, 'mb_strpos(): Pa...', 'D:\\\\laragon\\\\www\\\\...', 197)
#6 D:\\laragon\\www\\PPID-PKTJ\\vendor\\laravel\\framework\\src\\Illuminate\\Support\\Str.php(197): mb_strpos(NULL, 'prosedur')
#7 D:\\laragon\\www\\PPID-PKTJ\\vendor\\laravel\\framework\\src\\Illuminate\\Foundation\\Console\\RouteListCommand.php(188): Illuminate\\Support\\Str::contains(NULL, 'prosedur')
#8 D:\\laragon\\www\\PPID-PKTJ\\vendor\\laravel\\framework\\src\\Illuminate\\Foundation\\Console\\RouteListCommand.php(113): Illuminate\\Foundation\\Console\\RouteListCommand->filterRoute(Array)
#9 D:\\laragon\\www\\PPID-PKTJ\\vendor\\laravel\\framework\\src\\Illuminate\\Foundation\\Console\\RouteListCommand.php(91): Illuminate\\Foundation\\Console\\RouteListCommand->getRouteInformation(Object(Illuminate\\Routing\\Route))
#10 [internal function]: Illuminate\\Foundation\\Console\\RouteListCommand->Illuminate\\Foundation\\Console\\{closure}(Object(Illuminate\\Routing\\Route), 34)
#11 D:\\laragon\\www\\PPID-PKTJ\\vendor\\laravel\\framework\\src\\Illuminate\\Collections\\Collection.php(695): array_map(Object(Closure), Array, Array)
#12 D:\\laragon\\www\\PPID-PKTJ\\vendor\\laravel\\framework\\src\\Illuminate\\Foundation\\Console\\RouteListCommand.php(90): Illuminate\\Support\\Collection->map(Object(Closure))
#13 D:\\laragon\\www\\PPID-PKTJ\\vendor\\laravel\\framework\\src\\Illuminate\\Foundation\\Console\\RouteListCommand.php(76): Illuminate\\Foundation\\Console\\RouteListCommand->getRoutes()
#14 D:\\laragon\\www\\PPID-PKTJ\\vendor\\laravel\\framework\\src\\Illuminate\\Container\\BoundMethod.php(36): Illuminate\\Foundation\\Console\\RouteListCommand->handle()
#15 D:\\laragon\\www\\PPID-PKTJ\\vendor\\laravel\\framework\\src\\Illuminate\\Container\\Util.php(40): Illuminate\\Container\\BoundMethod::Illuminate\\Container\\{closure}()
#16 D:\\laragon\\www\\PPID-PKTJ\\vendor\\laravel\\framework\\src\\Illuminate\\Container\\BoundMethod.php(93): Illuminate\\Container\\Util::unwrapIfClosure(Object(Closure))
#17 D:\\laragon\\www\\PPID-PKTJ\\vendor\\laravel\\framework\\src\\Illuminate\\Container\\BoundMethod.php(35): Illuminate\\Container\\BoundMethod::callBoundMethod(Object(Illuminate\\Foundation\\Application), Array, Object(Closure))
#18 D:\\laragon\\www\\PPID-PKTJ\\vendor\\laravel\\framework\\src\\Illuminate\\Container\\Container.php(653): Illuminate\\Container\\BoundMethod::call(Object(Illuminate\\Foundation\\Application), Array, Array, NULL)
#19 D:\\laragon\\www\\PPID-PKTJ\\vendor\\laravel\\framework\\src\\Illuminate\\Console\\Command.php(136): Illuminate\\Container\\Container->call(Array)
#20 D:\\laragon\\www\\PPID-PKTJ\\vendor\\symfony\\console\\Command\\Command.php(298): Illuminate\\Console\\Command->execute(Object(Symfony\\Component\\Console\\Input\\ArgvInput), Object(Illuminate\\Console\\OutputStyle))
#21 D:\\laragon\\www\\PPID-PKTJ\\vendor\\laravel\\framework\\src\\Illuminate\\Console\\Command.php(120): Symfony\\Component\\Console\\Command\\Command->run(Object(Symfony\\Component\\Console\\Input\\ArgvInput), Object(Illuminate\\Console\\OutputStyle))
#22 D:\\laragon\\www\\PPID-PKTJ\\vendor\\symfony\\console\\Application.php(1040): Illuminate\\Console\\Command->run(Object(Symfony\\Component\\Console\\Input\\ArgvInput), Object(Symfony\\Component\\Console\\Output\\ConsoleOutput))
#23 D:\\laragon\\www\\PPID-PKTJ\\vendor\\symfony\\console\\Application.php(301): Symfony\\Component\\Console\\Application->doRunCommand(Object(Illuminate\\Foundation\\Console\\RouteListCommand), Object(Symfony\\Component\\Console\\Input\\ArgvInput), Object(Symfony\\Component\\Console\\Output\\ConsoleOutput))
#24 D:\\laragon\\www\\PPID-PKTJ\\vendor\\symfony\\console\\Application.php(171): Symfony\\Component\\Console\\Application->doRun(Object(Symfony\\Component\\Console\\Input\\ArgvInput), Object(Symfony\\Component\\Console\\Output\\ConsoleOutput))
#25 D:\\laragon\\www\\PPID-PKTJ\\vendor\\laravel\\framework\\src\\Illuminate\\Console\\Application.php(94): Symfony\\Component\\Console\\Application->run(Object(Symfony\\Component\\Console\\Input\\ArgvInput), Object(Symfony\\Component\\Console\\Output\\ConsoleOutput))
#26 D:\\laragon\\www\\PPID-PKTJ\\vendor\\laravel\\framework\\src\\Illuminate\\Foundation\\Console\\Kernel.php(129): Illuminate\\Console\\Application->run(Object(Symfony\\Component\\Console\\Input\\ArgvInput), Object(Symfony\\Component\\Console\\Output\\ConsoleOutput))
#27 D:\\laragon\\www\\PPID-PKTJ\\artisan(17): Illuminate\\Foundation\\Console\\Kernel->handle(Object(Symfony\\Component\\Console\\Input\\ArgvInput), Object(Symfony\\Component\\Console\\Output\\ConsoleOutput))
#28 {main}
"} 
[2026-09-09 04:53:03] laravel.WARNING: mb_strpos(): Passing null to parameter #1 ($haystack) of type string is deprecated in D:\laragon\www\PPID-PKTJ\vendor\laravel\framework\src\Illuminate\Support\Str.php on line 197  
[2026-09-09 04:53:03] laravel.EMERGENCY: Unable to create configured logger. Using emergency logger. {"exception":"[object] (InvalidArgumentException(code: 0): Log [deprecations] is not defined. at D:\\laragon\\www\\PPID-PKTJ\\vendor\\laravel\\framework\\src\\Illuminate\\Log\\LogManager.php:200)
[stacktrace]
#0 D:\\laragon\\www\\PPID-PKTJ\\vendor\\laravel\\framework\\src\\Illuminate\\Log\\LogManager.php(125): Illuminate\\Log\\LogManager->resolve('deprecations', NULL)
#1 D:\\laragon\\www\\PPID-PKTJ\\vendor\\laravel\\framework\\src\\Illuminate\\Log\\LogManager.php(112): Illuminate\\Log\\LogManager->get('deprecations')
#2 D:\\laragon\\www\\PPID-PKTJ\\vendor\\laravel\\framework\\src\\Illuminate\\Log\\LogManager.php(101): Illuminate\\Log\\LogManager->driver('deprecations')
#3 D:\\laragon\\www\\PPID-PKTJ\\vendor\\laravel\\framework\\src\\Illuminate\\Foundation\\Bootstrap\\HandleExceptions.php(104): Illuminate\\Log\\LogManager->channel('deprecations')
#4 D:\\laragon\\www\\PPID-PKTJ\\vendor\\laravel\\framework\\src\\Illuminate\\Foundation\\Bootstrap\\HandleExceptions.php(71): Illuminate\\Foundation\\Bootstrap\\HandleExceptions->handleDeprecation('mb_strpos(): Pa...', 'D:\\\\laragon\\\\www\\\\...', 197)
#5 [internal function]: Illuminate\\Foundation\\Bootstrap\\HandleExceptions->handleError(8192, 'mb_strpos(): Pa...', 'D:\\\\laragon\\\\www\\\\...', 197)
#6 D:\\laragon\\www\\PPID-PKTJ\\vendor\\laravel\\framework\\src\\Illuminate\\Support\\Str.php(197): mb_strpos(NULL, 'prosedur')
#7 D:\\laragon\\www\\PPID-PKTJ\\vendor\\laravel\\framework\\src\\Illuminate\\Foundation\\Console\\RouteListCommand.php(188): Illuminate\\Support\\Str::contains(NULL, 'prosedur')
#8 D:\\laragon\\www\\PPID-PKTJ\\vendor\\laravel\\framework\\src\\Illuminate\\Foundation\\Console\\RouteListCommand.php(113): Illuminate\\Foundation\\Console\\RouteListCommand->filterRoute(Array)
#9 D:\\laragon\\www\\PPID-PKTJ\\vendor\\laravel\\framework\\src\\Illuminate\\Foundation\\Console\\RouteListCommand.php(91): Illuminate\\Foundation\\Console\\RouteListCommand->getRouteInformation(Object(Illuminate\\Routing\\Route))
#10 [internal function]: Illuminate\\Foundation\\Console\\RouteListCommand->Illuminate\\Foundation\\Console\\{closure}(Object(Illuminate\\Routing\\Route), 35)
#11 D:\\laragon\\www\\PPID-PKTJ\\vendor\\laravel\\framework\\src\\Illuminate\\Collections\\Collection.php(695): array_map(Object(Closure), Array, Array)
#12 D:\\laragon\\www\\PPID-PKTJ\\vendor\\laravel\\framework\\src\\Illuminate\\Foundation\\Console\\RouteListCommand.php(90): Illuminate\\Support\\Collection->map(Object(Closure))
#13 D:\\laragon\\www\\PPID-PKTJ\\vendor\\laravel\\framework\\src\\Illuminate\\Foundation\\Console\\RouteListCommand.php(76): Illuminate\\Foundation\\Console\\RouteListCommand->getRoutes()
#14 D:\\laragon\\www\\PPID-PKTJ\\vendor\\laravel\\framework\\src\\Illuminate\\Container\\BoundMethod.php(36): Illuminate\\Foundation\\Console\\RouteListCommand->handle()
#15 D:\\laragon\\www\\PPID-PKTJ\\vendor\\laravel\\framework\\src\\Illuminate\\Container\\Util.php(40): Illuminate\\Container\\BoundMethod::Illuminate\\Container\\{closure}()
#16 D:\\laragon\\www\\PPID-PKTJ\\vendor\\laravel\\framework\\src\\Illuminate\\Container\\BoundMethod.php(93): Illuminate\\Container\\Util::unwrapIfClosure(Object(Closure))
#17 D:\\laragon\\www\\PPID-PKTJ\\vendor\\laravel\\framework\\src\\Illuminate\\Container\\BoundMethod.php(35): Illuminate\\Container\\BoundMethod::callBoundMethod(Object(Illuminate\\Foundation\\Application), Array, Object(Closure))
#18 D:\\laragon\\www\\PPID-PKTJ\\vendor\\laravel\\framework\\src\\Illuminate\\Container\\Container.php(653): Illuminate\\Container\\BoundMethod::call(Object(Illuminate\\Foundation\\Application), Array, Array, NULL)
#19 D:\\laragon\\www\\PPID-PKTJ\\vendor\\laravel\\framework\\src\\Illuminate\\Console\\Command.php(136): Illuminate\\Container\\Container->call(Array)
#20 D:\\laragon\\www\\PPID-PKTJ\\vendor\\symfony\\console\\Command\\Command.php(298): Illuminate\\Console\\Command->execute(Object(Symfony\\Component\\Console\\Input\\ArgvInput), Object(Illuminate\\Console\\OutputStyle))
#21 D:\\laragon\\www\\PPID-PKTJ\\vendor\\laravel\\framework\\src\\Illuminate\\Console\\Command.php(120): Symfony\\Component\\Console\\Command\\Command->run(Object(Symfony\\Component\\Console\\Input\\ArgvInput), Object(Illuminate\\Console\\OutputStyle))
#22 D:\\laragon\\www\\PPID-PKTJ\\vendor\\symfony\\console\\Application.php(1040): Illuminate\\Console\\Command->run(Object(Symfony\\Component\\Console\\Input\\ArgvInput), Object(Symfony\\Component\\Console\\Output\\ConsoleOutput))
#23 D:\\laragon\\www\\PPID-PKTJ\\vendor\\symfony\\console\\Application.php(301): Symfony\\Component\\Console\\Application->doRunCommand(Object(Illuminate\\Foundation\\Console\\RouteListCommand), Object(Symfony\\Component\\Console\\Input\\ArgvInput), Object(Symfony\\Component\\Console\\Output\\ConsoleOutput))
#24 D:\\laragon\\www\\PPID-PKTJ\\vendor\\symfony\\console\\Application.php(171): Symfony\\Component\\Console\\Application->doRun(Object(Symfony\\Component\\Console\\Input\\ArgvInput), Object(Symfony\\Component\\Console\\Output\\ConsoleOutput))
#25 D:\\laragon\\www\\PPID-PKTJ\\vendor\\laravel\\framework\\src\\Illuminate\\Console\\Application.php(94): Symfony\\Component\\Console\\Application->run(Object(Symfony\\Component\\Console\\Input\\ArgvInput), Object(Symfony\\Component\\Console\\Output\\ConsoleOutput))
#26 D:\\laragon\\www\\PPID-PKTJ\\vendor\\laravel\\framework\\src\\Illuminate\\Foundation\\Console\\Kernel.php(129): Illuminate\\Console\\Application->run(Object(Symfony\\Component\\Console\\Input\\ArgvInput), Object(Symfony\\Component\\Console\\Output\\ConsoleOutput))
#27 D:\\laragon\\www\\PPID-PKTJ\\artisan(17): Illuminate\\Foundation\\Console\\Kernel->handle(Object(Symfony\\Component\\Console\\Input\\ArgvInput), Object(Symfony\\Component\\Console\\Output\\ConsoleOutput))
#28 {main}
"} 
[2026-09-09 04:53:03] laravel.WARNING: mb_strpos(): Passing null to parameter #1 ($haystack) of type string is deprecated in D:\laragon\www\PPID-PKTJ\vendor\laravel\framework\src\Illuminate\Support\Str.php on line 197  
[2026-09-09 04:53:03] laravel.EMERGENCY: Unable to create configured logger. Using emergency logger. {"exception":"[object] (InvalidArgumentException(code: 0): Log [deprecations] is not defined. at D:\\laragon\\www\\PPID-PKTJ\\vendor\\laravel\\framework\\src\\Illuminate\\Log\\LogManager.php:200)
[stacktrace]
#0 D:\\laragon\\www\\PPID-PKTJ\\vendor\\laravel\\framework\\src\\Illuminate\\Log\\LogManager.php(125): Illuminate\\Log\\LogManager->resolve('deprecations', NULL)
#1 D:\\laragon\\www\\PPID-PKTJ\\vendor\\laravel\\framework\\src\\Illuminate\\Log\\LogManager.php(112): Illuminate\\Log\\LogManager->get('deprecations')
#2 D:\\laragon\\www\\PPID-PKTJ\\vendor\\laravel\\framework\\src\\Illuminate\\Log\\LogManager.php(101): Illuminate\\Log\\LogManager->driver('deprecations')
#3 D:\\laragon\\www\\PPID-PKTJ\\vendor\\laravel\\framework\\src\\Illuminate\\Foundation\\Bootstrap\\HandleExceptions.php(104): Illuminate\\Log\\LogManager->channel('deprecations')
#4 D:\\laragon\\www\\PPID-PKTJ\\vendor\\laravel\\framework\\src\\Illuminate\\Foundation\\Bootstrap\\HandleExceptions.php(71): Illuminate\\Foundation\\Bootstrap\\HandleExceptions->handleDeprecation('mb_strpos(): Pa...', 'D:\\\\laragon\\\\www\\\\...', 197)
#5 [internal function]: Illuminate\\Foundation\\Bootstrap\\HandleExceptions->handleError(8192, 'mb_strpos(): Pa...', 'D:\\\\laragon\\\\www\\\\...', 197)
#6 D:\\laragon\\www\\PPID-PKTJ\\vendor\\laravel\\framework\\src\\Illuminate\\Support\\Str.php(197): mb_strpos(NULL, 'prosedur')
#7 D:\\laragon\\www\\PPID-PKTJ\\vendor\\laravel\\framework\\src\\Illuminate\\Foundation\\Console\\RouteListCommand.php(188): Illuminate\\Support\\Str::contains(NULL, 'prosedur')
#8 D:\\laragon\\www\\PPID-PKTJ\\vendor\\laravel\\framework\\src\\Illuminate\\Foundation\\Console\\RouteListCommand.php(113): Illuminate\\Foundation\\Console\\RouteListCommand->filterRoute(Array)
#9 D:\\laragon\\www\\PPID-PKTJ\\vendor\\laravel\\framework\\src\\Illuminate\\Foundation\\Console\\RouteListCommand.php(91): Illuminate\\Foundation\\Console\\RouteListCommand->getRouteInformation(Object(Illuminate\\Routing\\Route))
#10 [internal function]: Illuminate\\Foundation\\Console\\RouteListCommand->Illuminate\\Foundation\\Console\\{closure}(Object(Illuminate\\Routing\\Route), 38)
#11 D:\\laragon\\www\\PPID-PKTJ\\vendor\\laravel\\framework\\src\\Illuminate\\Collections\\Collection.php(695): array_map(Object(Closure), Array, Array)
#12 D:\\laragon\\www\\PPID-PKTJ\\vendor\\laravel\\framework\\src\\Illuminate\\Foundation\\Console\\RouteListCommand.php(90): Illuminate\\Support\\Collection->map(Object(Closure))
#13 D:\\laragon\\www\\PPID-PKTJ\\vendor\\laravel\\framework\\src\\Illuminate\\Foundation\\Console\\RouteListCommand.php(76): Illuminate\\Foundation\\Console\\RouteListCommand->getRoutes()
#14 D:\\laragon\\www\\PPID-PKTJ\\vendor\\laravel\\framework\\src\\Illuminate\\Container\\BoundMethod.php(36): Illuminate\\Foundation\\Console\\RouteListCommand->handle()
#15 D:\\laragon\\www\\PPID-PKTJ\\vendor\\laravel\\framework\\src\\Illuminate\\Container\\Util.php(40): Illuminate\\Container\\BoundMethod::Illuminate\\Container\\{closure}()
#16 D:\\laragon\\www\\PPID-PKTJ\\vendor\\laravel\\framework\\src\\Illuminate\\Container\\BoundMethod.php(93): Illuminate\\Container\\Util::unwrapIfClosure(Object(Closure))
#17 D:\\laragon\\www\\PPID-PKTJ\\vendor\\laravel\\framework\\src\\Illuminate\\Container\\BoundMethod.php(35): Illuminate\\Container\\BoundMethod::callBoundMethod(Object(Illuminate\\Foundation\\Application), Array, Object(Closure))
#18 D:\\laragon\\www\\PPID-PKTJ\\vendor\\laravel\\framework\\src\\Illuminate\\Container\\Container.php(653): Illuminate\\Container\\BoundMethod::call(Object(Illuminate\\Foundation\\Application), Array, Array, NULL)
#19 D:\\laragon\\www\\PPID-PKTJ\\vendor\\laravel\\framework\\src\\Illuminate\\Console\\Command.php(136): Illuminate\\Container\\Container->call(Array)
#20 D:\\laragon\\www\\PPID-PKTJ\\vendor\\symfony\\console\\Command\\Command.php(298): Illuminate\\Console\\Command->execute(Object(Symfony\\Component\\Console\\Input\\ArgvInput), Object(Illuminate\\Console\\OutputStyle))
#21 D:\\laragon\\www\\PPID-PKTJ\\vendor\\laravel\\framework\\src\\Illuminate\\Console\\Command.php(120): Symfony\\Component\\Console\\Command\\Command->run(Object(Symfony\\Component\\Console\\Input\\ArgvInput), Object(Illuminate\\Console\\OutputStyle))
#22 D:\\laragon\\www\\PPID-PKTJ\\vendor\\symfony\\console\\Application.php(1040): Illuminate\\Console\\Command->run(Object(Symfony\\Component\\Console\\Input\\ArgvInput), Object(Symfony\\Component\\Console\\Output\\ConsoleOutput))
#23 D:\\laragon\\www\\PPID-PKTJ\\vendor\\symfony\\console\\Application.php(301): Symfony\\Component\\Console\\Application->doRunCommand(Object(Illuminate\\Foundation\\Console\\RouteListCommand), Object(Symfony\\Component\\Console\\Input\\ArgvInput), Object(Symfony\\Component\\Console\\Output\\ConsoleOutput))
#24 D:\\laragon\\www\\PPID-PKTJ\\vendor\\symfony\\console\\Application.php(171): Symfony\\Component\\Console\\Application->doRun(Object(Symfony\\Component\\Console\\Input\\ArgvInput), Object(Symfony\\Component\\Console\\Output\\ConsoleOutput))
#25 D:\\laragon\\www\\PPID-PKTJ\\vendor\\laravel\\framework\\src\\Illuminate\\Console\\Application.php(94): Symfony\\Component\\Console\\Application->run(Object(Symfony\\Component\\Console\\Input\\ArgvInput), Object(Symfony\\Component\\Console\\Output\\ConsoleOutput))
#26 D:\\laragon\\www\\PPID-PKTJ\\vendor\\laravel\\framework\\src\\Illuminate\\Foundation\\Console\\Kernel.php(129): Illuminate\\Console\\Application->run(Object(Symfony\\Component\\Console\\Input\\ArgvInput), Object(Symfony\\Component\\Console\\Output\\ConsoleOutput))
#27 D:\\laragon\\www\\PPID-PKTJ\\artisan(17): Illuminate\\Foundation\\Console\\Kernel->handle(Object(Symfony\\Component\\Console\\Input\\ArgvInput), Object(Symfony\\Component\\Console\\Output\\ConsoleOutput))
#28 {main}
"} 
[2026-09-09 04:53:03] laravel.WARNING: mb_strpos(): Passing null to parameter #1 ($haystack) of type string is deprecated in D:\laragon\www\PPID-PKTJ\vendor\laravel\framework\src\Illuminate\Support\Str.php on line 197  
[2026-09-09 04:53:03] laravel.EMERGENCY: Unable to create configured logger. Using emergency logger. {"exception":"[object] (InvalidArgumentException(code: 0): Log [deprecations] is not defined. at D:\\laragon\\www\\PPID-PKTJ\\vendor\\laravel\\framework\\src\\Illuminate\\Log\\LogManager.php:200)
[stacktrace]
#0 D:\\laragon\\www\\PPID-PKTJ\\vendor\\laravel\\framework\\src\\Illuminate\\Log\\LogManager.php(125): Illuminate\\Log\\LogManager->resolve('deprecations', NULL)
#1 D:\\laragon\\www\\PPID-PKTJ\\vendor\\laravel\\framework\\src\\Illuminate\\Log\\LogManager.php(112): Illuminate\\Log\\LogManager->get('deprecations')
#2 D:\\laragon\\www\\PPID-PKTJ\\vendor\\laravel\\framework\\src\\Illuminate\\Log\\LogManager.php(101): Illuminate\\Log\\LogManager->driver('deprecations')
#3 D:\\laragon\\www\\PPID-PKTJ\\vendor\\laravel\\framework\\src\\Illuminate\\Foundation\\Bootstrap\\HandleExceptions.php(104): Illuminate\\Log\\LogManager->channel('deprecations')
#4 D:\\laragon\\www\\PPID-PKTJ\\vendor\\laravel\\framework\\src\\Illuminate\\Foundation\\Bootstrap\\HandleExceptions.php(71): Illuminate\\Foundation\\Bootstrap\\HandleExceptions->handleDeprecation('mb_strpos(): Pa...', 'D:\\\\laragon\\\\www\\\\...', 197)
#5 [internal function]: Illuminate\\Foundation\\Bootstrap\\HandleExceptions->handleError(8192, 'mb_strpos(): Pa...', 'D:\\\\laragon\\\\www\\\\...', 197)
#6 D:\\laragon\\www\\PPID-PKTJ\\vendor\\laravel\\framework\\src\\Illuminate\\Support\\Str.php(197): mb_strpos(NULL, 'prosedur')
#7 D:\\laragon\\www\\PPID-PKTJ\\vendor\\laravel\\framework\\src\\Illuminate\\Foundation\\Console\\RouteListCommand.php(188): Illuminate\\Support\\Str::contains(NULL, 'prosedur')
#8 D:\\laragon\\www\\PPID-PKTJ\\vendor\\laravel\\framework\\src\\Illuminate\\Foundation\\Console\\RouteListCommand.php(113): Illuminate\\Foundation\\Console\\RouteListCommand->filterRoute(Array)
#9 D:\\laragon\\www\\PPID-PKTJ\\vendor\\laravel\\framework\\src\\Illuminate\\Foundation\\Console\\RouteListCommand.php(91): Illuminate\\Foundation\\Console\\RouteListCommand->getRouteInformation(Object(Illuminate\\Routing\\Route))
#10 [internal function]: Illuminate\\Foundation\\Console\\RouteListCommand->Illuminate\\Foundation\\Console\\{closure}(Object(Illuminate\\Routing\\Route), 39)
#11 D:\\laragon\\www\\PPID-PKTJ\\vendor\\laravel\\framework\\src\\Illuminate\\Collections\\Collection.php(695): array_map(Object(Closure), Array, Array)
#12 D:\\laragon\\www\\PPID-PKTJ\\vendor\\laravel\\framework\\src\\Illuminate\\Foundation\\Console\\RouteListCommand.php(90): Illuminate\\Support\\Collection->map(Object(Closure))
#13 D:\\laragon\\www\\PPID-PKTJ\\vendor\\laravel\\framework\\src\\Illuminate\\Foundation\\Console\\RouteListCommand.php(76): Illuminate\\Foundation\\Console\\RouteListCommand->getRoutes()
#14 D:\\laragon\\www\\PPID-PKTJ\\vendor\\laravel\\framework\\src\\Illuminate\\Container\\BoundMethod.php(36): Illuminate\\Foundation\\Console\\RouteListCommand->handle()
#15 D:\\laragon\\www\\PPID-PKTJ\\vendor\\laravel\\framework\\src\\Illuminate\\Container\\Util.php(40): Illuminate\\Container\\BoundMethod::Illuminate\\Container\\{closure}()
#16 D:\\laragon\\www\\PPID-PKTJ\\vendor\\laravel\\framework\\src\\Illuminate\\Container\\BoundMethod.php(93): Illuminate\\Container\\Util::unwrapIfClosure(Object(Closure))
#17 D:\\laragon\\www\\PPID-PKTJ\\vendor\\laravel\\framework\\src\\Illuminate\\Container\\BoundMethod.php(35): Illuminate\\Container\\BoundMethod::callBoundMethod(Object(Illuminate\\Foundation\\Application), Array, Object(Closure))
#18 D:\\laragon\\www\\PPID-PKTJ\\vendor\\laravel\\framework\\src\\Illuminate\\Container\\Container.php(653): Illuminate\\Container\\BoundMethod::call(Object(Illuminate\\Foundation\\Application), Array, Array, NULL)
#19 D:\\laragon\\www\\PPID-PKTJ\\vendor\\laravel\\framework\\src\\Illuminate\\Console\\Command.php(136): Illuminate\\Container\\Container->call(Array)
#20 D:\\laragon\\www\\PPID-PKTJ\\vendor\\symfony\\console\\Command\\Command.php(298): Illuminate\\Console\\Command->execute(Object(Symfony\\Component\\Console\\Input\\ArgvInput), Object(Illuminate\\Console\\OutputStyle))
#21 D:\\laragon\\www\\PPID-PKTJ\\vendor\\laravel\\framework\\src\\Illuminate\\Console\\Command.php(120): Symfony\\Component\\Console\\Command\\Command->run(Object(Symfony\\Component\\Console\\Input\\ArgvInput), Object(Illuminate\\Console\\OutputStyle))
#22 D:\\laragon\\www\\PPID-PKTJ\\vendor\\symfony\\console\\Application.php(1040): Illuminate\\Console\\Command->run(Object(Symfony\\Component\\Console\\Input\\ArgvInput), Object(Symfony\\Component\\Console\\Output\\ConsoleOutput))
#23 D:\\laragon\\www\\PPID-PKTJ\\vendor\\symfony\\console\\Application.php(301): Symfony\\Component\\Console\\Application->doRunCommand(Object(Illuminate\\Foundation\\Console\\RouteListCommand), Object(Symfony\\Component\\Console\\Input\\ArgvInput), Object(Symfony\\Component\\Console\\Output\\ConsoleOutput))
#24 D:\\laragon\\www\\PPID-PKTJ\\vendor\\symfony\\console\\Application.php(171): Symfony\\Component\\Console\\Application->doRun(Object(Symfony\\Component\\Console\\Input\\ArgvInput), Object(Symfony\\Component\\Console\\Output\\ConsoleOutput))
#25 D:\\laragon\\www\\PPID-PKTJ\\vendor\\laravel\\framework\\src\\Illuminate\\Console\\Application.php(94): Symfony\\Component\\Console\\Application->run(Object(Symfony\\Component\\Console\\Input\\ArgvInput), Object(Symfony\\Component\\Console\\Output\\ConsoleOutput))
#26 D:\\laragon\\www\\PPID-PKTJ\\vendor\\laravel\\framework\\src\\Illuminate\\Foundation\\Console\\Kernel.php(129): Illuminate\\Console\\Application->run(Object(Symfony\\Component\\Console\\Input\\ArgvInput), Object(Symfony\\Component\\Console\\Output\\ConsoleOutput))
#27 D:\\laragon\\www\\PPID-PKTJ\\artisan(17): Illuminate\\Foundation\\Console\\Kernel->handle(Object(Symfony\\Component\\Console\\Input\\ArgvInput), Object(Symfony\\Component\\Console\\Output\\ConsoleOutput))
#28 {main}
"} 
[2026-09-09 04:53:03] laravel.WARNING: mb_strpos(): Passing null to parameter #1 ($haystack) of type string is deprecated in D:\laragon\www\PPID-PKTJ\vendor\laravel\framework\src\Illuminate\Support\Str.php on line 197  
[2026-09-09 04:53:03] laravel.EMERGENCY: Unable to create configured logger. Using emergency logger. {"exception":"[object] (InvalidArgumentException(code: 0): Log [deprecations] is not defined. at D:\\laragon\\www\\PPID-PKTJ\\vendor\\laravel\\framework\\src\\Illuminate\\Log\\LogManager.php:200)
[stacktrace]
#0 D:\\laragon\\www\\PPID-PKTJ\\vendor\\laravel\\framework\\src\\Illuminate\\Log\\LogManager.php(125): Illuminate\\Log\\LogManager->resolve('deprecations', NULL)
#1 D:\\laragon\\www\\PPID-PKTJ\\vendor\\laravel\\framework\\src\\Illuminate\\Log\\LogManager.php(112): Illuminate\\Log\\LogManager->get('deprecations')
#2 D:\\laragon\\www\\PPID-PKTJ\\vendor\\laravel\\framework\\src\\Illuminate\\Log\\LogManager.php(101): Illuminate\\Log\\LogManager->driver('deprecations')
#3 D:\\laragon\\www\\PPID-PKTJ\\vendor\\laravel\\framework\\src\\Illuminate\\Foundation\\Bootstrap\\HandleExceptions.php(104): Illuminate\\Log\\LogManager->channel('deprecations')
#4 D:\\laragon\\www\\PPID-PKTJ\\vendor\\laravel\\framework\\src\\Illuminate\\Foundation\\Bootstrap\\HandleExceptions.php(71): Illuminate\\Foundation\\Bootstrap\\HandleExceptions->handleDeprecation('mb_strpos(): Pa...', 'D:\\\\laragon\\\\www\\\\...', 197)
#5 [internal function]: Illuminate\\Foundation\\Bootstrap\\HandleExceptions->handleError(8192, 'mb_strpos(): Pa...', 'D:\\\\laragon\\\\www\\\\...', 197)
#6 D:\\laragon\\www\\PPID-PKTJ\\vendor\\laravel\\framework\\src\\Illuminate\\Support\\Str.php(197): mb_strpos(NULL, 'prosedur')
#7 D:\\laragon\\www\\PPID-PKTJ\\vendor\\laravel\\framework\\src\\Illuminate\\Foundation\\Console\\RouteListCommand.php(188): Illuminate\\Support\\Str::contains(NULL, 'prosedur')
#8 D:\\laragon\\www\\PPID-PKTJ\\vendor\\laravel\\framework\\src\\Illuminate\\Foundation\\Console\\RouteListCommand.php(113): Illuminate\\Foundation\\Console\\RouteListCommand->filterRoute(Array)
#9 D:\\laragon\\www\\PPID-PKTJ\\vendor\\laravel\\framework\\src\\Illuminate\\Foundation\\Console\\RouteListCommand.php(91): Illuminate\\Foundation\\Console\\RouteListCommand->getRouteInformation(Object(Illuminate\\Routing\\Route))
#10 [internal function]: Illuminate\\Foundation\\Console\\RouteListCommand->Illuminate\\Foundation\\Console\\{closure}(Object(Illuminate\\Routing\\Route), 40)
#11 D:\\laragon\\www\\PPID-PKTJ\\vendor\\laravel\\framework\\src\\Illuminate\\Collections\\Collection.php(695): array_map(Object(Closure), Array, Array)
#12 D:\\laragon\\www\\PPID-PKTJ\\vendor\\laravel\\framework\\src\\Illuminate\\Foundation\\Console\\RouteListCommand.php(90): Illuminate\\Support\\Collection->map(Object(Closure))
#13 D:\\laragon\\www\\PPID-PKTJ\\vendor\\laravel\\framework\\src\\Illuminate\\Foundation\\Console\\RouteListCommand.php(76): Illuminate\\Foundation\\Console\\RouteListCommand->getRoutes()
#14 D:\\laragon\\www\\PPID-PKTJ\\vendor\\laravel\\framework\\src\\Illuminate\\Container\\BoundMethod.php(36): Illuminate\\Foundation\\Console\\RouteListCommand->handle()
#15 D:\\laragon\\www\\PPID-PKTJ\\vendor\\laravel\\framework\\src\\Illuminate\\Container\\Util.php(40): Illuminate\\Container\\BoundMethod::Illuminate\\Container\\{closure}()
#16 D:\\laragon\\www\\PPID-PKTJ\\vendor\\laravel\\framework\\src\\Illuminate\\Container\\BoundMethod.php(93): Illuminate\\Container\\Util::unwrapIfClosure(Object(Closure))
#17 D:\\laragon\\www\\PPID-PKTJ\\vendor\\laravel\\framework\\src\\Illuminate\\Container\\BoundMethod.php(35): Illuminate\\Container\\BoundMethod::callBoundMethod(Object(Illuminate\\Foundation\\Application), Array, Object(Closure))
#18 D:\\laragon\\www\\PPID-PKTJ\\vendor\\laravel\\framework\\src\\Illuminate\\Container\\Container.php(653): Illuminate\\Container\\BoundMethod::call(Object(Illuminate\\Foundation\\Application), Array, Array, NULL)
#19 D:\\laragon\\www\\PPID-PKTJ\\vendor\\laravel\\framework\\src\\Illuminate\\Console\\Command.php(136): Illuminate\\Container\\Container->call(Array)
#20 D:\\laragon\\www\\PPID-PKTJ\\vendor\\symfony\\console\\Command\\Command.php(298): Illuminate\\Console\\Command->execute(Object(Symfony\\Component\\Console\\Input\\ArgvInput), Object(Illuminate\\Console\\OutputStyle))
#21 D:\\laragon\\www\\PPID-PKTJ\\vendor\\laravel\\framework\\src\\Illuminate\\Console\\Command.php(120): Symfony\\Component\\Console\\Command\\Command->run(Object(Symfony\\Component\\Console\\Input\\ArgvInput), Object(Illuminate\\Console\\OutputStyle))
#22 D:\\laragon\\www\\PPID-PKTJ\\vendor\\symfony\\console\\Application.php(1040): Illuminate\\Console\\Command->run(Object(Symfony\\Component\\Console\\Input\\ArgvInput), Object(Symfony\\Component\\Console\\Output\\ConsoleOutput))
#23 D:\\laragon\\www\\PPID-PKTJ\\vendor\\symfony\\console\\Application.php(301): Symfony\\Component\\Console\\Application->doRunCommand(Object(Illuminate\\Foundation\\Console\\RouteListCommand), Object(Symfony\\Component\\Console\\Input\\ArgvInput), Object(Symfony\\Component\\Console\\Output\\ConsoleOutput))
#24 D:\\laragon\\www\\PPID-PKTJ\\vendor\\symfony\\console\\Application.php(171): Symfony\\Component\\Console\\Application->doRun(Object(Symfony\\Component\\Console\\Input\\ArgvInput), Object(Symfony\\Component\\Console\\Output\\ConsoleOutput))
#25 D:\\laragon\\www\\PPID-PKTJ\\vendor\\laravel\\framework\\src\\Illuminate\\Console\\Application.php(94): Symfony\\Component\\Console\\Application->run(Object(Symfony\\Component\\Console\\Input\\ArgvInput), Object(Symfony\\Component\\Console\\Output\\ConsoleOutput))
#26 D:\\laragon\\www\\PPID-PKTJ\\vendor\\laravel\\framework\\src\\Illuminate\\Foundation\\Console\\Kernel.php(129): Illuminate\\Console\\Application->run(Object(Symfony\\Component\\Console\\Input\\ArgvInput), Object(Symfony\\Component\\Console\\Output\\ConsoleOutput))
#27 D:\\laragon\\www\\PPID-PKTJ\\artisan(17): Illuminate\\Foundation\\Console\\Kernel->handle(Object(Symfony\\Component\\Console\\Input\\ArgvInput), Object(Symfony\\Component\\Console\\Output\\ConsoleOutput))
#28 {main}
"} 
[2026-09-09 04:53:03] laravel.WARNING: mb_strpos(): Passing null to parameter #1 ($haystack) of type string is deprecated in D:\laragon\www\PPID-PKTJ\vendor\laravel\framework\src\Illuminate\Support\Str.php on line 197  
[2026-09-09 04:53:03] laravel.EMERGENCY: Unable to create configured logger. Using emergency logger. {"exception":"[object] (InvalidArgumentException(code: 0): Log [deprecations] is not defined. at D:\\laragon\\www\\PPID-PKTJ\\vendor\\laravel\\framework\\src\\Illuminate\\Log\\LogManager.php:200)
[stacktrace]
#0 D:\\laragon\\www\\PPID-PKTJ\\vendor\\laravel\\framework\\src\\Illuminate\\Log\\LogManager.php(125): Illuminate\\Log\\LogManager->resolve('deprecations', NULL)
#1 D:\\laragon\\www\\PPID-PKTJ\\vendor\\laravel\\framework\\src\\Illuminate\\Log\\LogManager.php(112): Illuminate\\Log\\LogManager->get('deprecations')
#2 D:\\laragon\\www\\PPID-PKTJ\\vendor\\laravel\\framework\\src\\Illuminate\\Log\\LogManager.php(101): Illuminate\\Log\\LogManager->driver('deprecations')
#3 D:\\laragon\\www\\PPID-PKTJ\\vendor\\laravel\\framework\\src\\Illuminate\\Foundation\\Bootstrap\\HandleExceptions.php(104): Illuminate\\Log\\LogManager->channel('deprecations')
#4 D:\\laragon\\www\\PPID-PKTJ\\vendor\\laravel\\framework\\src\\Illuminate\\Foundation\\Bootstrap\\HandleExceptions.php(71): Illuminate\\Foundation\\Bootstrap\\HandleExceptions->handleDeprecation('mb_strpos(): Pa...', 'D:\\\\laragon\\\\www\\\\...', 197)
#5 [internal function]: Illuminate\\Foundation\\Bootstrap\\HandleExceptions->handleError(8192, 'mb_strpos(): Pa...', 'D:\\\\laragon\\\\www\\\\...', 197)
#6 D:\\laragon\\www\\PPID-PKTJ\\vendor\\laravel\\framework\\src\\Illuminate\\Support\\Str.php(197): mb_strpos(NULL, 'prosedur')
#7 D:\\laragon\\www\\PPID-PKTJ\\vendor\\laravel\\framework\\src\\Illuminate\\Foundation\\Console\\RouteListCommand.php(188): Illuminate\\Support\\Str::contains(NULL, 'prosedur')
#8 D:\\laragon\\www\\PPID-PKTJ\\vendor\\laravel\\framework\\src\\Illuminate\\Foundation\\Console\\RouteListCommand.php(113): Illuminate\\Foundation\\Console\\RouteListCommand->filterRoute(Array)
#9 D:\\laragon\\www\\PPID-PKTJ\\vendor\\laravel\\framework\\src\\Illuminate\\Foundation\\Console\\RouteListCommand.php(91): Illuminate\\Foundation\\Console\\RouteListCommand->getRouteInformation(Object(Illuminate\\Routing\\Route))
#10 [internal function]: Illuminate\\Foundation\\Console\\RouteListCommand->Illuminate\\Foundation\\Console\\{closure}(Object(Illuminate\\Routing\\Route), 41)
#11 D:\\laragon\\www\\PPID-PKTJ\\vendor\\laravel\\framework\\src\\Illuminate\\Collections\\Collection.php(695): array_map(Object(Closure), Array, Array)
#12 D:\\laragon\\www\\PPID-PKTJ\\vendor\\laravel\\framework\\src\\Illuminate\\Foundation\\Console\\RouteListCommand.php(90): Illuminate\\Support\\Collection->map(Object(Closure))
#13 D:\\laragon\\www\\PPID-PKTJ\\vendor\\laravel\\framework\\src\\Illuminate\\Foundation\\Console\\RouteListCommand.php(76): Illuminate\\Foundation\\Console\\RouteListCommand->getRoutes()
#14 D:\\laragon\\www\\PPID-PKTJ\\vendor\\laravel\\framework\\src\\Illuminate\\Container\\BoundMethod.php(36): Illuminate\\Foundation\\Console\\RouteListCommand->handle()
#15 D:\\laragon\\www\\PPID-PKTJ\\vendor\\laravel\\framework\\src\\Illuminate\\Container\\Util.php(40): Illuminate\\Container\\BoundMethod::Illuminate\\Container\\{closure}()
#16 D:\\laragon\\www\\PPID-PKTJ\\vendor\\laravel\\framework\\src\\Illuminate\\Container\\BoundMethod.php(93): Illuminate\\Container\\Util::unwrapIfClosure(Object(Closure))
#17 D:\\laragon\\www\\PPID-PKTJ\\vendor\\laravel\\framework\\src\\Illuminate\\Container\\BoundMethod.php(35): Illuminate\\Container\\BoundMethod::callBoundMethod(Object(Illuminate\\Foundation\\Application), Array, Object(Closure))
#18 D:\\laragon\\www\\PPID-PKTJ\\vendor\\laravel\\framework\\src\\Illuminate\\Container\\Container.php(653): Illuminate\\Container\\BoundMethod::call(Object(Illuminate\\Foundation\\Application), Array, Array, NULL)
#19 D:\\laragon\\www\\PPID-PKTJ\\vendor\\laravel\\framework\\src\\Illuminate\\Console\\Command.php(136): Illuminate\\Container\\Container->call(Array)
#20 D:\\laragon\\www\\PPID-PKTJ\\vendor\\symfony\\console\\Command\\Command.php(298): Illuminate\\Console\\Command->execute(Object(Symfony\\Component\\Console\\Input\\ArgvInput), Object(Illuminate\\Console\\OutputStyle))
#21 D:\\laragon\\www\\PPID-PKTJ\\vendor\\laravel\\framework\\src\\Illuminate\\Console\\Command.php(120): Symfony\\Component\\Console\\Command\\Command->run(Object(Symfony\\Component\\Console\\Input\\ArgvInput), Object(Illuminate\\Console\\OutputStyle))
#22 D:\\laragon\\www\\PPID-PKTJ\\vendor\\symfony\\console\\Application.php(1040): Illuminate\\Console\\Command->run(Object(Symfony\\Component\\Console\\Input\\ArgvInput), Object(Symfony\\Component\\Console\\Output\\ConsoleOutput))
#23 D:\\laragon\\www\\PPID-PKTJ\\vendor\\symfony\\console\\Application.php(301): Symfony\\Component\\Console\\Application->doRunCommand(Object(Illuminate\\Foundation\\Console\\RouteListCommand), Object(Symfony\\Component\\Console\\Input\\ArgvInput), Object(Symfony\\Component\\Console\\Output\\ConsoleOutput))
#24 D:\\laragon\\www\\PPID-PKTJ\\vendor\\symfony\\console\\Application.php(171): Symfony\\Component\\Console\\Application->doRun(Object(Symfony\\Component\\Console\\Input\\ArgvInput), Object(Symfony\\Component\\Console\\Output\\ConsoleOutput))
#25 D:\\laragon\\www\\PPID-PKTJ\\vendor\\laravel\\framework\\src\\Illuminate\\Console\\Application.php(94): Symfony\\Component\\Console\\Application->run(Object(Symfony\\Component\\Console\\Input\\ArgvInput), Object(Symfony\\Component\\Console\\Output\\ConsoleOutput))
#26 D:\\laragon\\www\\PPID-PKTJ\\vendor\\laravel\\framework\\src\\Illuminate\\Foundation\\Console\\Kernel.php(129): Illuminate\\Console\\Application->run(Object(Symfony\\Component\\Console\\Input\\ArgvInput), Object(Symfony\\Component\\Console\\Output\\ConsoleOutput))
#27 D:\\laragon\\www\\PPID-PKTJ\\artisan(17): Illuminate\\Foundation\\Console\\Kernel->handle(Object(Symfony\\Component\\Console\\Input\\ArgvInput), Object(Symfony\\Component\\Console\\Output\\ConsoleOutput))
#28 {main}
"} 
[2026-09-09 04:53:03] laravel.WARNING: mb_strpos(): Passing null to parameter #1 ($haystack) of type string is deprecated in D:\laragon\www\PPID-PKTJ\vendor\laravel\framework\src\Illuminate\Support\Str.php on line 197  
[2026-09-09 04:53:03] laravel.EMERGENCY: Unable to create configured logger. Using emergency logger. {"exception":"[object] (InvalidArgumentException(code: 0): Log [deprecations] is not defined. at D:\\laragon\\www\\PPID-PKTJ\\vendor\\laravel\\framework\\src\\Illuminate\\Log\\LogManager.php:200)
[stacktrace]
#0 D:\\laragon\\www\\PPID-PKTJ\\vendor\\laravel\\framework\\src\\Illuminate\\Log\\LogManager.php(125): Illuminate\\Log\\LogManager->resolve('deprecations', NULL)
#1 D:\\laragon\\www\\PPID-PKTJ\\vendor\\laravel\\framework\\src\\Illuminate\\Log\\LogManager.php(112): Illuminate\\Log\\LogManager->get('deprecations')
#2 D:\\laragon\\www\\PPID-PKTJ\\vendor\\laravel\\framework\\src\\Illuminate\\Log\\LogManager.php(101): Illuminate\\Log\\LogManager->driver('deprecations')
#3 D:\\laragon\\www\\PPID-PKTJ\\vendor\\laravel\\framework\\src\\Illuminate\\Foundation\\Bootstrap\\HandleExceptions.php(104): Illuminate\\Log\\LogManager->channel('deprecations')
#4 D:\\laragon\\www\\PPID-PKTJ\\vendor\\laravel\\framework\\src\\Illuminate\\Foundation\\Bootstrap\\HandleExceptions.php(71): Illuminate\\Foundation\\Bootstrap\\HandleExceptions->handleDeprecation('mb_strpos(): Pa...', 'D:\\\\laragon\\\\www\\\\...', 197)
#5 [internal function]: Illuminate\\Foundation\\Bootstrap\\HandleExceptions->handleError(8192, 'mb_strpos(): Pa...', 'D:\\\\laragon\\\\www\\\\...', 197)
#6 D:\\laragon\\www\\PPID-PKTJ\\vendor\\laravel\\framework\\src\\Illuminate\\Support\\Str.php(197): mb_strpos(NULL, 'prosedur')
#7 D:\\laragon\\www\\PPID-PKTJ\\vendor\\laravel\\framework\\src\\Illuminate\\Foundation\\Console\\RouteListCommand.php(188): Illuminate\\Support\\Str::contains(NULL, 'prosedur')
#8 D:\\laragon\\www\\PPID-PKTJ\\vendor\\laravel\\framework\\src\\Illuminate\\Foundation\\Console\\RouteListCommand.php(113): Illuminate\\Foundation\\Console\\RouteListCommand->filterRoute(Array)
#9 D:\\laragon\\www\\PPID-PKTJ\\vendor\\laravel\\framework\\src\\Illuminate\\Foundation\\Console\\RouteListCommand.php(91): Illuminate\\Foundation\\Console\\RouteListCommand->getRouteInformation(Object(Illuminate\\Routing\\Route))
#10 [internal function]: Illuminate\\Foundation\\Console\\RouteListCommand->Illuminate\\Foundation\\Console\\{closure}(Object(Illuminate\\Routing\\Route), 42)
#11 D:\\laragon\\www\\PPID-PKTJ\\vendor\\laravel\\framework\\src\\Illuminate\\Collections\\Collection.php(695): array_map(Object(Closure), Array, Array)
#12 D:\\laragon\\www\\PPID-PKTJ\\vendor\\laravel\\framework\\src\\Illuminate\\Foundation\\Console\\RouteListCommand.php(90): Illuminate\\Support\\Collection->map(Object(Closure))
#13 D:\\laragon\\www\\PPID-PKTJ\\vendor\\laravel\\framework\\src\\Illuminate\\Foundation\\Console\\RouteListCommand.php(76): Illuminate\\Foundation\\Console\\RouteListCommand->getRoutes()
#14 D:\\laragon\\www\\PPID-PKTJ\\vendor\\laravel\\framework\\src\\Illuminate\\Container\\BoundMethod.php(36): Illuminate\\Foundation\\Console\\RouteListCommand->handle()
#15 D:\\laragon\\www\\PPID-PKTJ\\vendor\\laravel\\framework\\src\\Illuminate\\Container\\Util.php(40): Illuminate\\Container\\BoundMethod::Illuminate\\Container\\{closure}()
#16 D:\\laragon\\www\\PPID-PKTJ\\vendor\\laravel\\framework\\src\\Illuminate\\Container\\BoundMethod.php(93): Illuminate\\Container\\Util::unwrapIfClosure(Object(Closure))
#17 D:\\laragon\\www\\PPID-PKTJ\\vendor\\laravel\\framework\\src\\Illuminate\\Container\\BoundMethod.php(35): Illuminate\\Container\\BoundMethod::callBoundMethod(Object(Illuminate\\Foundation\\Application), Array, Object(Closure))
#18 D:\\laragon\\www\\PPID-PKTJ\\vendor\\laravel\\framework\\src\\Illuminate\\Container\\Container.php(653): Illuminate\\Container\\BoundMethod::call(Object(Illuminate\\Foundation\\Application), Array, Array, NULL)
#19 D:\\laragon\\www\\PPID-PKTJ\\vendor\\laravel\\framework\\src\\Illuminate\\Console\\Command.php(136): Illuminate\\Container\\Container->call(Array)
#20 D:\\laragon\\www\\PPID-PKTJ\\vendor\\symfony\\console\\Command\\Command.php(298): Illuminate\\Console\\Command->execute(Object(Symfony\\Component\\Console\\Input\\ArgvInput), Object(Illuminate\\Console\\OutputStyle))
#21 D:\\laragon\\www\\PPID-PKTJ\\vendor\\laravel\\framework\\src\\Illuminate\\Console\\Command.php(120): Symfony\\Component\\Console\\Command\\Command->run(Object(Symfony\\Component\\Console\\Input\\ArgvInput), Object(Illuminate\\Console\\OutputStyle))
#22 D:\\laragon\\www\\PPID-PKTJ\\vendor\\symfony\\console\\Application.php(1040): Illuminate\\Console\\Command->run(Object(Symfony\\Component\\Console\\Input\\ArgvInput), Object(Symfony\\Component\\Console\\Output\\ConsoleOutput))
#23 D:\\laragon\\www\\PPID-PKTJ\\vendor\\symfony\\console\\Application.php(301): Symfony\\Component\\Console\\Application->doRunCommand(Object(Illuminate\\Foundation\\Console\\RouteListCommand), Object(Symfony\\Component\\Console\\Input\\ArgvInput), Object(Symfony\\Component\\Console\\Output\\ConsoleOutput))
#24 D:\\laragon\\www\\PPID-PKTJ\\vendor\\symfony\\console\\Application.php(171): Symfony\\Component\\Console\\Application->doRun(Object(Symfony\\Component\\Console\\Input\\ArgvInput), Object(Symfony\\Component\\Console\\Output\\ConsoleOutput))
#25 D:\\laragon\\www\\PPID-PKTJ\\vendor\\laravel\\framework\\src\\Illuminate\\Console\\Application.php(94): Symfony\\Component\\Console\\Application->run(Object(Symfony\\Component\\Console\\Input\\ArgvInput), Object(Symfony\\Component\\Console\\Output\\ConsoleOutput))
#26 D:\\laragon\\www\\PPID-PKTJ\\vendor\\laravel\\framework\\src\\Illuminate\\Foundation\\Console\\Kernel.php(129): Illuminate\\Console\\Application->run(Object(Symfony\\Component\\Console\\Input\\ArgvInput), Object(Symfony\\Component\\Console\\Output\\ConsoleOutput))
#27 D:\\laragon\\www\\PPID-PKTJ\\artisan(17): Illuminate\\Foundation\\Console\\Kernel->handle(Object(Symfony\\Component\\Console\\Input\\ArgvInput), Object(Symfony\\Component\\Console\\Output\\ConsoleOutput))
#28 {main}
"} 
[2026-09-09 04:53:03] laravel.WARNING: mb_strpos(): Passing null to parameter #1 ($haystack) of type string is deprecated in D:\laragon\www\PPID-PKTJ\vendor\laravel\framework\src\Illuminate\Support\Str.php on line 197  
[2026-09-09 04:53:03] laravel.EMERGENCY: Unable to create configured logger. Using emergency logger. {"exception":"[object] (InvalidArgumentException(code: 0): Log [deprecations] is not defined. at D:\\laragon\\www\\PPID-PKTJ\\vendor\\laravel\\framework\\src\\Illuminate\\Log\\LogManager.php:200)
[stacktrace]
#0 D:\\laragon\\www\\PPID-PKTJ\\vendor\\laravel\\framework\\src\\Illuminate\\Log\\LogManager.php(125): Illuminate\\Log\\LogManager->resolve('deprecations', NULL)
#1 D:\\laragon\\www\\PPID-PKTJ\\vendor\\laravel\\framework\\src\\Illuminate\\Log\\LogManager.php(112): Illuminate\\Log\\LogManager->get('deprecations')
#2 D:\\laragon\\www\\PPID-PKTJ\\vendor\\laravel\\framework\\src\\Illuminate\\Log\\LogManager.php(101): Illuminate\\Log\\LogManager->driver('deprecations')
#3 D:\\laragon\\www\\PPID-PKTJ\\vendor\\laravel\\framework\\src\\Illuminate\\Foundation\\Bootstrap\\HandleExceptions.php(104): Illuminate\\Log\\LogManager->channel('deprecations')
#4 D:\\laragon\\www\\PPID-PKTJ\\vendor\\laravel\\framework\\src\\Illuminate\\Foundation\\Bootstrap\\HandleExceptions.php(71): Illuminate\\Foundation\\Bootstrap\\HandleExceptions->handleDeprecation('mb_strpos(): Pa...', 'D:\\\\laragon\\\\www\\\\...', 197)
#5 [internal function]: Illuminate\\Foundation\\Bootstrap\\HandleExceptions->handleError(8192, 'mb_strpos(): Pa...', 'D:\\\\laragon\\\\www\\\\...', 197)
#6 D:\\laragon\\www\\PPID-PKTJ\\vendor\\laravel\\framework\\src\\Illuminate\\Support\\Str.php(197): mb_strpos(NULL, 'prosedur')
#7 D:\\laragon\\www\\PPID-PKTJ\\vendor\\laravel\\framework\\src\\Illuminate\\Foundation\\Console\\RouteListCommand.php(188): Illuminate\\Support\\Str::contains(NULL, 'prosedur')
#8 D:\\laragon\\www\\PPID-PKTJ\\vendor\\laravel\\framework\\src\\Illuminate\\Foundation\\Console\\RouteListCommand.php(113): Illuminate\\Foundation\\Console\\RouteListCommand->filterRoute(Array)
#9 D:\\laragon\\www\\PPID-PKTJ\\vendor\\laravel\\framework\\src\\Illuminate\\Foundation\\Console\\RouteListCommand.php(91): Illuminate\\Foundation\\Console\\RouteListCommand->getRouteInformation(Object(Illuminate\\Routing\\Route))
#10 [internal function]: Illuminate\\Foundation\\Console\\RouteListCommand->Illuminate\\Foundation\\Console\\{closure}(Object(Illuminate\\Routing\\Route), 43)
#11 D:\\laragon\\www\\PPID-PKTJ\\vendor\\laravel\\framework\\src\\Illuminate\\Collections\\Collection.php(695): array_map(Object(Closure), Array, Array)
#12 D:\\laragon\\www\\PPID-PKTJ\\vendor\\laravel\\framework\\src\\Illuminate\\Foundation\\Console\\RouteListCommand.php(90): Illuminate\\Support\\Collection->map(Object(Closure))
#13 D:\\laragon\\www\\PPID-PKTJ\\vendor\\laravel\\framework\\src\\Illuminate\\Foundation\\Console\\RouteListCommand.php(76): Illuminate\\Foundation\\Console\\RouteListCommand->getRoutes()
#14 D:\\laragon\\www\\PPID-PKTJ\\vendor\\laravel\\framework\\src\\Illuminate\\Container\\BoundMethod.php(36): Illuminate\\Foundation\\Console\\RouteListCommand->handle()
#15 D:\\laragon\\www\\PPID-PKTJ\\vendor\\laravel\\framework\\src\\Illuminate\\Container\\Util.php(40): Illuminate\\Container\\BoundMethod::Illuminate\\Container\\{closure}()
#16 D:\\laragon\\www\\PPID-PKTJ\\vendor\\laravel\\framework\\src\\Illuminate\\Container\\BoundMethod.php(93): Illuminate\\Container\\Util::unwrapIfClosure(Object(Closure))
#17 D:\\laragon\\www\\PPID-PKTJ\\vendor\\laravel\\framework\\src\\Illuminate\\Container\\BoundMethod.php(35): Illuminate\\Container\\BoundMethod::callBoundMethod(Object(Illuminate\\Foundation\\Application), Array, Object(Closure))
#18 D:\\laragon\\www\\PPID-PKTJ\\vendor\\laravel\\framework\\src\\Illuminate\\Container\\Container.php(653): Illuminate\\Container\\BoundMethod::call(Object(Illuminate\\Foundation\\Application), Array, Array, NULL)
#19 D:\\laragon\\www\\PPID-PKTJ\\vendor\\laravel\\framework\\src\\Illuminate\\Console\\Command.php(136): Illuminate\\Container\\Container->call(Array)
#20 D:\\laragon\\www\\PPID-PKTJ\\vendor\\symfony\\console\\Command\\Command.php(298): Illuminate\\Console\\Command->execute(Object(Symfony\\Component\\Console\\Input\\ArgvInput), Object(Illuminate\\Console\\OutputStyle))
#21 D:\\laragon\\www\\PPID-PKTJ\\vendor\\laravel\\framework\\src\\Illuminate\\Console\\Command.php(120): Symfony\\Component\\Console\\Command\\Command->run(Object(Symfony\\Component\\Console\\Input\\ArgvInput), Object(Illuminate\\Console\\OutputStyle))
#22 D:\\laragon\\www\\PPID-PKTJ\\vendor\\symfony\\console\\Application.php(1040): Illuminate\\Console\\Command->run(Object(Symfony\\Component\\Console\\Input\\ArgvInput), Object(Symfony\\Component\\Console\\Output\\ConsoleOutput))
#23 D:\\laragon\\www\\PPID-PKTJ\\vendor\\symfony\\console\\Application.php(301): Symfony\\Component\\Console\\Application->doRunCommand(Object(Illuminate\\Foundation\\Console\\RouteListCommand), Object(Symfony\\Component\\Console\\Input\\ArgvInput), Object(Symfony\\Component\\Console\\Output\\ConsoleOutput))
#24 D:\\laragon\\www\\PPID-PKTJ\\vendor\\symfony\\console\\Application.php(171): Symfony\\Component\\Console\\Application->doRun(Object(Symfony\\Component\\Console\\Input\\ArgvInput), Object(Symfony\\Component\\Console\\Output\\ConsoleOutput))
#25 D:\\laragon\\www\\PPID-PKTJ\\vendor\\laravel\\framework\\src\\Illuminate\\Console\\Application.php(94): Symfony\\Component\\Console\\Application->run(Object(Symfony\\Component\\Console\\Input\\ArgvInput), Object(Symfony\\Component\\Console\\Output\\ConsoleOutput))
#26 D:\\laragon\\www\\PPID-PKTJ\\vendor\\laravel\\framework\\src\\Illuminate\\Foundation\\Console\\Kernel.php(129): Illuminate\\Console\\Application->run(Object(Symfony\\Component\\Console\\Input\\ArgvInput), Object(Symfony\\Component\\Console\\Output\\ConsoleOutput))
#27 D:\\laragon\\www\\PPID-PKTJ\\artisan(17): Illuminate\\Foundation\\Console\\Kernel->handle(Object(Symfony\\Component\\Console\\Input\\ArgvInput), Object(Symfony\\Component\\Console\\Output\\ConsoleOutput))
#28 {main}
"} 
[2026-09-09 04:53:03] laravel.WARNING: mb_strpos(): Passing null to parameter #1 ($haystack) of type string is deprecated in D:\laragon\www\PPID-PKTJ\vendor\laravel\framework\src\Illuminate\Support\Str.php on line 197  
[2026-09-09 04:53:03] laravel.EMERGENCY: Unable to create configured logger. Using emergency logger. {"exception":"[object] (InvalidArgumentException(code: 0): Log [deprecations] is not defined. at D:\\laragon\\www\\PPID-PKTJ\\vendor\\laravel\\framework\\src\\Illuminate\\Log\\LogManager.php:200)
[stacktrace]
#0 D:\\laragon\\www\\PPID-PKTJ\\vendor\\laravel\\framework\\src\\Illuminate\\Log\\LogManager.php(125): Illuminate\\Log\\LogManager->resolve('deprecations', NULL)
#1 D:\\laragon\\www\\PPID-PKTJ\\vendor\\laravel\\framework\\src\\Illuminate\\Log\\LogManager.php(112): Illuminate\\Log\\LogManager->get('deprecations')
#2 D:\\laragon\\www\\PPID-PKTJ\\vendor\\laravel\\framework\\src\\Illuminate\\Log\\LogManager.php(101): Illuminate\\Log\\LogManager->driver('deprecations')
#3 D:\\laragon\\www\\PPID-PKTJ\\vendor\\laravel\\framework\\src\\Illuminate\\Foundation\\Bootstrap\\HandleExceptions.php(104): Illuminate\\Log\\LogManager->channel('deprecations')
#4 D:\\laragon\\www\\PPID-PKTJ\\vendor\\laravel\\framework\\src\\Illuminate\\Foundation\\Bootstrap\\HandleExceptions.php(71): Illuminate\\Foundation\\Bootstrap\\HandleExceptions->handleDeprecation('mb_strpos(): Pa...', 'D:\\\\laragon\\\\www\\\\...', 197)
#5 [internal function]: Illuminate\\Foundation\\Bootstrap\\HandleExceptions->handleError(8192, 'mb_strpos(): Pa...', 'D:\\\\laragon\\\\www\\\\...', 197)
#6 D:\\laragon\\www\\PPID-PKTJ\\vendor\\laravel\\framework\\src\\Illuminate\\Support\\Str.php(197): mb_strpos(NULL, 'prosedur')
#7 D:\\laragon\\www\\PPID-PKTJ\\vendor\\laravel\\framework\\src\\Illuminate\\Foundation\\Console\\RouteListCommand.php(188): Illuminate\\Support\\Str::contains(NULL, 'prosedur')
#8 D:\\laragon\\www\\PPID-PKTJ\\vendor\\laravel\\framework\\src\\Illuminate\\Foundation\\Console\\RouteListCommand.php(113): Illuminate\\Foundation\\Console\\RouteListCommand->filterRoute(Array)
#9 D:\\laragon\\www\\PPID-PKTJ\\vendor\\laravel\\framework\\src\\Illuminate\\Foundation\\Console\\RouteListCommand.php(91): Illuminate\\Foundation\\Console\\RouteListCommand->getRouteInformation(Object(Illuminate\\Routing\\Route))
#10 [internal function]: Illuminate\\Foundation\\Console\\RouteListCommand->Illuminate\\Foundation\\Console\\{closure}(Object(Illuminate\\Routing\\Route), 48)
#11 D:\\laragon\\www\\PPID-PKTJ\\vendor\\laravel\\framework\\src\\Illuminate\\Collections\\Collection.php(695): array_map(Object(Closure), Array, Array)
#12 D:\\laragon\\www\\PPID-PKTJ\\vendor\\laravel\\framework\\src\\Illuminate\\Foundation\\Console\\RouteListCommand.php(90): Illuminate\\Support\\Collection->map(Object(Closure))
#13 D:\\laragon\\www\\PPID-PKTJ\\vendor\\laravel\\framework\\src\\Illuminate\\Foundation\\Console\\RouteListCommand.php(76): Illuminate\\Foundation\\Console\\RouteListCommand->getRoutes()
#14 D:\\laragon\\www\\PPID-PKTJ\\vendor\\laravel\\framework\\src\\Illuminate\\Container\\BoundMethod.php(36): Illuminate\\Foundation\\Console\\RouteListCommand->handle()
#15 D:\\laragon\\www\\PPID-PKTJ\\vendor\\laravel\\framework\\src\\Illuminate\\Container\\Util.php(40): Illuminate\\Container\\BoundMethod::Illuminate\\Container\\{closure}()
#16 D:\\laragon\\www\\PPID-PKTJ\\vendor\\laravel\\framework\\src\\Illuminate\\Container\\BoundMethod.php(93): Illuminate\\Container\\Util::unwrapIfClosure(Object(Closure))
#17 D:\\laragon\\www\\PPID-PKTJ\\vendor\\laravel\\framework\\src\\Illuminate\\Container\\BoundMethod.php(35): Illuminate\\Container\\BoundMethod::callBoundMethod(Object(Illuminate\\Foundation\\Application), Array, Object(Closure))
#18 D:\\laragon\\www\\PPID-PKTJ\\vendor\\laravel\\framework\\src\\Illuminate\\Container\\Container.php(653): Illuminate\\Container\\BoundMethod::call(Object(Illuminate\\Foundation\\Application), Array, Array, NULL)
#19 D:\\laragon\\www\\PPID-PKTJ\\vendor\\laravel\\framework\\src\\Illuminate\\Console\\Command.php(136): Illuminate\\Container\\Container->call(Array)
#20 D:\\laragon\\www\\PPID-PKTJ\\vendor\\symfony\\console\\Command\\Command.php(298): Illuminate\\Console\\Command->execute(Object(Symfony\\Component\\Console\\Input\\ArgvInput), Object(Illuminate\\Console\\OutputStyle))
#21 D:\\laragon\\www\\PPID-PKTJ\\vendor\\laravel\\framework\\src\\Illuminate\\Console\\Command.php(120): Symfony\\Component\\Console\\Command\\Command->run(Object(Symfony\\Component\\Console\\Input\\ArgvInput), Object(Illuminate\\Console\\OutputStyle))
#22 D:\\laragon\\www\\PPID-PKTJ\\vendor\\symfony\\console\\Application.php(1040): Illuminate\\Console\\Command->run(Object(Symfony\\Component\\Console\\Input\\ArgvInput), Object(Symfony\\Component\\Console\\Output\\ConsoleOutput))
#23 D:\\laragon\\www\\PPID-PKTJ\\vendor\\symfony\\console\\Application.php(301): Symfony\\Component\\Console\\Application->doRunCommand(Object(Illuminate\\Foundation\\Console\\RouteListCommand), Object(Symfony\\Component\\Console\\Input\\ArgvInput), Object(Symfony\\Component\\Console\\Output\\ConsoleOutput))
#24 D:\\laragon\\www\\PPID-PKTJ\\vendor\\symfony\\console\\Application.php(171): Symfony\\Component\\Console\\Application->doRun(Object(Symfony\\Component\\Console\\Input\\ArgvInput), Object(Symfony\\Component\\Console\\Output\\ConsoleOutput))
#25 D:\\laragon\\www\\PPID-PKTJ\\vendor\\laravel\\framework\\src\\Illuminate\\Console\\Application.php(94): Symfony\\Component\\Console\\Application->run(Object(Symfony\\Component\\Console\\Input\\ArgvInput), Object(Symfony\\Component\\Console\\Output\\ConsoleOutput))
#26 D:\\laragon\\www\\PPID-PKTJ\\vendor\\laravel\\framework\\src\\Illuminate\\Foundation\\Console\\Kernel.php(129): Illuminate\\Console\\Application->run(Object(Symfony\\Component\\Console\\Input\\ArgvInput), Object(Symfony\\Component\\Console\\Output\\ConsoleOutput))
#27 D:\\laragon\\www\\PPID-PKTJ\\artisan(17): Illuminate\\Foundation\\Console\\Kernel->handle(Object(Symfony\\Component\\Console\\Input\\ArgvInput), Object(Symfony\\Component\\Console\\Output\\ConsoleOutput))
#28 {main}
"} 
[2026-09-09 04:53:03] laravel.WARNING: mb_strpos(): Passing null to parameter #1 ($haystack) of type string is deprecated in D:\laragon\www\PPID-PKTJ\vendor\laravel\framework\src\Illuminate\Support\Str.php on line 197  
[2026-09-09 04:53:03] laravel.EMERGENCY: Unable to create configured logger. Using emergency logger. {"exception":"[object] (InvalidArgumentException(code: 0): Log [deprecations] is not defined. at D:\\laragon\\www\\PPID-PKTJ\\vendor\\laravel\\framework\\src\\Illuminate\\Log\\LogManager.php:200)
[stacktrace]
#0 D:\\laragon\\www\\PPID-PKTJ\\vendor\\laravel\\framework\\src\\Illuminate\\Log\\LogManager.php(125): Illuminate\\Log\\LogManager->resolve('deprecations', NULL)
#1 D:\\laragon\\www\\PPID-PKTJ\\vendor\\laravel\\framework\\src\\Illuminate\\Log\\LogManager.php(112): Illuminate\\Log\\LogManager->get('deprecations')
#2 D:\\laragon\\www\\PPID-PKTJ\\vendor\\laravel\\framework\\src\\Illuminate\\Log\\LogManager.php(101): Illuminate\\Log\\LogManager->driver('deprecations')
#3 D:\\laragon\\www\\PPID-PKTJ\\vendor\\laravel\\framework\\src\\Illuminate\\Foundation\\Bootstrap\\HandleExceptions.php(104): Illuminate\\Log\\LogManager->channel('deprecations')
#4 D:\\laragon\\www\\PPID-PKTJ\\vendor\\laravel\\framework\\src\\Illuminate\\Foundation\\Bootstrap\\HandleExceptions.php(71): Illuminate\\Foundation\\Bootstrap\\HandleExceptions->handleDeprecation('mb_strpos(): Pa...', 'D:\\\\laragon\\\\www\\\\...', 197)
#5 [internal function]: Illuminate\\Foundation\\Bootstrap\\HandleExceptions->handleError(8192, 'mb_strpos(): Pa...', 'D:\\\\laragon\\\\www\\\\...', 197)
#6 D:\\laragon\\www\\PPID-PKTJ\\vendor\\laravel\\framework\\src\\Illuminate\\Support\\Str.php(197): mb_strpos(NULL, 'prosedur')
#7 D:\\laragon\\www\\PPID-PKTJ\\vendor\\laravel\\framework\\src\\Illuminate\\Foundation\\Console\\RouteListCommand.php(188): Illuminate\\Support\\Str::contains(NULL, 'prosedur')
#8 D:\\laragon\\www\\PPID-PKTJ\\vendor\\laravel\\framework\\src\\Illuminate\\Foundation\\Console\\RouteListCommand.php(113): Illuminate\\Foundation\\Console\\RouteListCommand->filterRoute(Array)
#9 D:\\laragon\\www\\PPID-PKTJ\\vendor\\laravel\\framework\\src\\Illuminate\\Foundation\\Console\\RouteListCommand.php(91): Illuminate\\Foundation\\Console\\RouteListCommand->getRouteInformation(Object(Illuminate\\Routing\\Route))
#10 [internal function]: Illuminate\\Foundation\\Console\\RouteListCommand->Illuminate\\Foundation\\Console\\{closure}(Object(Illuminate\\Routing\\Route), 53)
#11 D:\\laragon\\www\\PPID-PKTJ\\vendor\\laravel\\framework\\src\\Illuminate\\Collections\\Collection.php(695): array_map(Object(Closure), Array, Array)
#12 D:\\laragon\\www\\PPID-PKTJ\\vendor\\laravel\\framework\\src\\Illuminate\\Foundation\\Console\\RouteListCommand.php(90): Illuminate\\Support\\Collection->map(Object(Closure))
#13 D:\\laragon\\www\\PPID-PKTJ\\vendor\\laravel\\framework\\src\\Illuminate\\Foundation\\Console\\RouteListCommand.php(76): Illuminate\\Foundation\\Console\\RouteListCommand->getRoutes()
#14 D:\\laragon\\www\\PPID-PKTJ\\vendor\\laravel\\framework\\src\\Illuminate\\Container\\BoundMethod.php(36): Illuminate\\Foundation\\Console\\RouteListCommand->handle()
#15 D:\\laragon\\www\\PPID-PKTJ\\vendor\\laravel\\framework\\src\\Illuminate\\Container\\Util.php(40): Illuminate\\Container\\BoundMethod::Illuminate\\Container\\{closure}()
#16 D:\\laragon\\www\\PPID-PKTJ\\vendor\\laravel\\framework\\src\\Illuminate\\Container\\BoundMethod.php(93): Illuminate\\Container\\Util::unwrapIfClosure(Object(Closure))
#17 D:\\laragon\\www\\PPID-PKTJ\\vendor\\laravel\\framework\\src\\Illuminate\\Container\\BoundMethod.php(35): Illuminate\\Container\\BoundMethod::callBoundMethod(Object(Illuminate\\Foundation\\Application), Array, Object(Closure))
#18 D:\\laragon\\www\\PPID-PKTJ\\vendor\\laravel\\framework\\src\\Illuminate\\Container\\Container.php(653): Illuminate\\Container\\BoundMethod::call(Object(Illuminate\\Foundation\\Application), Array, Array, NULL)
#19 D:\\laragon\\www\\PPID-PKTJ\\vendor\\laravel\\framework\\src\\Illuminate\\Console\\Command.php(136): Illuminate\\Container\\Container->call(Array)
#20 D:\\laragon\\www\\PPID-PKTJ\\vendor\\symfony\\console\\Command\\Command.php(298): Illuminate\\Console\\Command->execute(Object(Symfony\\Component\\Console\\Input\\ArgvInput), Object(Illuminate\\Console\\OutputStyle))
#21 D:\\laragon\\www\\PPID-PKTJ\\vendor\\laravel\\framework\\src\\Illuminate\\Console\\Command.php(120): Symfony\\Component\\Console\\Command\\Command->run(Object(Symfony\\Component\\Console\\Input\\ArgvInput), Object(Illuminate\\Console\\OutputStyle))
#22 D:\\laragon\\www\\PPID-PKTJ\\vendor\\symfony\\console\\Application.php(1040): Illuminate\\Console\\Command->run(Object(Symfony\\Component\\Console\\Input\\ArgvInput), Object(Symfony\\Component\\Console\\Output\\ConsoleOutput))
#23 D:\\laragon\\www\\PPID-PKTJ\\vendor\\symfony\\console\\Application.php(301): Symfony\\Component\\Console\\Application->doRunCommand(Object(Illuminate\\Foundation\\Console\\RouteListCommand), Object(Symfony\\Component\\Console\\Input\\ArgvInput), Object(Symfony\\Component\\Console\\Output\\ConsoleOutput))
#24 D:\\laragon\\www\\PPID-PKTJ\\vendor\\symfony\\console\\Application.php(171): Symfony\\Component\\Console\\Application->doRun(Object(Symfony\\Component\\Console\\Input\\ArgvInput), Object(Symfony\\Component\\Console\\Output\\ConsoleOutput))
#25 D:\\laragon\\www\\PPID-PKTJ\\vendor\\laravel\\framework\\src\\Illuminate\\Console\\Application.php(94): Symfony\\Component\\Console\\Application->run(Object(Symfony\\Component\\Console\\Input\\ArgvInput), Object(Symfony\\Component\\Console\\Output\\ConsoleOutput))
#26 D:\\laragon\\www\\PPID-PKTJ\\vendor\\laravel\\framework\\src\\Illuminate\\Foundation\\Console\\Kernel.php(129): Illuminate\\Console\\Application->run(Object(Symfony\\Component\\Console\\Input\\ArgvInput), Object(Symfony\\Component\\Console\\Output\\ConsoleOutput))
#27 D:\\laragon\\www\\PPID-PKTJ\\artisan(17): Illuminate\\Foundation\\Console\\Kernel->handle(Object(Symfony\\Component\\Console\\Input\\ArgvInput), Object(Symfony\\Component\\Console\\Output\\ConsoleOutput))
#28 {main}
"} 
[2026-09-09 04:53:03] laravel.WARNING: mb_strpos(): Passing null to parameter #1 ($haystack) of type string is deprecated in D:\laragon\www\PPID-PKTJ\vendor\laravel\framework\src\Illuminate\Support\Str.php on line 197  
[2026-09-09 04:53:03] laravel.EMERGENCY: Unable to create configured logger. Using emergency logger. {"exception":"[object] (InvalidArgumentException(code: 0): Log [deprecations] is not defined. at D:\\laragon\\www\\PPID-PKTJ\\vendor\\laravel\\framework\\src\\Illuminate\\Log\\LogManager.php:200)
[stacktrace]
#0 D:\\laragon\\www\\PPID-PKTJ\\vendor\\laravel\\framework\\src\\Illuminate\\Log\\LogManager.php(125): Illuminate\\Log\\LogManager->resolve('deprecations', NULL)
#1 D:\\laragon\\www\\PPID-PKTJ\\vendor\\laravel\\framework\\src\\Illuminate\\Log\\LogManager.php(112): Illuminate\\Log\\LogManager->get('deprecations')
#2 D:\\laragon\\www\\PPID-PKTJ\\vendor\\laravel\\framework\\src\\Illuminate\\Log\\LogManager.php(101): Illuminate\\Log\\LogManager->driver('deprecations')
#3 D:\\laragon\\www\\PPID-PKTJ\\vendor\\laravel\\framework\\src\\Illuminate\\Foundation\\Bootstrap\\HandleExceptions.php(104): Illuminate\\Log\\LogManager->channel('deprecations')
#4 D:\\laragon\\www\\PPID-PKTJ\\vendor\\laravel\\framework\\src\\Illuminate\\Foundation\\Bootstrap\\HandleExceptions.php(71): Illuminate\\Foundation\\Bootstrap\\HandleExceptions->handleDeprecation('mb_strpos(): Pa...', 'D:\\\\laragon\\\\www\\\\...', 197)
#5 [internal function]: Illuminate\\Foundation\\Bootstrap\\HandleExceptions->handleError(8192, 'mb_strpos(): Pa...', 'D:\\\\laragon\\\\www\\\\...', 197)
#6 D:\\laragon\\www\\PPID-PKTJ\\vendor\\laravel\\framework\\src\\Illuminate\\Support\\Str.php(197): mb_strpos(NULL, 'prosedur')
#7 D:\\laragon\\www\\PPID-PKTJ\\vendor\\laravel\\framework\\src\\Illuminate\\Foundation\\Console\\RouteListCommand.php(188): Illuminate\\Support\\Str::contains(NULL, 'prosedur')
#8 D:\\laragon\\www\\PPID-PKTJ\\vendor\\laravel\\framework\\src\\Illuminate\\Foundation\\Console\\RouteListCommand.php(113): Illuminate\\Foundation\\Console\\RouteListCommand->filterRoute(Array)
#9 D:\\laragon\\www\\PPID-PKTJ\\vendor\\laravel\\framework\\src\\Illuminate\\Foundation\\Console\\RouteListCommand.php(91): Illuminate\\Foundation\\Console\\RouteListCommand->getRouteInformation(Object(Illuminate\\Routing\\Route))
#10 [internal function]: Illuminate\\Foundation\\Console\\RouteListCommand->Illuminate\\Foundation\\Console\\{closure}(Object(Illuminate\\Routing\\Route), 54)
#11 D:\\laragon\\www\\PPID-PKTJ\\vendor\\laravel\\framework\\src\\Illuminate\\Collections\\Collection.php(695): array_map(Object(Closure), Array, Array)
#12 D:\\laragon\\www\\PPID-PKTJ\\vendor\\laravel\\framework\\src\\Illuminate\\Foundation\\Console\\RouteListCommand.php(90): Illuminate\\Support\\Collection->map(Object(Closure))
#13 D:\\laragon\\www\\PPID-PKTJ\\vendor\\laravel\\framework\\src\\Illuminate\\Foundation\\Console\\RouteListCommand.php(76): Illuminate\\Foundation\\Console\\RouteListCommand->getRoutes()
#14 D:\\laragon\\www\\PPID-PKTJ\\vendor\\laravel\\framework\\src\\Illuminate\\Container\\BoundMethod.php(36): Illuminate\\Foundation\\Console\\RouteListCommand->handle()
#15 D:\\laragon\\www\\PPID-PKTJ\\vendor\\laravel\\framework\\src\\Illuminate\\Container\\Util.php(40): Illuminate\\Container\\BoundMethod::Illuminate\\Container\\{closure}()
#16 D:\\laragon\\www\\PPID-PKTJ\\vendor\\laravel\\framework\\src\\Illuminate\\Container\\BoundMethod.php(93): Illuminate\\Container\\Util::unwrapIfClosure(Object(Closure))
#17 D:\\laragon\\www\\PPID-PKTJ\\vendor\\laravel\\framework\\src\\Illuminate\\Container\\BoundMethod.php(35): Illuminate\\Container\\BoundMethod::callBoundMethod(Object(Illuminate\\Foundation\\Application), Array, Object(Closure))
#18 D:\\laragon\\www\\PPID-PKTJ\\vendor\\laravel\\framework\\src\\Illuminate\\Container\\Container.php(653): Illuminate\\Container\\BoundMethod::call(Object(Illuminate\\Foundation\\Application), Array, Array, NULL)
#19 D:\\laragon\\www\\PPID-PKTJ\\vendor\\laravel\\framework\\src\\Illuminate\\Console\\Command.php(136): Illuminate\\Container\\Container->call(Array)
#20 D:\\laragon\\www\\PPID-PKTJ\\vendor\\symfony\\console\\Command\\Command.php(298): Illuminate\\Console\\Command->execute(Object(Symfony\\Component\\Console\\Input\\ArgvInput), Object(Illuminate\\Console\\OutputStyle))
#21 D:\\laragon\\www\\PPID-PKTJ\\vendor\\laravel\\framework\\src\\Illuminate\\Console\\Command.php(120): Symfony\\Component\\Console\\Command\\Command->run(Object(Symfony\\Component\\Console\\Input\\ArgvInput), Object(Illuminate\\Console\\OutputStyle))
#22 D:\\laragon\\www\\PPID-PKTJ\\vendor\\symfony\\console\\Application.php(1040): Illuminate\\Console\\Command->run(Object(Symfony\\Component\\Console\\Input\\ArgvInput), Object(Symfony\\Component\\Console\\Output\\ConsoleOutput))
#23 D:\\laragon\\www\\PPID-PKTJ\\vendor\\symfony\\console\\Application.php(301): Symfony\\Component\\Console\\Application->doRunCommand(Object(Illuminate\\Foundation\\Console\\RouteListCommand), Object(Symfony\\Component\\Console\\Input\\ArgvInput), Object(Symfony\\Component\\Console\\Output\\ConsoleOutput))
#24 D:\\laragon\\www\\PPID-PKTJ\\vendor\\symfony\\console\\Application.php(171): Symfony\\Component\\Console\\Application->doRun(Object(Symfony\\Component\\Console\\Input\\ArgvInput), Object(Symfony\\Component\\Console\\Output\\ConsoleOutput))
#25 D:\\laragon\\www\\PPID-PKTJ\\vendor\\laravel\\framework\\src\\Illuminate\\Console\\Application.php(94): Symfony\\Component\\Console\\Application->run(Object(Symfony\\Component\\Console\\Input\\ArgvInput), Object(Symfony\\Component\\Console\\Output\\ConsoleOutput))
#26 D:\\laragon\\www\\PPID-PKTJ\\vendor\\laravel\\framework\\src\\Illuminate\\Foundation\\Console\\Kernel.php(129): Illuminate\\Console\\Application->run(Object(Symfony\\Component\\Console\\Input\\ArgvInput), Object(Symfony\\Component\\Console\\Output\\ConsoleOutput))
#27 D:\\laragon\\www\\PPID-PKTJ\\artisan(17): Illuminate\\Foundation\\Console\\Kernel->handle(Object(Symfony\\Component\\Console\\Input\\ArgvInput), Object(Symfony\\Component\\Console\\Output\\ConsoleOutput))
#28 {main}
"} 
[2026-09-09 04:53:03] laravel.WARNING: mb_strpos(): Passing null to parameter #1 ($haystack) of type string is deprecated in D:\laragon\www\PPID-PKTJ\vendor\laravel\framework\src\Illuminate\Support\Str.php on line 197  
[2026-09-09 04:53:03] laravel.EMERGENCY: Unable to create configured logger. Using emergency logger. {"exception":"[object] (InvalidArgumentException(code: 0): Log [deprecations] is not defined. at D:\\laragon\\www\\PPID-PKTJ\\vendor\\laravel\\framework\\src\\Illuminate\\Log\\LogManager.php:200)
[stacktrace]
#0 D:\\laragon\\www\\PPID-PKTJ\\vendor\\laravel\\framework\\src\\Illuminate\\Log\\LogManager.php(125): Illuminate\\Log\\LogManager->resolve('deprecations', NULL)
#1 D:\\laragon\\www\\PPID-PKTJ\\vendor\\laravel\\framework\\src\\Illuminate\\Log\\LogManager.php(112): Illuminate\\Log\\LogManager->get('deprecations')
#2 D:\\laragon\\www\\PPID-PKTJ\\vendor\\laravel\\framework\\src\\Illuminate\\Log\\LogManager.php(101): Illuminate\\Log\\LogManager->driver('deprecations')
#3 D:\\laragon\\www\\PPID-PKTJ\\vendor\\laravel\\framework\\src\\Illuminate\\Foundation\\Bootstrap\\HandleExceptions.php(104): Illuminate\\Log\\LogManager->channel('deprecations')
#4 D:\\laragon\\www\\PPID-PKTJ\\vendor\\laravel\\framework\\src\\Illuminate\\Foundation\\Bootstrap\\HandleExceptions.php(71): Illuminate\\Foundation\\Bootstrap\\HandleExceptions->handleDeprecation('mb_strpos(): Pa...', 'D:\\\\laragon\\\\www\\\\...', 197)
#5 [internal function]: Illuminate\\Foundation\\Bootstrap\\HandleExceptions->handleError(8192, 'mb_strpos(): Pa...', 'D:\\\\laragon\\\\www\\\\...', 197)
#6 D:\\laragon\\www\\PPID-PKTJ\\vendor\\laravel\\framework\\src\\Illuminate\\Support\\Str.php(197): mb_strpos(NULL, 'prosedur')
#7 D:\\laragon\\www\\PPID-PKTJ\\vendor\\laravel\\framework\\src\\Illuminate\\Foundation\\Console\\RouteListCommand.php(188): Illuminate\\Support\\Str::contains(NULL, 'prosedur')
#8 D:\\laragon\\www\\PPID-PKTJ\\vendor\\laravel\\framework\\src\\Illuminate\\Foundation\\Console\\RouteListCommand.php(113): Illuminate\\Foundation\\Console\\RouteListCommand->filterRoute(Array)
#9 D:\\laragon\\www\\PPID-PKTJ\\vendor\\laravel\\framework\\src\\Illuminate\\Foundation\\Console\\RouteListCommand.php(91): Illuminate\\Foundation\\Console\\RouteListCommand->getRouteInformation(Object(Illuminate\\Routing\\Route))
#10 [internal function]: Illuminate\\Foundation\\Console\\RouteListCommand->Illuminate\\Foundation\\Console\\{closure}(Object(Illuminate\\Routing\\Route), 65)
#11 D:\\laragon\\www\\PPID-PKTJ\\vendor\\laravel\\framework\\src\\Illuminate\\Collections\\Collection.php(695): array_map(Object(Closure), Array, Array)
#12 D:\\laragon\\www\\PPID-PKTJ\\vendor\\laravel\\framework\\src\\Illuminate\\Foundation\\Console\\RouteListCommand.php(90): Illuminate\\Support\\Collection->map(Object(Closure))
#13 D:\\laragon\\www\\PPID-PKTJ\\vendor\\laravel\\framework\\src\\Illuminate\\Foundation\\Console\\RouteListCommand.php(76): Illuminate\\Foundation\\Console\\RouteListCommand->getRoutes()
#14 D:\\laragon\\www\\PPID-PKTJ\\vendor\\laravel\\framework\\src\\Illuminate\\Container\\BoundMethod.php(36): Illuminate\\Foundation\\Console\\RouteListCommand->handle()
#15 D:\\laragon\\www\\PPID-PKTJ\\vendor\\laravel\\framework\\src\\Illuminate\\Container\\Util.php(40): Illuminate\\Container\\BoundMethod::Illuminate\\Container\\{closure}()
#16 D:\\laragon\\www\\PPID-PKTJ\\vendor\\laravel\\framework\\src\\Illuminate\\Container\\BoundMethod.php(93): Illuminate\\Container\\Util::unwrapIfClosure(Object(Closure))
#17 D:\\laragon\\www\\PPID-PKTJ\\vendor\\laravel\\framework\\src\\Illuminate\\Container\\BoundMethod.php(35): Illuminate\\Container\\BoundMethod::callBoundMethod(Object(Illuminate\\Foundation\\Application), Array, Object(Closure))
#18 D:\\laragon\\www\\PPID-PKTJ\\vendor\\laravel\\framework\\src\\Illuminate\\Container\\Container.php(653): Illuminate\\Container\\BoundMethod::call(Object(Illuminate\\Foundation\\Application), Array, Array, NULL)
#19 D:\\laragon\\www\\PPID-PKTJ\\vendor\\laravel\\framework\\src\\Illuminate\\Console\\Command.php(136): Illuminate\\Container\\Container->call(Array)
#20 D:\\laragon\\www\\PPID-PKTJ\\vendor\\symfony\\console\\Command\\Command.php(298): Illuminate\\Console\\Command->execute(Object(Symfony\\Component\\Console\\Input\\ArgvInput), Object(Illuminate\\Console\\OutputStyle))
#21 D:\\laragon\\www\\PPID-PKTJ\\vendor\\laravel\\framework\\src\\Illuminate\\Console\\Command.php(120): Symfony\\Component\\Console\\Command\\Command->run(Object(Symfony\\Component\\Console\\Input\\ArgvInput), Object(Illuminate\\Console\\OutputStyle))
#22 D:\\laragon\\www\\PPID-PKTJ\\vendor\\symfony\\console\\Application.php(1040): Illuminate\\Console\\Command->run(Object(Symfony\\Component\\Console\\Input\\ArgvInput), Object(Symfony\\Component\\Console\\Output\\ConsoleOutput))
#23 D:\\laragon\\www\\PPID-PKTJ\\vendor\\symfony\\console\\Application.php(301): Symfony\\Component\\Console\\Application->doRunCommand(Object(Illuminate\\Foundation\\Console\\RouteListCommand), Object(Symfony\\Component\\Console\\Input\\ArgvInput), Object(Symfony\\Component\\Console\\Output\\ConsoleOutput))
#24 D:\\laragon\\www\\PPID-PKTJ\\vendor\\symfony\\console\\Application.php(171): Symfony\\Component\\Console\\Application->doRun(Object(Symfony\\Component\\Console\\Input\\ArgvInput), Object(Symfony\\Component\\Console\\Output\\ConsoleOutput))
#25 D:\\laragon\\www\\PPID-PKTJ\\vendor\\laravel\\framework\\src\\Illuminate\\Console\\Application.php(94): Symfony\\Component\\Console\\Application->run(Object(Symfony\\Component\\Console\\Input\\ArgvInput), Object(Symfony\\Component\\Console\\Output\\ConsoleOutput))
#26 D:\\laragon\\www\\PPID-PKTJ\\vendor\\laravel\\framework\\src\\Illuminate\\Foundation\\Console\\Kernel.php(129): Illuminate\\Console\\Application->run(Object(Symfony\\Component\\Console\\Input\\ArgvInput), Object(Symfony\\Component\\Console\\Output\\ConsoleOutput))
#27 D:\\laragon\\www\\PPID-PKTJ\\artisan(17): Illuminate\\Foundation\\Console\\Kernel->handle(Object(Symfony\\Component\\Console\\Input\\ArgvInput), Object(Symfony\\Component\\Console\\Output\\ConsoleOutput))
#28 {main}
"} 
[2026-09-09 04:53:03] laravel.WARNING: mb_strpos(): Passing null to parameter #1 ($haystack) of type string is deprecated in D:\laragon\www\PPID-PKTJ\vendor\laravel\framework\src\Illuminate\Support\Str.php on line 197  
[2026-09-09 04:53:04] laravel.EMERGENCY: Unable to create configured logger. Using emergency logger. {"exception":"[object] (InvalidArgumentException(code: 0): Log [deprecations] is not defined. at D:\\laragon\\www\\PPID-PKTJ\\vendor\\laravel\\framework\\src\\Illuminate\\Log\\LogManager.php:200)
[stacktrace]
#0 D:\\laragon\\www\\PPID-PKTJ\\vendor\\laravel\\framework\\src\\Illuminate\\Log\\LogManager.php(125): Illuminate\\Log\\LogManager->resolve('deprecations', NULL)
#1 D:\\laragon\\www\\PPID-PKTJ\\vendor\\laravel\\framework\\src\\Illuminate\\Log\\LogManager.php(112): Illuminate\\Log\\LogManager->get('deprecations')
#2 D:\\laragon\\www\\PPID-PKTJ\\vendor\\laravel\\framework\\src\\Illuminate\\Log\\LogManager.php(101): Illuminate\\Log\\LogManager->driver('deprecations')
#3 D:\\laragon\\www\\PPID-PKTJ\\vendor\\laravel\\framework\\src\\Illuminate\\Foundation\\Bootstrap\\HandleExceptions.php(104): Illuminate\\Log\\LogManager->channel('deprecations')
#4 D:\\laragon\\www\\PPID-PKTJ\\vendor\\laravel\\framework\\src\\Illuminate\\Foundation\\Bootstrap\\HandleExceptions.php(71): Illuminate\\Foundation\\Bootstrap\\HandleExceptions->handleDeprecation('mb_strpos(): Pa...', 'D:\\\\laragon\\\\www\\\\...', 197)
#5 [internal function]: Illuminate\\Foundation\\Bootstrap\\HandleExceptions->handleError(8192, 'mb_strpos(): Pa...', 'D:\\\\laragon\\\\www\\\\...', 197)
#6 D:\\laragon\\www\\PPID-PKTJ\\vendor\\laravel\\framework\\src\\Illuminate\\Support\\Str.php(197): mb_strpos(NULL, 'prosedur')
#7 D:\\laragon\\www\\PPID-PKTJ\\vendor\\laravel\\framework\\src\\Illuminate\\Foundation\\Console\\RouteListCommand.php(188): Illuminate\\Support\\Str::contains(NULL, 'prosedur')
#8 D:\\laragon\\www\\PPID-PKTJ\\vendor\\laravel\\framework\\src\\Illuminate\\Foundation\\Console\\RouteListCommand.php(113): Illuminate\\Foundation\\Console\\RouteListCommand->filterRoute(Array)
#9 D:\\laragon\\www\\PPID-PKTJ\\vendor\\laravel\\framework\\src\\Illuminate\\Foundation\\Console\\RouteListCommand.php(91): Illuminate\\Foundation\\Console\\RouteListCommand->getRouteInformation(Object(Illuminate\\Routing\\Route))
#10 [internal function]: Illuminate\\Foundation\\Console\\RouteListCommand->Illuminate\\Foundation\\Console\\{closure}(Object(Illuminate\\Routing\\Route), 79)
#11 D:\\laragon\\www\\PPID-PKTJ\\vendor\\laravel\\framework\\src\\Illuminate\\Collections\\Collection.php(695): array_map(Object(Closure), Array, Array)
#12 D:\\laragon\\www\\PPID-PKTJ\\vendor\\laravel\\framework\\src\\Illuminate\\Foundation\\Console\\RouteListCommand.php(90): Illuminate\\Support\\Collection->map(Object(Closure))
#13 D:\\laragon\\www\\PPID-PKTJ\\vendor\\laravel\\framework\\src\\Illuminate\\Foundation\\Console\\RouteListCommand.php(76): Illuminate\\Foundation\\Console\\RouteListCommand->getRoutes()
#14 D:\\laragon\\www\\PPID-PKTJ\\vendor\\laravel\\framework\\src\\Illuminate\\Container\\BoundMethod.php(36): Illuminate\\Foundation\\Console\\RouteListCommand->handle()
#15 D:\\laragon\\www\\PPID-PKTJ\\vendor\\laravel\\framework\\src\\Illuminate\\Container\\Util.php(40): Illuminate\\Container\\BoundMethod::Illuminate\\Container\\{closure}()
#16 D:\\laragon\\www\\PPID-PKTJ\\vendor\\laravel\\framework\\src\\Illuminate\\Container\\BoundMethod.php(93): Illuminate\\Container\\Util::unwrapIfClosure(Object(Closure))
#17 D:\\laragon\\www\\PPID-PKTJ\\vendor\\laravel\\framework\\src\\Illuminate\\Container\\BoundMethod.php(35): Illuminate\\Container\\BoundMethod::callBoundMethod(Object(Illuminate\\Foundation\\Application), Array, Object(Closure))
#18 D:\\laragon\\www\\PPID-PKTJ\\vendor\\laravel\\framework\\src\\Illuminate\\Container\\Container.php(653): Illuminate\\Container\\BoundMethod::call(Object(Illuminate\\Foundation\\Application), Array, Array, NULL)
#19 D:\\laragon\\www\\PPID-PKTJ\\vendor\\laravel\\framework\\src\\Illuminate\\Console\\Command.php(136): Illuminate\\Container\\Container->call(Array)
#20 D:\\laragon\\www\\PPID-PKTJ\\vendor\\symfony\\console\\Command\\Command.php(298): Illuminate\\Console\\Command->execute(Object(Symfony\\Component\\Console\\Input\\ArgvInput), Object(Illuminate\\Console\\OutputStyle))
#21 D:\\laragon\\www\\PPID-PKTJ\\vendor\\laravel\\framework\\src\\Illuminate\\Console\\Command.php(120): Symfony\\Component\\Console\\Command\\Command->run(Object(Symfony\\Component\\Console\\Input\\ArgvInput), Object(Illuminate\\Console\\OutputStyle))
#22 D:\\laragon\\www\\PPID-PKTJ\\vendor\\symfony\\console\\Application.php(1040): Illuminate\\Console\\Command->run(Object(Symfony\\Component\\Console\\Input\\ArgvInput), Object(Symfony\\Component\\Console\\Output\\ConsoleOutput))
#23 D:\\laragon\\www\\PPID-PKTJ\\vendor\\symfony\\console\\Application.php(301): Symfony\\Component\\Console\\Application->doRunCommand(Object(Illuminate\\Foundation\\Console\\RouteListCommand), Object(Symfony\\Component\\Console\\Input\\ArgvInput), Object(Symfony\\Component\\Console\\Output\\ConsoleOutput))
#24 D:\\laragon\\www\\PPID-PKTJ\\vendor\\symfony\\console\\Application.php(171): Symfony\\Component\\Console\\Application->doRun(Object(Symfony\\Component\\Console\\Input\\ArgvInput), Object(Symfony\\Component\\Console\\Output\\ConsoleOutput))
#25 D:\\laragon\\www\\PPID-PKTJ\\vendor\\laravel\\framework\\src\\Illuminate\\Console\\Application.php(94): Symfony\\Component\\Console\\Application->run(Object(Symfony\\Component\\Console\\Input\\ArgvInput), Object(Symfony\\Component\\Console\\Output\\ConsoleOutput))
#26 D:\\laragon\\www\\PPID-PKTJ\\vendor\\laravel\\framework\\src\\Illuminate\\Foundation\\Console\\Kernel.php(129): Illuminate\\Console\\Application->run(Object(Symfony\\Component\\Console\\Input\\ArgvInput), Object(Symfony\\Component\\Console\\Output\\ConsoleOutput))
#27 D:\\laragon\\www\\PPID-PKTJ\\artisan(17): Illuminate\\Foundation\\Console\\Kernel->handle(Object(Symfony\\Component\\Console\\Input\\ArgvInput), Object(Symfony\\Component\\Console\\Output\\ConsoleOutput))
#28 {main}
"} 
[2026-09-09 04:53:04] laravel.WARNING: mb_strpos(): Passing null to parameter #1 ($haystack) of type string is deprecated in D:\laragon\www\PPID-PKTJ\vendor\laravel\framework\src\Illuminate\Support\Str.php on line 197  
[2026-09-09 04:53:04] laravel.EMERGENCY: Unable to create configured logger. Using emergency logger. {"exception":"[object] (InvalidArgumentException(code: 0): Log [deprecations] is not defined. at D:\\laragon\\www\\PPID-PKTJ\\vendor\\laravel\\framework\\src\\Illuminate\\Log\\LogManager.php:200)
[stacktrace]
#0 D:\\laragon\\www\\PPID-PKTJ\\vendor\\laravel\\framework\\src\\Illuminate\\Log\\LogManager.php(125): Illuminate\\Log\\LogManager->resolve('deprecations', NULL)
#1 D:\\laragon\\www\\PPID-PKTJ\\vendor\\laravel\\framework\\src\\Illuminate\\Log\\LogManager.php(112): Illuminate\\Log\\LogManager->get('deprecations')
#2 D:\\laragon\\www\\PPID-PKTJ\\vendor\\laravel\\framework\\src\\Illuminate\\Log\\LogManager.php(101): Illuminate\\Log\\LogManager->driver('deprecations')
#3 D:\\laragon\\www\\PPID-PKTJ\\vendor\\laravel\\framework\\src\\Illuminate\\Foundation\\Bootstrap\\HandleExceptions.php(104): Illuminate\\Log\\LogManager->channel('deprecations')
#4 D:\\laragon\\www\\PPID-PKTJ\\vendor\\laravel\\framework\\src\\Illuminate\\Foundation\\Bootstrap\\HandleExceptions.php(71): Illuminate\\Foundation\\Bootstrap\\HandleExceptions->handleDeprecation('mb_strpos(): Pa...', 'D:\\\\laragon\\\\www\\\\...', 197)
#5 [internal function]: Illuminate\\Foundation\\Bootstrap\\HandleExceptions->handleError(8192, 'mb_strpos(): Pa...', 'D:\\\\laragon\\\\www\\\\...', 197)
#6 D:\\laragon\\www\\PPID-PKTJ\\vendor\\laravel\\framework\\src\\Illuminate\\Support\\Str.php(197): mb_strpos(NULL, 'prosedur')
#7 D:\\laragon\\www\\PPID-PKTJ\\vendor\\laravel\\framework\\src\\Illuminate\\Foundation\\Console\\RouteListCommand.php(188): Illuminate\\Support\\Str::contains(NULL, 'prosedur')
#8 D:\\laragon\\www\\PPID-PKTJ\\vendor\\laravel\\framework\\src\\Illuminate\\Foundation\\Console\\RouteListCommand.php(113): Illuminate\\Foundation\\Console\\RouteListCommand->filterRoute(Array)
#9 D:\\laragon\\www\\PPID-PKTJ\\vendor\\laravel\\framework\\src\\Illuminate\\Foundation\\Console\\RouteListCommand.php(91): Illuminate\\Foundation\\Console\\RouteListCommand->getRouteInformation(Object(Illuminate\\Routing\\Route))
#10 [internal function]: Illuminate\\Foundation\\Console\\RouteListCommand->Illuminate\\Foundation\\Console\\{closure}(Object(Illuminate\\Routing\\Route), 80)
#11 D:\\laragon\\www\\PPID-PKTJ\\vendor\\laravel\\framework\\src\\Illuminate\\Collections\\Collection.php(695): array_map(Object(Closure), Array, Array)
#12 D:\\laragon\\www\\PPID-PKTJ\\vendor\\laravel\\framework\\src\\Illuminate\\Foundation\\Console\\RouteListCommand.php(90): Illuminate\\Support\\Collection->map(Object(Closure))
#13 D:\\laragon\\www\\PPID-PKTJ\\vendor\\laravel\\framework\\src\\Illuminate\\Foundation\\Console\\RouteListCommand.php(76): Illuminate\\Foundation\\Console\\RouteListCommand->getRoutes()
#14 D:\\laragon\\www\\PPID-PKTJ\\vendor\\laravel\\framework\\src\\Illuminate\\Container\\BoundMethod.php(36): Illuminate\\Foundation\\Console\\RouteListCommand->handle()
#15 D:\\laragon\\www\\PPID-PKTJ\\vendor\\laravel\\framework\\src\\Illuminate\\Container\\Util.php(40): Illuminate\\Container\\BoundMethod::Illuminate\\Container\\{closure}()
#16 D:\\laragon\\www\\PPID-PKTJ\\vendor\\laravel\\framework\\src\\Illuminate\\Container\\BoundMethod.php(93): Illuminate\\Container\\Util::unwrapIfClosure(Object(Closure))
#17 D:\\laragon\\www\\PPID-PKTJ\\vendor\\laravel\\framework\\src\\Illuminate\\Container\\BoundMethod.php(35): Illuminate\\Container\\BoundMethod::callBoundMethod(Object(Illuminate\\Foundation\\Application), Array, Object(Closure))
#18 D:\\laragon\\www\\PPID-PKTJ\\vendor\\laravel\\framework\\src\\Illuminate\\Container\\Container.php(653): Illuminate\\Container\\BoundMethod::call(Object(Illuminate\\Foundation\\Application), Array, Array, NULL)
#19 D:\\laragon\\www\\PPID-PKTJ\\vendor\\laravel\\framework\\src\\Illuminate\\Console\\Command.php(136): Illuminate\\Container\\Container->call(Array)
#20 D:\\laragon\\www\\PPID-PKTJ\\vendor\\symfony\\console\\Command\\Command.php(298): Illuminate\\Console\\Command->execute(Object(Symfony\\Component\\Console\\Input\\ArgvInput), Object(Illuminate\\Console\\OutputStyle))
#21 D:\\laragon\\www\\PPID-PKTJ\\vendor\\laravel\\framework\\src\\Illuminate\\Console\\Command.php(120): Symfony\\Component\\Console\\Command\\Command->run(Object(Symfony\\Component\\Console\\Input\\ArgvInput), Object(Illuminate\\Console\\OutputStyle))
#22 D:\\laragon\\www\\PPID-PKTJ\\vendor\\symfony\\console\\Application.php(1040): Illuminate\\Console\\Command->run(Object(Symfony\\Component\\Console\\Input\\ArgvInput), Object(Symfony\\Component\\Console\\Output\\ConsoleOutput))
#23 D:\\laragon\\www\\PPID-PKTJ\\vendor\\symfony\\console\\Application.php(301): Symfony\\Component\\Console\\Application->doRunCommand(Object(Illuminate\\Foundation\\Console\\RouteListCommand), Object(Symfony\\Component\\Console\\Input\\ArgvInput), Object(Symfony\\Component\\Console\\Output\\ConsoleOutput))
#24 D:\\laragon\\www\\PPID-PKTJ\\vendor\\symfony\\console\\Application.php(171): Symfony\\Component\\Console\\Application->doRun(Object(Symfony\\Component\\Console\\Input\\ArgvInput), Object(Symfony\\Component\\Console\\Output\\ConsoleOutput))
#25 D:\\laragon\\www\\PPID-PKTJ\\vendor\\laravel\\framework\\src\\Illuminate\\Console\\Application.php(94): Symfony\\Component\\Console\\Application->run(Object(Symfony\\Component\\Console\\Input\\ArgvInput), Object(Symfony\\Component\\Console\\Output\\ConsoleOutput))
#26 D:\\laragon\\www\\PPID-PKTJ\\vendor\\laravel\\framework\\src\\Illuminate\\Foundation\\Console\\Kernel.php(129): Illuminate\\Console\\Application->run(Object(Symfony\\Component\\Console\\Input\\ArgvInput), Object(Symfony\\Component\\Console\\Output\\ConsoleOutput))
#27 D:\\laragon\\www\\PPID-PKTJ\\artisan(17): Illuminate\\Foundation\\Console\\Kernel->handle(Object(Symfony\\Component\\Console\\Input\\ArgvInput), Object(Symfony\\Component\\Console\\Output\\ConsoleOutput))
#28 {main}
"} 
[2026-09-09 04:53:04] laravel.WARNING: mb_strpos(): Passing null to parameter #1 ($haystack) of type string is deprecated in D:\laragon\www\PPID-PKTJ\vendor\laravel\framework\src\Illuminate\Support\Str.php on line 197  
[2026-09-09 04:53:04] laravel.EMERGENCY: Unable to create configured logger. Using emergency logger. {"exception":"[object] (InvalidArgumentException(code: 0): Log [deprecations] is not defined. at D:\\laragon\\www\\PPID-PKTJ\\vendor\\laravel\\framework\\src\\Illuminate\\Log\\LogManager.php:200)
[stacktrace]
#0 D:\\laragon\\www\\PPID-PKTJ\\vendor\\laravel\\framework\\src\\Illuminate\\Log\\LogManager.php(125): Illuminate\\Log\\LogManager->resolve('deprecations', NULL)
#1 D:\\laragon\\www\\PPID-PKTJ\\vendor\\laravel\\framework\\src\\Illuminate\\Log\\LogManager.php(112): Illuminate\\Log\\LogManager->get('deprecations')
#2 D:\\laragon\\www\\PPID-PKTJ\\vendor\\laravel\\framework\\src\\Illuminate\\Log\\LogManager.php(101): Illuminate\\Log\\LogManager->driver('deprecations')
#3 D:\\laragon\\www\\PPID-PKTJ\\vendor\\laravel\\framework\\src\\Illuminate\\Foundation\\Bootstrap\\HandleExceptions.php(104): Illuminate\\Log\\LogManager->channel('deprecations')
#4 D:\\laragon\\www\\PPID-PKTJ\\vendor\\laravel\\framework\\src\\Illuminate\\Foundation\\Bootstrap\\HandleExceptions.php(71): Illuminate\\Foundation\\Bootstrap\\HandleExceptions->handleDeprecation('mb_strpos(): Pa...', 'D:\\\\laragon\\\\www\\\\...', 197)
#5 [internal function]: Illuminate\\Foundation\\Bootstrap\\HandleExceptions->handleError(8192, 'mb_strpos(): Pa...', 'D:\\\\laragon\\\\www\\\\...', 197)
#6 D:\\laragon\\www\\PPID-PKTJ\\vendor\\laravel\\framework\\src\\Illuminate\\Support\\Str.php(197): mb_strpos(NULL, 'prosedur')
#7 D:\\laragon\\www\\PPID-PKTJ\\vendor\\laravel\\framework\\src\\Illuminate\\Foundation\\Console\\RouteListCommand.php(188): Illuminate\\Support\\Str::contains(NULL, 'prosedur')
#8 D:\\laragon\\www\\PPID-PKTJ\\vendor\\laravel\\framework\\src\\Illuminate\\Foundation\\Console\\RouteListCommand.php(113): Illuminate\\Foundation\\Console\\RouteListCommand->filterRoute(Array)
#9 D:\\laragon\\www\\PPID-PKTJ\\vendor\\laravel\\framework\\src\\Illuminate\\Foundation\\Console\\RouteListCommand.php(91): Illuminate\\Foundation\\Console\\RouteListCommand->getRouteInformation(Object(Illuminate\\Routing\\Route))
#10 [internal function]: Illuminate\\Foundation\\Console\\RouteListCommand->Illuminate\\Foundation\\Console\\{closure}(Object(Illuminate\\Routing\\Route), 81)
#11 D:\\laragon\\www\\PPID-PKTJ\\vendor\\laravel\\framework\\src\\Illuminate\\Collections\\Collection.php(695): array_map(Object(Closure), Array, Array)
#12 D:\\laragon\\www\\PPID-PKTJ\\vendor\\laravel\\framework\\src\\Illuminate\\Foundation\\Console\\RouteListCommand.php(90): Illuminate\\Support\\Collection->map(Object(Closure))
#13 D:\\laragon\\www\\PPID-PKTJ\\vendor\\laravel\\framework\\src\\Illuminate\\Foundation\\Console\\RouteListCommand.php(76): Illuminate\\Foundation\\Console\\RouteListCommand->getRoutes()
#14 D:\\laragon\\www\\PPID-PKTJ\\vendor\\laravel\\framework\\src\\Illuminate\\Container\\BoundMethod.php(36): Illuminate\\Foundation\\Console\\RouteListCommand->handle()
#15 D:\\laragon\\www\\PPID-PKTJ\\vendor\\laravel\\framework\\src\\Illuminate\\Container\\Util.php(40): Illuminate\\Container\\BoundMethod::Illuminate\\Container\\{closure}()
#16 D:\\laragon\\www\\PPID-PKTJ\\vendor\\laravel\\framework\\src\\Illuminate\\Container\\BoundMethod.php(93): Illuminate\\Container\\Util::unwrapIfClosure(Object(Closure))
#17 D:\\laragon\\www\\PPID-PKTJ\\vendor\\laravel\\framework\\src\\Illuminate\\Container\\BoundMethod.php(35): Illuminate\\Container\\BoundMethod::callBoundMethod(Object(Illuminate\\Foundation\\Application), Array, Object(Closure))
#18 D:\\laragon\\www\\PPID-PKTJ\\vendor\\laravel\\framework\\src\\Illuminate\\Container\\Container.php(653): Illuminate\\Container\\BoundMethod::call(Object(Illuminate\\Foundation\\Application), Array, Array, NULL)
#19 D:\\laragon\\www\\PPID-PKTJ\\vendor\\laravel\\framework\\src\\Illuminate\\Console\\Command.php(136): Illuminate\\Container\\Container->call(Array)
#20 D:\\laragon\\www\\PPID-PKTJ\\vendor\\symfony\\console\\Command\\Command.php(298): Illuminate\\Console\\Command->execute(Object(Symfony\\Component\\Console\\Input\\ArgvInput), Object(Illuminate\\Console\\OutputStyle))
#21 D:\\laragon\\www\\PPID-PKTJ\\vendor\\laravel\\framework\\src\\Illuminate\\Console\\Command.php(120): Symfony\\Component\\Console\\Command\\Command->run(Object(Symfony\\Component\\Console\\Input\\ArgvInput), Object(Illuminate\\Console\\OutputStyle))
#22 D:\\laragon\\www\\PPID-PKTJ\\vendor\\symfony\\console\\Application.php(1040): Illuminate\\Console\\Command->run(Object(Symfony\\Component\\Console\\Input\\ArgvInput), Object(Symfony\\Component\\Console\\Output\\ConsoleOutput))
#23 D:\\laragon\\www\\PPID-PKTJ\\vendor\\symfony\\console\\Application.php(301): Symfony\\Component\\Console\\Application->doRunCommand(Object(Illuminate\\Foundation\\Console\\RouteListCommand), Object(Symfony\\Component\\Console\\Input\\ArgvInput), Object(Symfony\\Component\\Console\\Output\\ConsoleOutput))
#24 D:\\laragon\\www\\PPID-PKTJ\\vendor\\symfony\\console\\Application.php(171): Symfony\\Component\\Console\\Application->doRun(Object(Symfony\\Component\\Console\\Input\\ArgvInput), Object(Symfony\\Component\\Console\\Output\\ConsoleOutput))
#25 D:\\laragon\\www\\PPID-PKTJ\\vendor\\laravel\\framework\\src\\Illuminate\\Console\\Application.php(94): Symfony\\Component\\Console\\Application->run(Object(Symfony\\Component\\Console\\Input\\ArgvInput), Object(Symfony\\Component\\Console\\Output\\ConsoleOutput))
#26 D:\\laragon\\www\\PPID-PKTJ\\vendor\\laravel\\framework\\src\\Illuminate\\Foundation\\Console\\Kernel.php(129): Illuminate\\Console\\Application->run(Object(Symfony\\Component\\Console\\Input\\ArgvInput), Object(Symfony\\Component\\Console\\Output\\ConsoleOutput))
#27 D:\\laragon\\www\\PPID-PKTJ\\artisan(17): Illuminate\\Foundation\\Console\\Kernel->handle(Object(Symfony\\Component\\Console\\Input\\ArgvInput), Object(Symfony\\Component\\Console\\Output\\ConsoleOutput))
#28 {main}
"} 
[2026-09-09 04:53:04] laravel.WARNING: mb_strpos(): Passing null to parameter #1 ($haystack) of type string is deprecated in D:\laragon\www\PPID-PKTJ\vendor\laravel\framework\src\Illuminate\Support\Str.php on line 197  
[2026-09-09 04:53:04] laravel.EMERGENCY: Unable to create configured logger. Using emergency logger. {"exception":"[object] (InvalidArgumentException(code: 0): Log [deprecations] is not defined. at D:\\laragon\\www\\PPID-PKTJ\\vendor\\laravel\\framework\\src\\Illuminate\\Log\\LogManager.php:200)
[stacktrace]
#0 D:\\laragon\\www\\PPID-PKTJ\\vendor\\laravel\\framework\\src\\Illuminate\\Log\\LogManager.php(125): Illuminate\\Log\\LogManager->resolve('deprecations', NULL)
#1 D:\\laragon\\www\\PPID-PKTJ\\vendor\\laravel\\framework\\src\\Illuminate\\Log\\LogManager.php(112): Illuminate\\Log\\LogManager->get('deprecations')
#2 D:\\laragon\\www\\PPID-PKTJ\\vendor\\laravel\\framework\\src\\Illuminate\\Log\\LogManager.php(101): Illuminate\\Log\\LogManager->driver('deprecations')
#3 D:\\laragon\\www\\PPID-PKTJ\\vendor\\laravel\\framework\\src\\Illuminate\\Foundation\\Bootstrap\\HandleExceptions.php(104): Illuminate\\Log\\LogManager->channel('deprecations')
#4 D:\\laragon\\www\\PPID-PKTJ\\vendor\\laravel\\framework\\src\\Illuminate\\Foundation\\Bootstrap\\HandleExceptions.php(71): Illuminate\\Foundation\\Bootstrap\\HandleExceptions->handleDeprecation('mb_strpos(): Pa...', 'D:\\\\laragon\\\\www\\\\...', 197)
#5 [internal function]: Illuminate\\Foundation\\Bootstrap\\HandleExceptions->handleError(8192, 'mb_strpos(): Pa...', 'D:\\\\laragon\\\\www\\\\...', 197)
#6 D:\\laragon\\www\\PPID-PKTJ\\vendor\\laravel\\framework\\src\\Illuminate\\Support\\Str.php(197): mb_strpos(NULL, 'prosedur')
#7 D:\\laragon\\www\\PPID-PKTJ\\vendor\\laravel\\framework\\src\\Illuminate\\Foundation\\Console\\RouteListCommand.php(188): Illuminate\\Support\\Str::contains(NULL, 'prosedur')
#8 D:\\laragon\\www\\PPID-PKTJ\\vendor\\laravel\\framework\\src\\Illuminate\\Foundation\\Console\\RouteListCommand.php(113): Illuminate\\Foundation\\Console\\RouteListCommand->filterRoute(Array)
#9 D:\\laragon\\www\\PPID-PKTJ\\vendor\\laravel\\framework\\src\\Illuminate\\Foundation\\Console\\RouteListCommand.php(91): Illuminate\\Foundation\\Console\\RouteListCommand->getRouteInformation(Object(Illuminate\\Routing\\Route))
#10 [internal function]: Illuminate\\Foundation\\Console\\RouteListCommand->Illuminate\\Foundation\\Console\\{closure}(Object(Illuminate\\Routing\\Route), 82)
#11 D:\\laragon\\www\\PPID-PKTJ\\vendor\\laravel\\framework\\src\\Illuminate\\Collections\\Collection.php(695): array_map(Object(Closure), Array, Array)
#12 D:\\laragon\\www\\PPID-PKTJ\\vendor\\laravel\\framework\\src\\Illuminate\\Foundation\\Console\\RouteListCommand.php(90): Illuminate\\Support\\Collection->map(Object(Closure))
#13 D:\\laragon\\www\\PPID-PKTJ\\vendor\\laravel\\framework\\src\\Illuminate\\Foundation\\Console\\RouteListCommand.php(76): Illuminate\\Foundation\\Console\\RouteListCommand->getRoutes()
#14 D:\\laragon\\www\\PPID-PKTJ\\vendor\\laravel\\framework\\src\\Illuminate\\Container\\BoundMethod.php(36): Illuminate\\Foundation\\Console\\RouteListCommand->handle()
#15 D:\\laragon\\www\\PPID-PKTJ\\vendor\\laravel\\framework\\src\\Illuminate\\Container\\Util.php(40): Illuminate\\Container\\BoundMethod::Illuminate\\Container\\{closure}()
#16 D:\\laragon\\www\\PPID-PKTJ\\vendor\\laravel\\framework\\src\\Illuminate\\Container\\BoundMethod.php(93): Illuminate\\Container\\Util::unwrapIfClosure(Object(Closure))
#17 D:\\laragon\\www\\PPID-PKTJ\\vendor\\laravel\\framework\\src\\Illuminate\\Container\\BoundMethod.php(35): Illuminate\\Container\\BoundMethod::callBoundMethod(Object(Illuminate\\Foundation\\Application), Array, Object(Closure))
#18 D:\\laragon\\www\\PPID-PKTJ\\vendor\\laravel\\framework\\src\\Illuminate\\Container\\Container.php(653): Illuminate\\Container\\BoundMethod::call(Object(Illuminate\\Foundation\\Application), Array, Array, NULL)
#19 D:\\laragon\\www\\PPID-PKTJ\\vendor\\laravel\\framework\\src\\Illuminate\\Console\\Command.php(136): Illuminate\\Container\\Container->call(Array)
#20 D:\\laragon\\www\\PPID-PKTJ\\vendor\\symfony\\console\\Command\\Command.php(298): Illuminate\\Console\\Command->execute(Object(Symfony\\Component\\Console\\Input\\ArgvInput), Object(Illuminate\\Console\\OutputStyle))
#21 D:\\laragon\\www\\PPID-PKTJ\\vendor\\laravel\\framework\\src\\Illuminate\\Console\\Command.php(120): Symfony\\Component\\Console\\Command\\Command->run(Object(Symfony\\Component\\Console\\Input\\ArgvInput), Object(Illuminate\\Console\\OutputStyle))
#22 D:\\laragon\\www\\PPID-PKTJ\\vendor\\symfony\\console\\Application.php(1040): Illuminate\\Console\\Command->run(Object(Symfony\\Component\\Console\\Input\\ArgvInput), Object(Symfony\\Component\\Console\\Output\\ConsoleOutput))
#23 D:\\laragon\\www\\PPID-PKTJ\\vendor\\symfony\\console\\Application.php(301): Symfony\\Component\\Console\\Application->doRunCommand(Object(Illuminate\\Foundation\\Console\\RouteListCommand), Object(Symfony\\Component\\Console\\Input\\ArgvInput), Object(Symfony\\Component\\Console\\Output\\ConsoleOutput))
#24 D:\\laragon\\www\\PPID-PKTJ\\vendor\\symfony\\console\\Application.php(171): Symfony\\Component\\Console\\Application->doRun(Object(Symfony\\Component\\Console\\Input\\ArgvInput), Object(Symfony\\Component\\Console\\Output\\ConsoleOutput))
#25 D:\\laragon\\www\\PPID-PKTJ\\vendor\\laravel\\framework\\src\\Illuminate\\Console\\Application.php(94): Symfony\\Component\\Console\\Application->run(Object(Symfony\\Component\\Console\\Input\\ArgvInput), Object(Symfony\\Component\\Console\\Output\\ConsoleOutput))
#26 D:\\laragon\\www\\PPID-PKTJ\\vendor\\laravel\\framework\\src\\Illuminate\\Foundation\\Console\\Kernel.php(129): Illuminate\\Console\\Application->run(Object(Symfony\\Component\\Console\\Input\\ArgvInput), Object(Symfony\\Component\\Console\\Output\\ConsoleOutput))
#27 D:\\laragon\\www\\PPID-PKTJ\\artisan(17): Illuminate\\Foundation\\Console\\Kernel->handle(Object(Symfony\\Component\\Console\\Input\\ArgvInput), Object(Symfony\\Component\\Console\\Output\\ConsoleOutput))
#28 {main}
"} 
[2026-09-09 04:53:04] laravel.WARNING: mb_strpos(): Passing null to parameter #1 ($haystack) of type string is deprecated in D:\laragon\www\PPID-PKTJ\vendor\laravel\framework\src\Illuminate\Support\Str.php on line 197  
[2026-09-09 04:53:04] laravel.EMERGENCY: Unable to create configured logger. Using emergency logger. {"exception":"[object] (InvalidArgumentException(code: 0): Log [deprecations] is not defined. at D:\\laragon\\www\\PPID-PKTJ\\vendor\\laravel\\framework\\src\\Illuminate\\Log\\LogManager.php:200)
[stacktrace]
#0 D:\\laragon\\www\\PPID-PKTJ\\vendor\\laravel\\framework\\src\\Illuminate\\Log\\LogManager.php(125): Illuminate\\Log\\LogManager->resolve('deprecations', NULL)
#1 D:\\laragon\\www\\PPID-PKTJ\\vendor\\laravel\\framework\\src\\Illuminate\\Log\\LogManager.php(112): Illuminate\\Log\\LogManager->get('deprecations')
#2 D:\\laragon\\www\\PPID-PKTJ\\vendor\\laravel\\framework\\src\\Illuminate\\Log\\LogManager.php(101): Illuminate\\Log\\LogManager->driver('deprecations')
#3 D:\\laragon\\www\\PPID-PKTJ\\vendor\\laravel\\framework\\src\\Illuminate\\Foundation\\Bootstrap\\HandleExceptions.php(104): Illuminate\\Log\\LogManager->channel('deprecations')
#4 D:\\laragon\\www\\PPID-PKTJ\\vendor\\laravel\\framework\\src\\Illuminate\\Foundation\\Bootstrap\\HandleExceptions.php(71): Illuminate\\Foundation\\Bootstrap\\HandleExceptions->handleDeprecation('mb_strpos(): Pa...', 'D:\\\\laragon\\\\www\\\\...', 197)
#5 [internal function]: Illuminate\\Foundation\\Bootstrap\\HandleExceptions->handleError(8192, 'mb_strpos(): Pa...', 'D:\\\\laragon\\\\www\\\\...', 197)
#6 D:\\laragon\\www\\PPID-PKTJ\\vendor\\laravel\\framework\\src\\Illuminate\\Support\\Str.php(197): mb_strpos(NULL, 'prosedur')
#7 D:\\laragon\\www\\PPID-PKTJ\\vendor\\laravel\\framework\\src\\Illuminate\\Foundation\\Console\\RouteListCommand.php(188): Illuminate\\Support\\Str::contains(NULL, 'prosedur')
#8 D:\\laragon\\www\\PPID-PKTJ\\vendor\\laravel\\framework\\src\\Illuminate\\Foundation\\Console\\RouteListCommand.php(113): Illuminate\\Foundation\\Console\\RouteListCommand->filterRoute(Array)
#9 D:\\laragon\\www\\PPID-PKTJ\\vendor\\laravel\\framework\\src\\Illuminate\\Foundation\\Console\\RouteListCommand.php(91): Illuminate\\Foundation\\Console\\RouteListCommand->getRouteInformation(Object(Illuminate\\Routing\\Route))
#10 [internal function]: Illuminate\\Foundation\\Console\\RouteListCommand->Illuminate\\Foundation\\Console\\{closure}(Object(Illuminate\\Routing\\Route), 83)
#11 D:\\laragon\\www\\PPID-PKTJ\\vendor\\laravel\\framework\\src\\Illuminate\\Collections\\Collection.php(695): array_map(Object(Closure), Array, Array)
#12 D:\\laragon\\www\\PPID-PKTJ\\vendor\\laravel\\framework\\src\\Illuminate\\Foundation\\Console\\RouteListCommand.php(90): Illuminate\\Support\\Collection->map(Object(Closure))
#13 D:\\laragon\\www\\PPID-PKTJ\\vendor\\laravel\\framework\\src\\Illuminate\\Foundation\\Console\\RouteListCommand.php(76): Illuminate\\Foundation\\Console\\RouteListCommand->getRoutes()
#14 D:\\laragon\\www\\PPID-PKTJ\\vendor\\laravel\\framework\\src\\Illuminate\\Container\\BoundMethod.php(36): Illuminate\\Foundation\\Console\\RouteListCommand->handle()
#15 D:\\laragon\\www\\PPID-PKTJ\\vendor\\laravel\\framework\\src\\Illuminate\\Container\\Util.php(40): Illuminate\\Container\\BoundMethod::Illuminate\\Container\\{closure}()
#16 D:\\laragon\\www\\PPID-PKTJ\\vendor\\laravel\\framework\\src\\Illuminate\\Container\\BoundMethod.php(93): Illuminate\\Container\\Util::unwrapIfClosure(Object(Closure))
#17 D:\\laragon\\www\\PPID-PKTJ\\vendor\\laravel\\framework\\src\\Illuminate\\Container\\BoundMethod.php(35): Illuminate\\Container\\BoundMethod::callBoundMethod(Object(Illuminate\\Foundation\\Application), Array, Object(Closure))
#18 D:\\laragon\\www\\PPID-PKTJ\\vendor\\laravel\\framework\\src\\Illuminate\\Container\\Container.php(653): Illuminate\\Container\\BoundMethod::call(Object(Illuminate\\Foundation\\Application), Array, Array, NULL)
#19 D:\\laragon\\www\\PPID-PKTJ\\vendor\\laravel\\framework\\src\\Illuminate\\Console\\Command.php(136): Illuminate\\Container\\Container->call(Array)
#20 D:\\laragon\\www\\PPID-PKTJ\\vendor\\symfony\\console\\Command\\Command.php(298): Illuminate\\Console\\Command->execute(Object(Symfony\\Component\\Console\\Input\\ArgvInput), Object(Illuminate\\Console\\OutputStyle))
#21 D:\\laragon\\www\\PPID-PKTJ\\vendor\\laravel\\framework\\src\\Illuminate\\Console\\Command.php(120): Symfony\\Component\\Console\\Command\\Command->run(Object(Symfony\\Component\\Console\\Input\\ArgvInput), Object(Illuminate\\Console\\OutputStyle))
#22 D:\\laragon\\www\\PPID-PKTJ\\vendor\\symfony\\console\\Application.php(1040): Illuminate\\Console\\Command->run(Object(Symfony\\Component\\Console\\Input\\ArgvInput), Object(Symfony\\Component\\Console\\Output\\ConsoleOutput))
#23 D:\\laragon\\www\\PPID-PKTJ\\vendor\\symfony\\console\\Application.php(301): Symfony\\Component\\Console\\Application->doRunCommand(Object(Illuminate\\Foundation\\Console\\RouteListCommand), Object(Symfony\\Component\\Console\\Input\\ArgvInput), Object(Symfony\\Component\\Console\\Output\\ConsoleOutput))
#24 D:\\laragon\\www\\PPID-PKTJ\\vendor\\symfony\\console\\Application.php(171): Symfony\\Component\\Console\\Application->doRun(Object(Symfony\\Component\\Console\\Input\\ArgvInput), Object(Symfony\\Component\\Console\\Output\\ConsoleOutput))
#25 D:\\laragon\\www\\PPID-PKTJ\\vendor\\laravel\\framework\\src\\Illuminate\\Console\\Application.php(94): Symfony\\Component\\Console\\Application->run(Object(Symfony\\Component\\Console\\Input\\ArgvInput), Object(Symfony\\Component\\Console\\Output\\ConsoleOutput))
#26 D:\\laragon\\www\\PPID-PKTJ\\vendor\\laravel\\framework\\src\\Illuminate\\Foundation\\Console\\Kernel.php(129): Illuminate\\Console\\Application->run(Object(Symfony\\Component\\Console\\Input\\ArgvInput), Object(Symfony\\Component\\Console\\Output\\ConsoleOutput))
#27 D:\\laragon\\www\\PPID-PKTJ\\artisan(17): Illuminate\\Foundation\\Console\\Kernel->handle(Object(Symfony\\Component\\Console\\Input\\ArgvInput), Object(Symfony\\Component\\Console\\Output\\ConsoleOutput))
#28 {main}
"} 
[2026-09-09 04:53:04] laravel.WARNING: mb_strpos(): Passing null to parameter #1 ($haystack) of type string is deprecated in D:\laragon\www\PPID-PKTJ\vendor\laravel\framework\src\Illuminate\Support\Str.php on line 197  
[2026-09-09 04:53:04] laravel.EMERGENCY: Unable to create configured logger. Using emergency logger. {"exception":"[object] (InvalidArgumentException(code: 0): Log [deprecations] is not defined. at D:\\laragon\\www\\PPID-PKTJ\\vendor\\laravel\\framework\\src\\Illuminate\\Log\\LogManager.php:200)
[stacktrace]
#0 D:\\laragon\\www\\PPID-PKTJ\\vendor\\laravel\\framework\\src\\Illuminate\\Log\\LogManager.php(125): Illuminate\\Log\\LogManager->resolve('deprecations', NULL)
#1 D:\\laragon\\www\\PPID-PKTJ\\vendor\\laravel\\framework\\src\\Illuminate\\Log\\LogManager.php(112): Illuminate\\Log\\LogManager->get('deprecations')
#2 D:\\laragon\\www\\PPID-PKTJ\\vendor\\laravel\\framework\\src\\Illuminate\\Log\\LogManager.php(101): Illuminate\\Log\\LogManager->driver('deprecations')
#3 D:\\laragon\\www\\PPID-PKTJ\\vendor\\laravel\\framework\\src\\Illuminate\\Foundation\\Bootstrap\\HandleExceptions.php(104): Illuminate\\Log\\LogManager->channel('deprecations')
#4 D:\\laragon\\www\\PPID-PKTJ\\vendor\\laravel\\framework\\src\\Illuminate\\Foundation\\Bootstrap\\HandleExceptions.php(71): Illuminate\\Foundation\\Bootstrap\\HandleExceptions->handleDeprecation('mb_strpos(): Pa...', 'D:\\\\laragon\\\\www\\\\...', 197)
#5 [internal function]: Illuminate\\Foundation\\Bootstrap\\HandleExceptions->handleError(8192, 'mb_strpos(): Pa...', 'D:\\\\laragon\\\\www\\\\...', 197)
#6 D:\\laragon\\www\\PPID-PKTJ\\vendor\\laravel\\framework\\src\\Illuminate\\Support\\Str.php(197): mb_strpos(NULL, 'prosedur')
#7 D:\\laragon\\www\\PPID-PKTJ\\vendor\\laravel\\framework\\src\\Illuminate\\Foundation\\Console\\RouteListCommand.php(188): Illuminate\\Support\\Str::contains(NULL, 'prosedur')
#8 D:\\laragon\\www\\PPID-PKTJ\\vendor\\laravel\\framework\\src\\Illuminate\\Foundation\\Console\\RouteListCommand.php(113): Illuminate\\Foundation\\Console\\RouteListCommand->filterRoute(Array)
#9 D:\\laragon\\www\\PPID-PKTJ\\vendor\\laravel\\framework\\src\\Illuminate\\Foundation\\Console\\RouteListCommand.php(91): Illuminate\\Foundation\\Console\\RouteListCommand->getRouteInformation(Object(Illuminate\\Routing\\Route))
#10 [internal function]: Illuminate\\Foundation\\Console\\RouteListCommand->Illuminate\\Foundation\\Console\\{closure}(Object(Illuminate\\Routing\\Route), 84)
#11 D:\\laragon\\www\\PPID-PKTJ\\vendor\\laravel\\framework\\src\\Illuminate\\Collections\\Collection.php(695): array_map(Object(Closure), Array, Array)
#12 D:\\laragon\\www\\PPID-PKTJ\\vendor\\laravel\\framework\\src\\Illuminate\\Foundation\\Console\\RouteListCommand.php(90): Illuminate\\Support\\Collection->map(Object(Closure))
#13 D:\\laragon\\www\\PPID-PKTJ\\vendor\\laravel\\framework\\src\\Illuminate\\Foundation\\Console\\RouteListCommand.php(76): Illuminate\\Foundation\\Console\\RouteListCommand->getRoutes()
#14 D:\\laragon\\www\\PPID-PKTJ\\vendor\\laravel\\framework\\src\\Illuminate\\Container\\BoundMethod.php(36): Illuminate\\Foundation\\Console\\RouteListCommand->handle()
#15 D:\\laragon\\www\\PPID-PKTJ\\vendor\\laravel\\framework\\src\\Illuminate\\Container\\Util.php(40): Illuminate\\Container\\BoundMethod::Illuminate\\Container\\{closure}()
#16 D:\\laragon\\www\\PPID-PKTJ\\vendor\\laravel\\framework\\src\\Illuminate\\Container\\BoundMethod.php(93): Illuminate\\Container\\Util::unwrapIfClosure(Object(Closure))
#17 D:\\laragon\\www\\PPID-PKTJ\\vendor\\laravel\\framework\\src\\Illuminate\\Container\\BoundMethod.php(35): Illuminate\\Container\\BoundMethod::callBoundMethod(Object(Illuminate\\Foundation\\Application), Array, Object(Closure))
#18 D:\\laragon\\www\\PPID-PKTJ\\vendor\\laravel\\framework\\src\\Illuminate\\Container\\Container.php(653): Illuminate\\Container\\BoundMethod::call(Object(Illuminate\\Foundation\\Application), Array, Array, NULL)
#19 D:\\laragon\\www\\PPID-PKTJ\\vendor\\laravel\\framework\\src\\Illuminate\\Console\\Command.php(136): Illuminate\\Container\\Container->call(Array)
#20 D:\\laragon\\www\\PPID-PKTJ\\vendor\\symfony\\console\\Command\\Command.php(298): Illuminate\\Console\\Command->execute(Object(Symfony\\Component\\Console\\Input\\ArgvInput), Object(Illuminate\\Console\\OutputStyle))
#21 D:\\laragon\\www\\PPID-PKTJ\\vendor\\laravel\\framework\\src\\Illuminate\\Console\\Command.php(120): Symfony\\Component\\Console\\Command\\Command->run(Object(Symfony\\Component\\Console\\Input\\ArgvInput), Object(Illuminate\\Console\\OutputStyle))
#22 D:\\laragon\\www\\PPID-PKTJ\\vendor\\symfony\\console\\Application.php(1040): Illuminate\\Console\\Command->run(Object(Symfony\\Component\\Console\\Input\\ArgvInput), Object(Symfony\\Component\\Console\\Output\\ConsoleOutput))
#23 D:\\laragon\\www\\PPID-PKTJ\\vendor\\symfony\\console\\Application.php(301): Symfony\\Component\\Console\\Application->doRunCommand(Object(Illuminate\\Foundation\\Console\\RouteListCommand), Object(Symfony\\Component\\Console\\Input\\ArgvInput), Object(Symfony\\Component\\Console\\Output\\ConsoleOutput))
#24 D:\\laragon\\www\\PPID-PKTJ\\vendor\\symfony\\console\\Application.php(171): Symfony\\Component\\Console\\Application->doRun(Object(Symfony\\Component\\Console\\Input\\ArgvInput), Object(Symfony\\Component\\Console\\Output\\ConsoleOutput))
#25 D:\\laragon\\www\\PPID-PKTJ\\vendor\\laravel\\framework\\src\\Illuminate\\Console\\Application.php(94): Symfony\\Component\\Console\\Application->run(Object(Symfony\\Component\\Console\\Input\\ArgvInput), Object(Symfony\\Component\\Console\\Output\\ConsoleOutput))
#26 D:\\laragon\\www\\PPID-PKTJ\\vendor\\laravel\\framework\\src\\Illuminate\\Foundation\\Console\\Kernel.php(129): Illuminate\\Console\\Application->run(Object(Symfony\\Component\\Console\\Input\\ArgvInput), Object(Symfony\\Component\\Console\\Output\\ConsoleOutput))
#27 D:\\laragon\\www\\PPID-PKTJ\\artisan(17): Illuminate\\Foundation\\Console\\Kernel->handle(Object(Symfony\\Component\\Console\\Input\\ArgvInput), Object(Symfony\\Component\\Console\\Output\\ConsoleOutput))
#28 {main}
"} 
[2026-09-09 04:53:04] laravel.WARNING: mb_strpos(): Passing null to parameter #1 ($haystack) of type string is deprecated in D:\laragon\www\PPID-PKTJ\vendor\laravel\framework\src\Illuminate\Support\Str.php on line 197  
[2026-09-09 04:53:04] laravel.EMERGENCY: Unable to create configured logger. Using emergency logger. {"exception":"[object] (InvalidArgumentException(code: 0): Log [deprecations] is not defined. at D:\\laragon\\www\\PPID-PKTJ\\vendor\\laravel\\framework\\src\\Illuminate\\Log\\LogManager.php:200)
[stacktrace]
#0 D:\\laragon\\www\\PPID-PKTJ\\vendor\\laravel\\framework\\src\\Illuminate\\Log\\LogManager.php(125): Illuminate\\Log\\LogManager->resolve('deprecations', NULL)
#1 D:\\laragon\\www\\PPID-PKTJ\\vendor\\laravel\\framework\\src\\Illuminate\\Log\\LogManager.php(112): Illuminate\\Log\\LogManager->get('deprecations')
#2 D:\\laragon\\www\\PPID-PKTJ\\vendor\\laravel\\framework\\src\\Illuminate\\Log\\LogManager.php(101): Illuminate\\Log\\LogManager->driver('deprecations')
#3 D:\\laragon\\www\\PPID-PKTJ\\vendor\\laravel\\framework\\src\\Illuminate\\Foundation\\Bootstrap\\HandleExceptions.php(104): Illuminate\\Log\\LogManager->channel('deprecations')
#4 D:\\laragon\\www\\PPID-PKTJ\\vendor\\laravel\\framework\\src\\Illuminate\\Foundation\\Bootstrap\\HandleExceptions.php(71): Illuminate\\Foundation\\Bootstrap\\HandleExceptions->handleDeprecation('mb_strpos(): Pa...', 'D:\\\\laragon\\\\www\\\\...', 197)
#5 [internal function]: Illuminate\\Foundation\\Bootstrap\\HandleExceptions->handleError(8192, 'mb_strpos(): Pa...', 'D:\\\\laragon\\\\www\\\\...', 197)
#6 D:\\laragon\\www\\PPID-PKTJ\\vendor\\laravel\\framework\\src\\Illuminate\\Support\\Str.php(197): mb_strpos(NULL, 'prosedur')
#7 D:\\laragon\\www\\PPID-PKTJ\\vendor\\laravel\\framework\\src\\Illuminate\\Foundation\\Console\\RouteListCommand.php(188): Illuminate\\Support\\Str::contains(NULL, 'prosedur')
#8 D:\\laragon\\www\\PPID-PKTJ\\vendor\\laravel\\framework\\src\\Illuminate\\Foundation\\Console\\RouteListCommand.php(113): Illuminate\\Foundation\\Console\\RouteListCommand->filterRoute(Array)
#9 D:\\laragon\\www\\PPID-PKTJ\\vendor\\laravel\\framework\\src\\Illuminate\\Foundation\\Console\\RouteListCommand.php(91): Illuminate\\Foundation\\Console\\RouteListCommand->getRouteInformation(Object(Illuminate\\Routing\\Route))
#10 [internal function]: Illuminate\\Foundation\\Console\\RouteListCommand->Illuminate\\Foundation\\Console\\{closure}(Object(Illuminate\\Routing\\Route), 85)
#11 D:\\laragon\\www\\PPID-PKTJ\\vendor\\laravel\\framework\\src\\Illuminate\\Collections\\Collection.php(695): array_map(Object(Closure), Array, Array)
#12 D:\\laragon\\www\\PPID-PKTJ\\vendor\\laravel\\framework\\src\\Illuminate\\Foundation\\Console\\RouteListCommand.php(90): Illuminate\\Support\\Collection->map(Object(Closure))
#13 D:\\laragon\\www\\PPID-PKTJ\\vendor\\laravel\\framework\\src\\Illuminate\\Foundation\\Console\\RouteListCommand.php(76): Illuminate\\Foundation\\Console\\RouteListCommand->getRoutes()
#14 D:\\laragon\\www\\PPID-PKTJ\\vendor\\laravel\\framework\\src\\Illuminate\\Container\\BoundMethod.php(36): Illuminate\\Foundation\\Console\\RouteListCommand->handle()
#15 D:\\laragon\\www\\PPID-PKTJ\\vendor\\laravel\\framework\\src\\Illuminate\\Container\\Util.php(40): Illuminate\\Container\\BoundMethod::Illuminate\\Container\\{closure}()
#16 D:\\laragon\\www\\PPID-PKTJ\\vendor\\laravel\\framework\\src\\Illuminate\\Container\\BoundMethod.php(93): Illuminate\\Container\\Util::unwrapIfClosure(Object(Closure))
#17 D:\\laragon\\www\\PPID-PKTJ\\vendor\\laravel\\framework\\src\\Illuminate\\Container\\BoundMethod.php(35): Illuminate\\Container\\BoundMethod::callBoundMethod(Object(Illuminate\\Foundation\\Application), Array, Object(Closure))
#18 D:\\laragon\\www\\PPID-PKTJ\\vendor\\laravel\\framework\\src\\Illuminate\\Container\\Container.php(653): Illuminate\\Container\\BoundMethod::call(Object(Illuminate\\Foundation\\Application), Array, Array, NULL)
#19 D:\\laragon\\www\\PPID-PKTJ\\vendor\\laravel\\framework\\src\\Illuminate\\Console\\Command.php(136): Illuminate\\Container\\Container->call(Array)
#20 D:\\laragon\\www\\PPID-PKTJ\\vendor\\symfony\\console\\Command\\Command.php(298): Illuminate\\Console\\Command->execute(Object(Symfony\\Component\\Console\\Input\\ArgvInput), Object(Illuminate\\Console\\OutputStyle))
#21 D:\\laragon\\www\\PPID-PKTJ\\vendor\\laravel\\framework\\src\\Illuminate\\Console\\Command.php(120): Symfony\\Component\\Console\\Command\\Command->run(Object(Symfony\\Component\\Console\\Input\\ArgvInput), Object(Illuminate\\Console\\OutputStyle))
#22 D:\\laragon\\www\\PPID-PKTJ\\vendor\\symfony\\console\\Application.php(1040): Illuminate\\Console\\Command->run(Object(Symfony\\Component\\Console\\Input\\ArgvInput), Object(Symfony\\Component\\Console\\Output\\ConsoleOutput))
#23 D:\\laragon\\www\\PPID-PKTJ\\vendor\\symfony\\console\\Application.php(301): Symfony\\Component\\Console\\Application->doRunCommand(Object(Illuminate\\Foundation\\Console\\RouteListCommand), Object(Symfony\\Component\\Console\\Input\\ArgvInput), Object(Symfony\\Component\\Console\\Output\\ConsoleOutput))
#24 D:\\laragon\\www\\PPID-PKTJ\\vendor\\symfony\\console\\Application.php(171): Symfony\\Component\\Console\\Application->doRun(Object(Symfony\\Component\\Console\\Input\\ArgvInput), Object(Symfony\\Component\\Console\\Output\\ConsoleOutput))
#25 D:\\laragon\\www\\PPID-PKTJ\\vendor\\laravel\\framework\\src\\Illuminate\\Console\\Application.php(94): Symfony\\Component\\Console\\Application->run(Object(Symfony\\Component\\Console\\Input\\ArgvInput), Object(Symfony\\Component\\Console\\Output\\ConsoleOutput))
#26 D:\\laragon\\www\\PPID-PKTJ\\vendor\\laravel\\framework\\src\\Illuminate\\Foundation\\Console\\Kernel.php(129): Illuminate\\Console\\Application->run(Object(Symfony\\Component\\Console\\Input\\ArgvInput), Object(Symfony\\Component\\Console\\Output\\ConsoleOutput))
#27 D:\\laragon\\www\\PPID-PKTJ\\artisan(17): Illuminate\\Foundation\\Console\\Kernel->handle(Object(Symfony\\Component\\Console\\Input\\ArgvInput), Object(Symfony\\Component\\Console\\Output\\ConsoleOutput))
#28 {main}
"} 
[2026-09-09 04:53:04] laravel.WARNING: mb_strpos(): Passing null to parameter #1 ($haystack) of type string is deprecated in D:\laragon\www\PPID-PKTJ\vendor\laravel\framework\src\Illuminate\Support\Str.php on line 197  
[2026-09-09 04:53:04] laravel.EMERGENCY: Unable to create configured logger. Using emergency logger. {"exception":"[object] (InvalidArgumentException(code: 0): Log [deprecations] is not defined. at D:\\laragon\\www\\PPID-PKTJ\\vendor\\laravel\\framework\\src\\Illuminate\\Log\\LogManager.php:200)
[stacktrace]
#0 D:\\laragon\\www\\PPID-PKTJ\\vendor\\laravel\\framework\\src\\Illuminate\\Log\\LogManager.php(125): Illuminate\\Log\\LogManager->resolve('deprecations', NULL)
#1 D:\\laragon\\www\\PPID-PKTJ\\vendor\\laravel\\framework\\src\\Illuminate\\Log\\LogManager.php(112): Illuminate\\Log\\LogManager->get('deprecations')
#2 D:\\laragon\\www\\PPID-PKTJ\\vendor\\laravel\\framework\\src\\Illuminate\\Log\\LogManager.php(101): Illuminate\\Log\\LogManager->driver('deprecations')
#3 D:\\laragon\\www\\PPID-PKTJ\\vendor\\laravel\\framework\\src\\Illuminate\\Foundation\\Bootstrap\\HandleExceptions.php(104): Illuminate\\Log\\LogManager->channel('deprecations')
#4 D:\\laragon\\www\\PPID-PKTJ\\vendor\\laravel\\framework\\src\\Illuminate\\Foundation\\Bootstrap\\HandleExceptions.php(71): Illuminate\\Foundation\\Bootstrap\\HandleExceptions->handleDeprecation('mb_strpos(): Pa...', 'D:\\\\laragon\\\\www\\\\...', 197)
#5 [internal function]: Illuminate\\Foundation\\Bootstrap\\HandleExceptions->handleError(8192, 'mb_strpos(): Pa...', 'D:\\\\laragon\\\\www\\\\...', 197)
#6 D:\\laragon\\www\\PPID-PKTJ\\vendor\\laravel\\framework\\src\\Illuminate\\Support\\Str.php(197): mb_strpos(NULL, 'prosedur')
#7 D:\\laragon\\www\\PPID-PKTJ\\vendor\\laravel\\framework\\src\\Illuminate\\Foundation\\Console\\RouteListCommand.php(188): Illuminate\\Support\\Str::contains(NULL, 'prosedur')
#8 D:\\laragon\\www\\PPID-PKTJ\\vendor\\laravel\\framework\\src\\Illuminate\\Foundation\\Console\\RouteListCommand.php(113): Illuminate\\Foundation\\Console\\RouteListCommand->filterRoute(Array)
#9 D:\\laragon\\www\\PPID-PKTJ\\vendor\\laravel\\framework\\src\\Illuminate\\Foundation\\Console\\RouteListCommand.php(91): Illuminate\\Foundation\\Console\\RouteListCommand->getRouteInformation(Object(Illuminate\\Routing\\Route))
#10 [internal function]: Illuminate\\Foundation\\Console\\RouteListCommand->Illuminate\\Foundation\\Console\\{closure}(Object(Illuminate\\Routing\\Route), 86)
#11 D:\\laragon\\www\\PPID-PKTJ\\vendor\\laravel\\framework\\src\\Illuminate\\Collections\\Collection.php(695): array_map(Object(Closure), Array, Array)
#12 D:\\laragon\\www\\PPID-PKTJ\\vendor\\laravel\\framework\\src\\Illuminate\\Foundation\\Console\\RouteListCommand.php(90): Illuminate\\Support\\Collection->map(Object(Closure))
#13 D:\\laragon\\www\\PPID-PKTJ\\vendor\\laravel\\framework\\src\\Illuminate\\Foundation\\Console\\RouteListCommand.php(76): Illuminate\\Foundation\\Console\\RouteListCommand->getRoutes()
#14 D:\\laragon\\www\\PPID-PKTJ\\vendor\\laravel\\framework\\src\\Illuminate\\Container\\BoundMethod.php(36): Illuminate\\Foundation\\Console\\RouteListCommand->handle()
#15 D:\\laragon\\www\\PPID-PKTJ\\vendor\\laravel\\framework\\src\\Illuminate\\Container\\Util.php(40): Illuminate\\Container\\BoundMethod::Illuminate\\Container\\{closure}()
#16 D:\\laragon\\www\\PPID-PKTJ\\vendor\\laravel\\framework\\src\\Illuminate\\Container\\BoundMethod.php(93): Illuminate\\Container\\Util::unwrapIfClosure(Object(Closure))
#17 D:\\laragon\\www\\PPID-PKTJ\\vendor\\laravel\\framework\\src\\Illuminate\\Container\\BoundMethod.php(35): Illuminate\\Container\\BoundMethod::callBoundMethod(Object(Illuminate\\Foundation\\Application), Array, Object(Closure))
#18 D:\\laragon\\www\\PPID-PKTJ\\vendor\\laravel\\framework\\src\\Illuminate\\Container\\Container.php(653): Illuminate\\Container\\BoundMethod::call(Object(Illuminate\\Foundation\\Application), Array, Array, NULL)
#19 D:\\laragon\\www\\PPID-PKTJ\\vendor\\laravel\\framework\\src\\Illuminate\\Console\\Command.php(136): Illuminate\\Container\\Container->call(Array)
#20 D:\\laragon\\www\\PPID-PKTJ\\vendor\\symfony\\console\\Command\\Command.php(298): Illuminate\\Console\\Command->execute(Object(Symfony\\Component\\Console\\Input\\ArgvInput), Object(Illuminate\\Console\\OutputStyle))
#21 D:\\laragon\\www\\PPID-PKTJ\\vendor\\laravel\\framework\\src\\Illuminate\\Console\\Command.php(120): Symfony\\Component\\Console\\Command\\Command->run(Object(Symfony\\Component\\Console\\Input\\ArgvInput), Object(Illuminate\\Console\\OutputStyle))
#22 D:\\laragon\\www\\PPID-PKTJ\\vendor\\symfony\\console\\Application.php(1040): Illuminate\\Console\\Command->run(Object(Symfony\\Component\\Console\\Input\\ArgvInput), Object(Symfony\\Component\\Console\\Output\\ConsoleOutput))
#23 D:\\laragon\\www\\PPID-PKTJ\\vendor\\symfony\\console\\Application.php(301): Symfony\\Component\\Console\\Application->doRunCommand(Object(Illuminate\\Foundation\\Console\\RouteListCommand), Object(Symfony\\Component\\Console\\Input\\ArgvInput), Object(Symfony\\Component\\Console\\Output\\ConsoleOutput))
#24 D:\\laragon\\www\\PPID-PKTJ\\vendor\\symfony\\console\\Application.php(171): Symfony\\Component\\Console\\Application->doRun(Object(Symfony\\Component\\Console\\Input\\ArgvInput), Object(Symfony\\Component\\Console\\Output\\ConsoleOutput))
#25 D:\\laragon\\www\\PPID-PKTJ\\vendor\\laravel\\framework\\src\\Illuminate\\Console\\Application.php(94): Symfony\\Component\\Console\\Application->run(Object(Symfony\\Component\\Console\\Input\\ArgvInput), Object(Symfony\\Component\\Console\\Output\\ConsoleOutput))
#26 D:\\laragon\\www\\PPID-PKTJ\\vendor\\laravel\\framework\\src\\Illuminate\\Foundation\\Console\\Kernel.php(129): Illuminate\\Console\\Application->run(Object(Symfony\\Component\\Console\\Input\\ArgvInput), Object(Symfony\\Component\\Console\\Output\\ConsoleOutput))
#27 D:\\laragon\\www\\PPID-PKTJ\\artisan(17): Illuminate\\Foundation\\Console\\Kernel->handle(Object(Symfony\\Component\\Console\\Input\\ArgvInput), Object(Symfony\\Component\\Console\\Output\\ConsoleOutput))
#28 {main}
"} 
[2026-09-09 04:53:04] laravel.WARNING: mb_strpos(): Passing null to parameter #1 ($haystack) of type string is deprecated in D:\laragon\www\PPID-PKTJ\vendor\laravel\framework\src\Illuminate\Support\Str.php on line 197  
[2026-09-09 04:53:04] laravel.EMERGENCY: Unable to create configured logger. Using emergency logger. {"exception":"[object] (InvalidArgumentException(code: 0): Log [deprecations] is not defined. at D:\\laragon\\www\\PPID-PKTJ\\vendor\\laravel\\framework\\src\\Illuminate\\Log\\LogManager.php:200)
[stacktrace]
#0 D:\\laragon\\www\\PPID-PKTJ\\vendor\\laravel\\framework\\src\\Illuminate\\Log\\LogManager.php(125): Illuminate\\Log\\LogManager->resolve('deprecations', NULL)
#1 D:\\laragon\\www\\PPID-PKTJ\\vendor\\laravel\\framework\\src\\Illuminate\\Log\\LogManager.php(112): Illuminate\\Log\\LogManager->get('deprecations')
#2 D:\\laragon\\www\\PPID-PKTJ\\vendor\\laravel\\framework\\src\\Illuminate\\Log\\LogManager.php(101): Illuminate\\Log\\LogManager->driver('deprecations')
#3 D:\\laragon\\www\\PPID-PKTJ\\vendor\\laravel\\framework\\src\\Illuminate\\Foundation\\Bootstrap\\HandleExceptions.php(104): Illuminate\\Log\\LogManager->channel('deprecations')
#4 D:\\laragon\\www\\PPID-PKTJ\\vendor\\laravel\\framework\\src\\Illuminate\\Foundation\\Bootstrap\\HandleExceptions.php(71): Illuminate\\Foundation\\Bootstrap\\HandleExceptions->handleDeprecation('mb_strpos(): Pa...', 'D:\\\\laragon\\\\www\\\\...', 197)
#5 [internal function]: Illuminate\\Foundation\\Bootstrap\\HandleExceptions->handleError(8192, 'mb_strpos(): Pa...', 'D:\\\\laragon\\\\www\\\\...', 197)
#6 D:\\laragon\\www\\PPID-PKTJ\\vendor\\laravel\\framework\\src\\Illuminate\\Support\\Str.php(197): mb_strpos(NULL, 'prosedur')
#7 D:\\laragon\\www\\PPID-PKTJ\\vendor\\laravel\\framework\\src\\Illuminate\\Foundation\\Console\\RouteListCommand.php(188): Illuminate\\Support\\Str::contains(NULL, 'prosedur')
#8 D:\\laragon\\www\\PPID-PKTJ\\vendor\\laravel\\framework\\src\\Illuminate\\Foundation\\Console\\RouteListCommand.php(113): Illuminate\\Foundation\\Console\\RouteListCommand->filterRoute(Array)
#9 D:\\laragon\\www\\PPID-PKTJ\\vendor\\laravel\\framework\\src\\Illuminate\\Foundation\\Console\\RouteListCommand.php(91): Illuminate\\Foundation\\Console\\RouteListCommand->getRouteInformation(Object(Illuminate\\Routing\\Route))
#10 [internal function]: Illuminate\\Foundation\\Console\\RouteListCommand->Illuminate\\Foundation\\Console\\{closure}(Object(Illuminate\\Routing\\Route), 87)
#11 D:\\laragon\\www\\PPID-PKTJ\\vendor\\laravel\\framework\\src\\Illuminate\\Collections\\Collection.php(695): array_map(Object(Closure), Array, Array)
#12 D:\\laragon\\www\\PPID-PKTJ\\vendor\\laravel\\framework\\src\\Illuminate\\Foundation\\Console\\RouteListCommand.php(90): Illuminate\\Support\\Collection->map(Object(Closure))
#13 D:\\laragon\\www\\PPID-PKTJ\\vendor\\laravel\\framework\\src\\Illuminate\\Foundation\\Console\\RouteListCommand.php(76): Illuminate\\Foundation\\Console\\RouteListCommand->getRoutes()
#14 D:\\laragon\\www\\PPID-PKTJ\\vendor\\laravel\\framework\\src\\Illuminate\\Container\\BoundMethod.php(36): Illuminate\\Foundation\\Console\\RouteListCommand->handle()
#15 D:\\laragon\\www\\PPID-PKTJ\\vendor\\laravel\\framework\\src\\Illuminate\\Container\\Util.php(40): Illuminate\\Container\\BoundMethod::Illuminate\\Container\\{closure}()
#16 D:\\laragon\\www\\PPID-PKTJ\\vendor\\laravel\\framework\\src\\Illuminate\\Container\\BoundMethod.php(93): Illuminate\\Container\\Util::unwrapIfClosure(Object(Closure))
#17 D:\\laragon\\www\\PPID-PKTJ\\vendor\\laravel\\framework\\src\\Illuminate\\Container\\BoundMethod.php(35): Illuminate\\Container\\BoundMethod::callBoundMethod(Object(Illuminate\\Foundation\\Application), Array, Object(Closure))
#18 D:\\laragon\\www\\PPID-PKTJ\\vendor\\laravel\\framework\\src\\Illuminate\\Container\\Container.php(653): Illuminate\\Container\\BoundMethod::call(Object(Illuminate\\Foundation\\Application), Array, Array, NULL)
#19 D:\\laragon\\www\\PPID-PKTJ\\vendor\\laravel\\framework\\src\\Illuminate\\Console\\Command.php(136): Illuminate\\Container\\Container->call(Array)
#20 D:\\laragon\\www\\PPID-PKTJ\\vendor\\symfony\\console\\Command\\Command.php(298): Illuminate\\Console\\Command->execute(Object(Symfony\\Component\\Console\\Input\\ArgvInput), Object(Illuminate\\Console\\OutputStyle))
#21 D:\\laragon\\www\\PPID-PKTJ\\vendor\\laravel\\framework\\src\\Illuminate\\Console\\Command.php(120): Symfony\\Component\\Console\\Command\\Command->run(Object(Symfony\\Component\\Console\\Input\\ArgvInput), Object(Illuminate\\Console\\OutputStyle))
#22 D:\\laragon\\www\\PPID-PKTJ\\vendor\\symfony\\console\\Application.php(1040): Illuminate\\Console\\Command->run(Object(Symfony\\Component\\Console\\Input\\ArgvInput), Object(Symfony\\Component\\Console\\Output\\ConsoleOutput))
#23 D:\\laragon\\www\\PPID-PKTJ\\vendor\\symfony\\console\\Application.php(301): Symfony\\Component\\Console\\Application->doRunCommand(Object(Illuminate\\Foundation\\Console\\RouteListCommand), Object(Symfony\\Component\\Console\\Input\\ArgvInput), Object(Symfony\\Component\\Console\\Output\\ConsoleOutput))
#24 D:\\laragon\\www\\PPID-PKTJ\\vendor\\symfony\\console\\Application.php(171): Symfony\\Component\\Console\\Application->doRun(Object(Symfony\\Component\\Console\\Input\\ArgvInput), Object(Symfony\\Component\\Console\\Output\\ConsoleOutput))
#25 D:\\laragon\\www\\PPID-PKTJ\\vendor\\laravel\\framework\\src\\Illuminate\\Console\\Application.php(94): Symfony\\Component\\Console\\Application->run(Object(Symfony\\Component\\Console\\Input\\ArgvInput), Object(Symfony\\Component\\Console\\Output\\ConsoleOutput))
#26 D:\\laragon\\www\\PPID-PKTJ\\vendor\\laravel\\framework\\src\\Illuminate\\Foundation\\Console\\Kernel.php(129): Illuminate\\Console\\Application->run(Object(Symfony\\Component\\Console\\Input\\ArgvInput), Object(Symfony\\Component\\Console\\Output\\ConsoleOutput))
#27 D:\\laragon\\www\\PPID-PKTJ\\artisan(17): Illuminate\\Foundation\\Console\\Kernel->handle(Object(Symfony\\Component\\Console\\Input\\ArgvInput), Object(Symfony\\Component\\Console\\Output\\ConsoleOutput))
#28 {main}
"} 
[2026-09-09 04:53:04] laravel.WARNING: mb_strpos(): Passing null to parameter #1 ($haystack) of type string is deprecated in D:\laragon\www\PPID-PKTJ\vendor\laravel\framework\src\Illuminate\Support\Str.php on line 197  
[2026-09-09 04:53:04] laravel.EMERGENCY: Unable to create configured logger. Using emergency logger. {"exception":"[object] (InvalidArgumentException(code: 0): Log [deprecations] is not defined. at D:\\laragon\\www\\PPID-PKTJ\\vendor\\laravel\\framework\\src\\Illuminate\\Log\\LogManager.php:200)
[stacktrace]
#0 D:\\laragon\\www\\PPID-PKTJ\\vendor\\laravel\\framework\\src\\Illuminate\\Log\\LogManager.php(125): Illuminate\\Log\\LogManager->resolve('deprecations', NULL)
#1 D:\\laragon\\www\\PPID-PKTJ\\vendor\\laravel\\framework\\src\\Illuminate\\Log\\LogManager.php(112): Illuminate\\Log\\LogManager->get('deprecations')
#2 D:\\laragon\\www\\PPID-PKTJ\\vendor\\laravel\\framework\\src\\Illuminate\\Log\\LogManager.php(101): Illuminate\\Log\\LogManager->driver('deprecations')
#3 D:\\laragon\\www\\PPID-PKTJ\\vendor\\laravel\\framework\\src\\Illuminate\\Foundation\\Bootstrap\\HandleExceptions.php(104): Illuminate\\Log\\LogManager->channel('deprecations')
#4 D:\\laragon\\www\\PPID-PKTJ\\vendor\\laravel\\framework\\src\\Illuminate\\Foundation\\Bootstrap\\HandleExceptions.php(71): Illuminate\\Foundation\\Bootstrap\\HandleExceptions->handleDeprecation('mb_strpos(): Pa...', 'D:\\\\laragon\\\\www\\\\...', 197)
#5 [internal function]: Illuminate\\Foundation\\Bootstrap\\HandleExceptions->handleError(8192, 'mb_strpos(): Pa...', 'D:\\\\laragon\\\\www\\\\...', 197)
#6 D:\\laragon\\www\\PPID-PKTJ\\vendor\\laravel\\framework\\src\\Illuminate\\Support\\Str.php(197): mb_strpos(NULL, 'prosedur')
#7 D:\\laragon\\www\\PPID-PKTJ\\vendor\\laravel\\framework\\src\\Illuminate\\Foundation\\Console\\RouteListCommand.php(188): Illuminate\\Support\\Str::contains(NULL, 'prosedur')
#8 D:\\laragon\\www\\PPID-PKTJ\\vendor\\laravel\\framework\\src\\Illuminate\\Foundation\\Console\\RouteListCommand.php(113): Illuminate\\Foundation\\Console\\RouteListCommand->filterRoute(Array)
#9 D:\\laragon\\www\\PPID-PKTJ\\vendor\\laravel\\framework\\src\\Illuminate\\Foundation\\Console\\RouteListCommand.php(91): Illuminate\\Foundation\\Console\\RouteListCommand->getRouteInformation(Object(Illuminate\\Routing\\Route))
#10 [internal function]: Illuminate\\Foundation\\Console\\RouteListCommand->Illuminate\\Foundation\\Console\\{closure}(Object(Illuminate\\Routing\\Route), 90)
#11 D:\\laragon\\www\\PPID-PKTJ\\vendor\\laravel\\framework\\src\\Illuminate\\Collections\\Collection.php(695): array_map(Object(Closure), Array, Array)
#12 D:\\laragon\\www\\PPID-PKTJ\\vendor\\laravel\\framework\\src\\Illuminate\\Foundation\\Console\\RouteListCommand.php(90): Illuminate\\Support\\Collection->map(Object(Closure))
#13 D:\\laragon\\www\\PPID-PKTJ\\vendor\\laravel\\framework\\src\\Illuminate\\Foundation\\Console\\RouteListCommand.php(76): Illuminate\\Foundation\\Console\\RouteListCommand->getRoutes()
#14 D:\\laragon\\www\\PPID-PKTJ\\vendor\\laravel\\framework\\src\\Illuminate\\Container\\BoundMethod.php(36): Illuminate\\Foundation\\Console\\RouteListCommand->handle()
#15 D:\\laragon\\www\\PPID-PKTJ\\vendor\\laravel\\framework\\src\\Illuminate\\Container\\Util.php(40): Illuminate\\Container\\BoundMethod::Illuminate\\Container\\{closure}()
#16 D:\\laragon\\www\\PPID-PKTJ\\vendor\\laravel\\framework\\src\\Illuminate\\Container\\BoundMethod.php(93): Illuminate\\Container\\Util::unwrapIfClosure(Object(Closure))
#17 D:\\laragon\\www\\PPID-PKTJ\\vendor\\laravel\\framework\\src\\Illuminate\\Container\\BoundMethod.php(35): Illuminate\\Container\\BoundMethod::callBoundMethod(Object(Illuminate\\Foundation\\Application), Array, Object(Closure))
#18 D:\\laragon\\www\\PPID-PKTJ\\vendor\\laravel\\framework\\src\\Illuminate\\Container\\Container.php(653): Illuminate\\Container\\BoundMethod::call(Object(Illuminate\\Foundation\\Application), Array, Array, NULL)
#19 D:\\laragon\\www\\PPID-PKTJ\\vendor\\laravel\\framework\\src\\Illuminate\\Console\\Command.php(136): Illuminate\\Container\\Container->call(Array)
#20 D:\\laragon\\www\\PPID-PKTJ\\vendor\\symfony\\console\\Command\\Command.php(298): Illuminate\\Console\\Command->execute(Object(Symfony\\Component\\Console\\Input\\ArgvInput), Object(Illuminate\\Console\\OutputStyle))
#21 D:\\laragon\\www\\PPID-PKTJ\\vendor\\laravel\\framework\\src\\Illuminate\\Console\\Command.php(120): Symfony\\Component\\Console\\Command\\Command->run(Object(Symfony\\Component\\Console\\Input\\ArgvInput), Object(Illuminate\\Console\\OutputStyle))
#22 D:\\laragon\\www\\PPID-PKTJ\\vendor\\symfony\\console\\Application.php(1040): Illuminate\\Console\\Command->run(Object(Symfony\\Component\\Console\\Input\\ArgvInput), Object(Symfony\\Component\\Console\\Output\\ConsoleOutput))
#23 D:\\laragon\\www\\PPID-PKTJ\\vendor\\symfony\\console\\Application.php(301): Symfony\\Component\\Console\\Application->doRunCommand(Object(Illuminate\\Foundation\\Console\\RouteListCommand), Object(Symfony\\Component\\Console\\Input\\ArgvInput), Object(Symfony\\Component\\Console\\Output\\ConsoleOutput))
#24 D:\\laragon\\www\\PPID-PKTJ\\vendor\\symfony\\console\\Application.php(171): Symfony\\Component\\Console\\Application->doRun(Object(Symfony\\Component\\Console\\Input\\ArgvInput), Object(Symfony\\Component\\Console\\Output\\ConsoleOutput))
#25 D:\\laragon\\www\\PPID-PKTJ\\vendor\\laravel\\framework\\src\\Illuminate\\Console\\Application.php(94): Symfony\\Component\\Console\\Application->run(Object(Symfony\\Component\\Console\\Input\\ArgvInput), Object(Symfony\\Component\\Console\\Output\\ConsoleOutput))
#26 D:\\laragon\\www\\PPID-PKTJ\\vendor\\laravel\\framework\\src\\Illuminate\\Foundation\\Console\\Kernel.php(129): Illuminate\\Console\\Application->run(Object(Symfony\\Component\\Console\\Input\\ArgvInput), Object(Symfony\\Component\\Console\\Output\\ConsoleOutput))
#27 D:\\laragon\\www\\PPID-PKTJ\\artisan(17): Illuminate\\Foundation\\Console\\Kernel->handle(Object(Symfony\\Component\\Console\\Input\\ArgvInput), Object(Symfony\\Component\\Console\\Output\\ConsoleOutput))
#28 {main}
"} 
[2026-09-09 04:53:04] laravel.WARNING: mb_strpos(): Passing null to parameter #1 ($haystack) of type string is deprecated in D:\laragon\www\PPID-PKTJ\vendor\laravel\framework\src\Illuminate\Support\Str.php on line 197  
[2026-09-09 04:53:04] laravel.EMERGENCY: Unable to create configured logger. Using emergency logger. {"exception":"[object] (InvalidArgumentException(code: 0): Log [deprecations] is not defined. at D:\\laragon\\www\\PPID-PKTJ\\vendor\\laravel\\framework\\src\\Illuminate\\Log\\LogManager.php:200)
[stacktrace]
#0 D:\\laragon\\www\\PPID-PKTJ\\vendor\\laravel\\framework\\src\\Illuminate\\Log\\LogManager.php(125): Illuminate\\Log\\LogManager->resolve('deprecations', NULL)
#1 D:\\laragon\\www\\PPID-PKTJ\\vendor\\laravel\\framework\\src\\Illuminate\\Log\\LogManager.php(112): Illuminate\\Log\\LogManager->get('deprecations')
#2 D:\\laragon\\www\\PPID-PKTJ\\vendor\\laravel\\framework\\src\\Illuminate\\Log\\LogManager.php(101): Illuminate\\Log\\LogManager->driver('deprecations')
#3 D:\\laragon\\www\\PPID-PKTJ\\vendor\\laravel\\framework\\src\\Illuminate\\Foundation\\Bootstrap\\HandleExceptions.php(104): Illuminate\\Log\\LogManager->channel('deprecations')
#4 D:\\laragon\\www\\PPID-PKTJ\\vendor\\laravel\\framework\\src\\Illuminate\\Foundation\\Bootstrap\\HandleExceptions.php(71): Illuminate\\Foundation\\Bootstrap\\HandleExceptions->handleDeprecation('mb_strpos(): Pa...', 'D:\\\\laragon\\\\www\\\\...', 197)
#5 [internal function]: Illuminate\\Foundation\\Bootstrap\\HandleExceptions->handleError(8192, 'mb_strpos(): Pa...', 'D:\\\\laragon\\\\www\\\\...', 197)
#6 D:\\laragon\\www\\PPID-PKTJ\\vendor\\laravel\\framework\\src\\Illuminate\\Support\\Str.php(197): mb_strpos(NULL, 'prosedur')
#7 D:\\laragon\\www\\PPID-PKTJ\\vendor\\laravel\\framework\\src\\Illuminate\\Foundation\\Console\\RouteListCommand.php(188): Illuminate\\Support\\Str::contains(NULL, 'prosedur')
#8 D:\\laragon\\www\\PPID-PKTJ\\vendor\\laravel\\framework\\src\\Illuminate\\Foundation\\Console\\RouteListCommand.php(113): Illuminate\\Foundation\\Console\\RouteListCommand->filterRoute(Array)
#9 D:\\laragon\\www\\PPID-PKTJ\\vendor\\laravel\\framework\\src\\Illuminate\\Foundation\\Console\\RouteListCommand.php(91): Illuminate\\Foundation\\Console\\RouteListCommand->getRouteInformation(Object(Illuminate\\Routing\\Route))
#10 [internal function]: Illuminate\\Foundation\\Console\\RouteListCommand->Illuminate\\Foundation\\Console\\{closure}(Object(Illuminate\\Routing\\Route), 91)
#11 D:\\laragon\\www\\PPID-PKTJ\\vendor\\laravel\\framework\\src\\Illuminate\\Collections\\Collection.php(695): array_map(Object(Closure), Array, Array)
#12 D:\\laragon\\www\\PPID-PKTJ\\vendor\\laravel\\framework\\src\\Illuminate\\Foundation\\Console\\RouteListCommand.php(90): Illuminate\\Support\\Collection->map(Object(Closure))
#13 D:\\laragon\\www\\PPID-PKTJ\\vendor\\laravel\\framework\\src\\Illuminate\\Foundation\\Console\\RouteListCommand.php(76): Illuminate\\Foundation\\Console\\RouteListCommand->getRoutes()
#14 D:\\laragon\\www\\PPID-PKTJ\\vendor\\laravel\\framework\\src\\Illuminate\\Container\\BoundMethod.php(36): Illuminate\\Foundation\\Console\\RouteListCommand->handle()
#15 D:\\laragon\\www\\PPID-PKTJ\\vendor\\laravel\\framework\\src\\Illuminate\\Container\\Util.php(40): Illuminate\\Container\\BoundMethod::Illuminate\\Container\\{closure}()
#16 D:\\laragon\\www\\PPID-PKTJ\\vendor\\laravel\\framework\\src\\Illuminate\\Container\\BoundMethod.php(93): Illuminate\\Container\\Util::unwrapIfClosure(Object(Closure))
#17 D:\\laragon\\www\\PPID-PKTJ\\vendor\\laravel\\framework\\src\\Illuminate\\Container\\BoundMethod.php(35): Illuminate\\Container\\BoundMethod::callBoundMethod(Object(Illuminate\\Foundation\\Application), Array, Object(Closure))
#18 D:\\laragon\\www\\PPID-PKTJ\\vendor\\laravel\\framework\\src\\Illuminate\\Container\\Container.php(653): Illuminate\\Container\\BoundMethod::call(Object(Illuminate\\Foundation\\Application), Array, Array, NULL)
#19 D:\\laragon\\www\\PPID-PKTJ\\vendor\\laravel\\framework\\src\\Illuminate\\Console\\Command.php(136): Illuminate\\Container\\Container->call(Array)
#20 D:\\laragon\\www\\PPID-PKTJ\\vendor\\symfony\\console\\Command\\Command.php(298): Illuminate\\Console\\Command->execute(Object(Symfony\\Component\\Console\\Input\\ArgvInput), Object(Illuminate\\Console\\OutputStyle))
#21 D:\\laragon\\www\\PPID-PKTJ\\vendor\\laravel\\framework\\src\\Illuminate\\Console\\Command.php(120): Symfony\\Component\\Console\\Command\\Command->run(Object(Symfony\\Component\\Console\\Input\\ArgvInput), Object(Illuminate\\Console\\OutputStyle))
#22 D:\\laragon\\www\\PPID-PKTJ\\vendor\\symfony\\console\\Application.php(1040): Illuminate\\Console\\Command->run(Object(Symfony\\Component\\Console\\Input\\ArgvInput), Object(Symfony\\Component\\Console\\Output\\ConsoleOutput))
#23 D:\\laragon\\www\\PPID-PKTJ\\vendor\\symfony\\console\\Application.php(301): Symfony\\Component\\Console\\Application->doRunCommand(Object(Illuminate\\Foundation\\Console\\RouteListCommand), Object(Symfony\\Component\\Console\\Input\\ArgvInput), Object(Symfony\\Component\\Console\\Output\\ConsoleOutput))
#24 D:\\laragon\\www\\PPID-PKTJ\\vendor\\symfony\\console\\Application.php(171): Symfony\\Component\\Console\\Application->doRun(Object(Symfony\\Component\\Console\\Input\\ArgvInput), Object(Symfony\\Component\\Console\\Output\\ConsoleOutput))
#25 D:\\laragon\\www\\PPID-PKTJ\\vendor\\laravel\\framework\\src\\Illuminate\\Console\\Application.php(94): Symfony\\Component\\Console\\Application->run(Object(Symfony\\Component\\Console\\Input\\ArgvInput), Object(Symfony\\Component\\Console\\Output\\ConsoleOutput))
#26 D:\\laragon\\www\\PPID-PKTJ\\vendor\\laravel\\framework\\src\\Illuminate\\Foundation\\Console\\Kernel.php(129): Illuminate\\Console\\Application->run(Object(Symfony\\Component\\Console\\Input\\ArgvInput), Object(Symfony\\Component\\Console\\Output\\ConsoleOutput))
#27 D:\\laragon\\www\\PPID-PKTJ\\artisan(17): Illuminate\\Foundation\\Console\\Kernel->handle(Object(Symfony\\Component\\Console\\Input\\ArgvInput), Object(Symfony\\Component\\Console\\Output\\ConsoleOutput))
#28 {main}
"} 
[2026-09-09 04:53:04] laravel.WARNING: mb_strpos(): Passing null to parameter #1 ($haystack) of type string is deprecated in D:\laragon\www\PPID-PKTJ\vendor\laravel\framework\src\Illuminate\Support\Str.php on line 197  
[2026-09-09 04:53:04] laravel.EMERGENCY: Unable to create configured logger. Using emergency logger. {"exception":"[object] (InvalidArgumentException(code: 0): Log [deprecations] is not defined. at D:\\laragon\\www\\PPID-PKTJ\\vendor\\laravel\\framework\\src\\Illuminate\\Log\\LogManager.php:200)
[stacktrace]
#0 D:\\laragon\\www\\PPID-PKTJ\\vendor\\laravel\\framework\\src\\Illuminate\\Log\\LogManager.php(125): Illuminate\\Log\\LogManager->resolve('deprecations', NULL)
#1 D:\\laragon\\www\\PPID-PKTJ\\vendor\\laravel\\framework\\src\\Illuminate\\Log\\LogManager.php(112): Illuminate\\Log\\LogManager->get('deprecations')
#2 D:\\laragon\\www\\PPID-PKTJ\\vendor\\laravel\\framework\\src\\Illuminate\\Log\\LogManager.php(101): Illuminate\\Log\\LogManager->driver('deprecations')
#3 D:\\laragon\\www\\PPID-PKTJ\\vendor\\laravel\\framework\\src\\Illuminate\\Foundation\\Bootstrap\\HandleExceptions.php(104): Illuminate\\Log\\LogManager->channel('deprecations')
#4 D:\\laragon\\www\\PPID-PKTJ\\vendor\\laravel\\framework\\src\\Illuminate\\Foundation\\Bootstrap\\HandleExceptions.php(71): Illuminate\\Foundation\\Bootstrap\\HandleExceptions->handleDeprecation('mb_strpos(): Pa...', 'D:\\\\laragon\\\\www\\\\...', 197)
#5 [internal function]: Illuminate\\Foundation\\Bootstrap\\HandleExceptions->handleError(8192, 'mb_strpos(): Pa...', 'D:\\\\laragon\\\\www\\\\...', 197)
#6 D:\\laragon\\www\\PPID-PKTJ\\vendor\\laravel\\framework\\src\\Illuminate\\Support\\Str.php(197): mb_strpos(NULL, 'prosedur')
#7 D:\\laragon\\www\\PPID-PKTJ\\vendor\\laravel\\framework\\src\\Illuminate\\Foundation\\Console\\RouteListCommand.php(188): Illuminate\\Support\\Str::contains(NULL, 'prosedur')
#8 D:\\laragon\\www\\PPID-PKTJ\\vendor\\laravel\\framework\\src\\Illuminate\\Foundation\\Console\\RouteListCommand.php(113): Illuminate\\Foundation\\Console\\RouteListCommand->filterRoute(Array)
#9 D:\\laragon\\www\\PPID-PKTJ\\vendor\\laravel\\framework\\src\\Illuminate\\Foundation\\Console\\RouteListCommand.php(91): Illuminate\\Foundation\\Console\\RouteListCommand->getRouteInformation(Object(Illuminate\\Routing\\Route))
#10 [internal function]: Illuminate\\Foundation\\Console\\RouteListCommand->Illuminate\\Foundation\\Console\\{closure}(Object(Illuminate\\Routing\\Route), 101)
#11 D:\\laragon\\www\\PPID-PKTJ\\vendor\\laravel\\framework\\src\\Illuminate\\Collections\\Collection.php(695): array_map(Object(Closure), Array, Array)
#12 D:\\laragon\\www\\PPID-PKTJ\\vendor\\laravel\\framework\\src\\Illuminate\\Foundation\\Console\\RouteListCommand.php(90): Illuminate\\Support\\Collection->map(Object(Closure))
#13 D:\\laragon\\www\\PPID-PKTJ\\vendor\\laravel\\framework\\src\\Illuminate\\Foundation\\Console\\RouteListCommand.php(76): Illuminate\\Foundation\\Console\\RouteListCommand->getRoutes()
#14 D:\\laragon\\www\\PPID-PKTJ\\vendor\\laravel\\framework\\src\\Illuminate\\Container\\BoundMethod.php(36): Illuminate\\Foundation\\Console\\RouteListCommand->handle()
#15 D:\\laragon\\www\\PPID-PKTJ\\vendor\\laravel\\framework\\src\\Illuminate\\Container\\Util.php(40): Illuminate\\Container\\BoundMethod::Illuminate\\Container\\{closure}()
#16 D:\\laragon\\www\\PPID-PKTJ\\vendor\\laravel\\framework\\src\\Illuminate\\Container\\BoundMethod.php(93): Illuminate\\Container\\Util::unwrapIfClosure(Object(Closure))
#17 D:\\laragon\\www\\PPID-PKTJ\\vendor\\laravel\\framework\\src\\Illuminate\\Container\\BoundMethod.php(35): Illuminate\\Container\\BoundMethod::callBoundMethod(Object(Illuminate\\Foundation\\Application), Array, Object(Closure))
#18 D:\\laragon\\www\\PPID-PKTJ\\vendor\\laravel\\framework\\src\\Illuminate\\Container\\Container.php(653): Illuminate\\Container\\BoundMethod::call(Object(Illuminate\\Foundation\\Application), Array, Array, NULL)
#19 D:\\laragon\\www\\PPID-PKTJ\\vendor\\laravel\\framework\\src\\Illuminate\\Console\\Command.php(136): Illuminate\\Container\\Container->call(Array)
#20 D:\\laragon\\www\\PPID-PKTJ\\vendor\\symfony\\console\\Command\\Command.php(298): Illuminate\\Console\\Command->execute(Object(Symfony\\Component\\Console\\Input\\ArgvInput), Object(Illuminate\\Console\\OutputStyle))
#21 D:\\laragon\\www\\PPID-PKTJ\\vendor\\laravel\\framework\\src\\Illuminate\\Console\\Command.php(120): Symfony\\Component\\Console\\Command\\Command->run(Object(Symfony\\Component\\Console\\Input\\ArgvInput), Object(Illuminate\\Console\\OutputStyle))
#22 D:\\laragon\\www\\PPID-PKTJ\\vendor\\symfony\\console\\Application.php(1040): Illuminate\\Console\\Command->run(Object(Symfony\\Component\\Console\\Input\\ArgvInput), Object(Symfony\\Component\\Console\\Output\\ConsoleOutput))
#23 D:\\laragon\\www\\PPID-PKTJ\\vendor\\symfony\\console\\Application.php(301): Symfony\\Component\\Console\\Application->doRunCommand(Object(Illuminate\\Foundation\\Console\\RouteListCommand), Object(Symfony\\Component\\Console\\Input\\ArgvInput), Object(Symfony\\Component\\Console\\Output\\ConsoleOutput))
#24 D:\\laragon\\www\\PPID-PKTJ\\vendor\\symfony\\console\\Application.php(171): Symfony\\Component\\Console\\Application->doRun(Object(Symfony\\Component\\Console\\Input\\ArgvInput), Object(Symfony\\Component\\Console\\Output\\ConsoleOutput))
#25 D:\\laragon\\www\\PPID-PKTJ\\vendor\\laravel\\framework\\src\\Illuminate\\Console\\Application.php(94): Symfony\\Component\\Console\\Application->run(Object(Symfony\\Component\\Console\\Input\\ArgvInput), Object(Symfony\\Component\\Console\\Output\\ConsoleOutput))
#26 D:\\laragon\\www\\PPID-PKTJ\\vendor\\laravel\\framework\\src\\Illuminate\\Foundation\\Console\\Kernel.php(129): Illuminate\\Console\\Application->run(Object(Symfony\\Component\\Console\\Input\\ArgvInput), Object(Symfony\\Component\\Console\\Output\\ConsoleOutput))
#27 D:\\laragon\\www\\PPID-PKTJ\\artisan(17): Illuminate\\Foundation\\Console\\Kernel->handle(Object(Symfony\\Component\\Console\\Input\\ArgvInput), Object(Symfony\\Component\\Console\\Output\\ConsoleOutput))
#28 {main}
"} 
[2026-09-09 04:53:04] laravel.WARNING: mb_strpos(): Passing null to parameter #1 ($haystack) of type string is deprecated in D:\laragon\www\PPID-PKTJ\vendor\laravel\framework\src\Illuminate\Support\Str.php on line 197  
[2026-09-09 04:53:04] laravel.EMERGENCY: Unable to create configured logger. Using emergency logger. {"exception":"[object] (InvalidArgumentException(code: 0): Log [deprecations] is not defined. at D:\\laragon\\www\\PPID-PKTJ\\vendor\\laravel\\framework\\src\\Illuminate\\Log\\LogManager.php:200)
[stacktrace]
#0 D:\\laragon\\www\\PPID-PKTJ\\vendor\\laravel\\framework\\src\\Illuminate\\Log\\LogManager.php(125): Illuminate\\Log\\LogManager->resolve('deprecations', NULL)
#1 D:\\laragon\\www\\PPID-PKTJ\\vendor\\laravel\\framework\\src\\Illuminate\\Log\\LogManager.php(112): Illuminate\\Log\\LogManager->get('deprecations')
#2 D:\\laragon\\www\\PPID-PKTJ\\vendor\\laravel\\framework\\src\\Illuminate\\Log\\LogManager.php(101): Illuminate\\Log\\LogManager->driver('deprecations')
#3 D:\\laragon\\www\\PPID-PKTJ\\vendor\\laravel\\framework\\src\\Illuminate\\Foundation\\Bootstrap\\HandleExceptions.php(104): Illuminate\\Log\\LogManager->channel('deprecations')
#4 D:\\laragon\\www\\PPID-PKTJ\\vendor\\laravel\\framework\\src\\Illuminate\\Foundation\\Bootstrap\\HandleExceptions.php(71): Illuminate\\Foundation\\Bootstrap\\HandleExceptions->handleDeprecation('mb_strpos(): Pa...', 'D:\\\\laragon\\\\www\\\\...', 197)
#5 [internal function]: Illuminate\\Foundation\\Bootstrap\\HandleExceptions->handleError(8192, 'mb_strpos(): Pa...', 'D:\\\\laragon\\\\www\\\\...', 197)
#6 D:\\laragon\\www\\PPID-PKTJ\\vendor\\laravel\\framework\\src\\Illuminate\\Support\\Str.php(197): mb_strpos(NULL, 'prosedur')
#7 D:\\laragon\\www\\PPID-PKTJ\\vendor\\laravel\\framework\\src\\Illuminate\\Foundation\\Console\\RouteListCommand.php(188): Illuminate\\Support\\Str::contains(NULL, 'prosedur')
#8 D:\\laragon\\www\\PPID-PKTJ\\vendor\\laravel\\framework\\src\\Illuminate\\Foundation\\Console\\RouteListCommand.php(113): Illuminate\\Foundation\\Console\\RouteListCommand->filterRoute(Array)
#9 D:\\laragon\\www\\PPID-PKTJ\\vendor\\laravel\\framework\\src\\Illuminate\\Foundation\\Console\\RouteListCommand.php(91): Illuminate\\Foundation\\Console\\RouteListCommand->getRouteInformation(Object(Illuminate\\Routing\\Route))
#10 [internal function]: Illuminate\\Foundation\\Console\\RouteListCommand->Illuminate\\Foundation\\Console\\{closure}(Object(Illuminate\\Routing\\Route), 103)
#11 D:\\laragon\\www\\PPID-PKTJ\\vendor\\laravel\\framework\\src\\Illuminate\\Collections\\Collection.php(695): array_map(Object(Closure), Array, Array)
#12 D:\\laragon\\www\\PPID-PKTJ\\vendor\\laravel\\framework\\src\\Illuminate\\Foundation\\Console\\RouteListCommand.php(90): Illuminate\\Support\\Collection->map(Object(Closure))
#13 D:\\laragon\\www\\PPID-PKTJ\\vendor\\laravel\\framework\\src\\Illuminate\\Foundation\\Console\\RouteListCommand.php(76): Illuminate\\Foundation\\Console\\RouteListCommand->getRoutes()
#14 D:\\laragon\\www\\PPID-PKTJ\\vendor\\laravel\\framework\\src\\Illuminate\\Container\\BoundMethod.php(36): Illuminate\\Foundation\\Console\\RouteListCommand->handle()
#15 D:\\laragon\\www\\PPID-PKTJ\\vendor\\laravel\\framework\\src\\Illuminate\\Container\\Util.php(40): Illuminate\\Container\\BoundMethod::Illuminate\\Container\\{closure}()
#16 D:\\laragon\\www\\PPID-PKTJ\\vendor\\laravel\\framework\\src\\Illuminate\\Container\\BoundMethod.php(93): Illuminate\\Container\\Util::unwrapIfClosure(Object(Closure))
#17 D:\\laragon\\www\\PPID-PKTJ\\vendor\\laravel\\framework\\src\\Illuminate\\Container\\BoundMethod.php(35): Illuminate\\Container\\BoundMethod::callBoundMethod(Object(Illuminate\\Foundation\\Application), Array, Object(Closure))
#18 D:\\laragon\\www\\PPID-PKTJ\\vendor\\laravel\\framework\\src\\Illuminate\\Container\\Container.php(653): Illuminate\\Container\\BoundMethod::call(Object(Illuminate\\Foundation\\Application), Array, Array, NULL)
#19 D:\\laragon\\www\\PPID-PKTJ\\vendor\\laravel\\framework\\src\\Illuminate\\Console\\Command.php(136): Illuminate\\Container\\Container->call(Array)
#20 D:\\laragon\\www\\PPID-PKTJ\\vendor\\symfony\\console\\Command\\Command.php(298): Illuminate\\Console\\Command->execute(Object(Symfony\\Component\\Console\\Input\\ArgvInput), Object(Illuminate\\Console\\OutputStyle))
#21 D:\\laragon\\www\\PPID-PKTJ\\vendor\\laravel\\framework\\src\\Illuminate\\Console\\Command.php(120): Symfony\\Component\\Console\\Command\\Command->run(Object(Symfony\\Component\\Console\\Input\\ArgvInput), Object(Illuminate\\Console\\OutputStyle))
#22 D:\\laragon\\www\\PPID-PKTJ\\vendor\\symfony\\console\\Application.php(1040): Illuminate\\Console\\Command->run(Object(Symfony\\Component\\Console\\Input\\ArgvInput), Object(Symfony\\Component\\Console\\Output\\ConsoleOutput))
#23 D:\\laragon\\www\\PPID-PKTJ\\vendor\\symfony\\console\\Application.php(301): Symfony\\Component\\Console\\Application->doRunCommand(Object(Illuminate\\Foundation\\Console\\RouteListCommand), Object(Symfony\\Component\\Console\\Input\\ArgvInput), Object(Symfony\\Component\\Console\\Output\\ConsoleOutput))
#24 D:\\laragon\\www\\PPID-PKTJ\\vendor\\symfony\\console\\Application.php(171): Symfony\\Component\\Console\\Application->doRun(Object(Symfony\\Component\\Console\\Input\\ArgvInput), Object(Symfony\\Component\\Console\\Output\\ConsoleOutput))
#25 D:\\laragon\\www\\PPID-PKTJ\\vendor\\laravel\\framework\\src\\Illuminate\\Console\\Application.php(94): Symfony\\Component\\Console\\Application->run(Object(Symfony\\Component\\Console\\Input\\ArgvInput), Object(Symfony\\Component\\Console\\Output\\ConsoleOutput))
#26 D:\\laragon\\www\\PPID-PKTJ\\vendor\\laravel\\framework\\src\\Illuminate\\Foundation\\Console\\Kernel.php(129): Illuminate\\Console\\Application->run(Object(Symfony\\Component\\Console\\Input\\ArgvInput), Object(Symfony\\Component\\Console\\Output\\ConsoleOutput))
#27 D:\\laragon\\www\\PPID-PKTJ\\artisan(17): Illuminate\\Foundation\\Console\\Kernel->handle(Object(Symfony\\Component\\Console\\Input\\ArgvInput), Object(Symfony\\Component\\Console\\Output\\ConsoleOutput))
#28 {main}
"} 
[2026-09-09 04:53:04] laravel.WARNING: mb_strpos(): Passing null to parameter #1 ($haystack) of type string is deprecated in D:\laragon\www\PPID-PKTJ\vendor\laravel\framework\src\Illuminate\Support\Str.php on line 197  
[2026-09-09 04:53:04] laravel.EMERGENCY: Unable to create configured logger. Using emergency logger. {"exception":"[object] (InvalidArgumentException(code: 0): Log [deprecations] is not defined. at D:\\laragon\\www\\PPID-PKTJ\\vendor\\laravel\\framework\\src\\Illuminate\\Log\\LogManager.php:200)
[stacktrace]
#0 D:\\laragon\\www\\PPID-PKTJ\\vendor\\laravel\\framework\\src\\Illuminate\\Log\\LogManager.php(125): Illuminate\\Log\\LogManager->resolve('deprecations', NULL)
#1 D:\\laragon\\www\\PPID-PKTJ\\vendor\\laravel\\framework\\src\\Illuminate\\Log\\LogManager.php(112): Illuminate\\Log\\LogManager->get('deprecations')
#2 D:\\laragon\\www\\PPID-PKTJ\\vendor\\laravel\\framework\\src\\Illuminate\\Log\\LogManager.php(101): Illuminate\\Log\\LogManager->driver('deprecations')
#3 D:\\laragon\\www\\PPID-PKTJ\\vendor\\laravel\\framework\\src\\Illuminate\\Foundation\\Bootstrap\\HandleExceptions.php(104): Illuminate\\Log\\LogManager->channel('deprecations')
#4 D:\\laragon\\www\\PPID-PKTJ\\vendor\\laravel\\framework\\src\\Illuminate\\Foundation\\Bootstrap\\HandleExceptions.php(71): Illuminate\\Foundation\\Bootstrap\\HandleExceptions->handleDeprecation('mb_strpos(): Pa...', 'D:\\\\laragon\\\\www\\\\...', 197)
#5 [internal function]: Illuminate\\Foundation\\Bootstrap\\HandleExceptions->handleError(8192, 'mb_strpos(): Pa...', 'D:\\\\laragon\\\\www\\\\...', 197)
#6 D:\\laragon\\www\\PPID-PKTJ\\vendor\\laravel\\framework\\src\\Illuminate\\Support\\Str.php(197): mb_strpos(NULL, 'prosedur')
#7 D:\\laragon\\www\\PPID-PKTJ\\vendor\\laravel\\framework\\src\\Illuminate\\Foundation\\Console\\RouteListCommand.php(188): Illuminate\\Support\\Str::contains(NULL, 'prosedur')
#8 D:\\laragon\\www\\PPID-PKTJ\\vendor\\laravel\\framework\\src\\Illuminate\\Foundation\\Console\\RouteListCommand.php(113): Illuminate\\Foundation\\Console\\RouteListCommand->filterRoute(Array)
#9 D:\\laragon\\www\\PPID-PKTJ\\vendor\\laravel\\framework\\src\\Illuminate\\Foundation\\Console\\RouteListCommand.php(91): Illuminate\\Foundation\\Console\\RouteListCommand->getRouteInformation(Object(Illuminate\\Routing\\Route))
#10 [internal function]: Illuminate\\Foundation\\Console\\RouteListCommand->Illuminate\\Foundation\\Console\\{closure}(Object(Illuminate\\Routing\\Route), 106)
#11 D:\\laragon\\www\\PPID-PKTJ\\vendor\\laravel\\framework\\src\\Illuminate\\Collections\\Collection.php(695): array_map(Object(Closure), Array, Array)
#12 D:\\laragon\\www\\PPID-PKTJ\\vendor\\laravel\\framework\\src\\Illuminate\\Foundation\\Console\\RouteListCommand.php(90): Illuminate\\Support\\Collection->map(Object(Closure))
#13 D:\\laragon\\www\\PPID-PKTJ\\vendor\\laravel\\framework\\src\\Illuminate\\Foundation\\Console\\RouteListCommand.php(76): Illuminate\\Foundation\\Console\\RouteListCommand->getRoutes()
#14 D:\\laragon\\www\\PPID-PKTJ\\vendor\\laravel\\framework\\src\\Illuminate\\Container\\BoundMethod.php(36): Illuminate\\Foundation\\Console\\RouteListCommand->handle()
#15 D:\\laragon\\www\\PPID-PKTJ\\vendor\\laravel\\framework\\src\\Illuminate\\Container\\Util.php(40): Illuminate\\Container\\BoundMethod::Illuminate\\Container\\{closure}()
#16 D:\\laragon\\www\\PPID-PKTJ\\vendor\\laravel\\framework\\src\\Illuminate\\Container\\BoundMethod.php(93): Illuminate\\Container\\Util::unwrapIfClosure(Object(Closure))
#17 D:\\laragon\\www\\PPID-PKTJ\\vendor\\laravel\\framework\\src\\Illuminate\\Container\\BoundMethod.php(35): Illuminate\\Container\\BoundMethod::callBoundMethod(Object(Illuminate\\Foundation\\Application), Array, Object(Closure))
#18 D:\\laragon\\www\\PPID-PKTJ\\vendor\\laravel\\framework\\src\\Illuminate\\Container\\Container.php(653): Illuminate\\Container\\BoundMethod::call(Object(Illuminate\\Foundation\\Application), Array, Array, NULL)
#19 D:\\laragon\\www\\PPID-PKTJ\\vendor\\laravel\\framework\\src\\Illuminate\\Console\\Command.php(136): Illuminate\\Container\\Container->call(Array)
#20 D:\\laragon\\www\\PPID-PKTJ\\vendor\\symfony\\console\\Command\\Command.php(298): Illuminate\\Console\\Command->execute(Object(Symfony\\Component\\Console\\Input\\ArgvInput), Object(Illuminate\\Console\\OutputStyle))
#21 D:\\laragon\\www\\PPID-PKTJ\\vendor\\laravel\\framework\\src\\Illuminate\\Console\\Command.php(120): Symfony\\Component\\Console\\Command\\Command->run(Object(Symfony\\Component\\Console\\Input\\ArgvInput), Object(Illuminate\\Console\\OutputStyle))
#22 D:\\laragon\\www\\PPID-PKTJ\\vendor\\symfony\\console\\Application.php(1040): Illuminate\\Console\\Command->run(Object(Symfony\\Component\\Console\\Input\\ArgvInput), Object(Symfony\\Component\\Console\\Output\\ConsoleOutput))
#23 D:\\laragon\\www\\PPID-PKTJ\\vendor\\symfony\\console\\Application.php(301): Symfony\\Component\\Console\\Application->doRunCommand(Object(Illuminate\\Foundation\\Console\\RouteListCommand), Object(Symfony\\Component\\Console\\Input\\ArgvInput), Object(Symfony\\Component\\Console\\Output\\ConsoleOutput))
#24 D:\\laragon\\www\\PPID-PKTJ\\vendor\\symfony\\console\\Application.php(171): Symfony\\Component\\Console\\Application->doRun(Object(Symfony\\Component\\Console\\Input\\ArgvInput), Object(Symfony\\Component\\Console\\Output\\ConsoleOutput))
#25 D:\\laragon\\www\\PPID-PKTJ\\vendor\\laravel\\framework\\src\\Illuminate\\Console\\Application.php(94): Symfony\\Component\\Console\\Application->run(Object(Symfony\\Component\\Console\\Input\\ArgvInput), Object(Symfony\\Component\\Console\\Output\\ConsoleOutput))
#26 D:\\laragon\\www\\PPID-PKTJ\\vendor\\laravel\\framework\\src\\Illuminate\\Foundation\\Console\\Kernel.php(129): Illuminate\\Console\\Application->run(Object(Symfony\\Component\\Console\\Input\\ArgvInput), Object(Symfony\\Component\\Console\\Output\\ConsoleOutput))
#27 D:\\laragon\\www\\PPID-PKTJ\\artisan(17): Illuminate\\Foundation\\Console\\Kernel->handle(Object(Symfony\\Component\\Console\\Input\\ArgvInput), Object(Symfony\\Component\\Console\\Output\\ConsoleOutput))
#28 {main}
"} 
[2026-09-09 04:53:04] laravel.WARNING: mb_strpos(): Passing null to parameter #1 ($haystack) of type string is deprecated in D:\laragon\www\PPID-PKTJ\vendor\laravel\framework\src\Illuminate\Support\Str.php on line 197  
[2026-09-09 04:53:04] laravel.EMERGENCY: Unable to create configured logger. Using emergency logger. {"exception":"[object] (InvalidArgumentException(code: 0): Log [deprecations] is not defined. at D:\\laragon\\www\\PPID-PKTJ\\vendor\\laravel\\framework\\src\\Illuminate\\Log\\LogManager.php:200)
[stacktrace]
#0 D:\\laragon\\www\\PPID-PKTJ\\vendor\\laravel\\framework\\src\\Illuminate\\Log\\LogManager.php(125): Illuminate\\Log\\LogManager->resolve('deprecations', NULL)
#1 D:\\laragon\\www\\PPID-PKTJ\\vendor\\laravel\\framework\\src\\Illuminate\\Log\\LogManager.php(112): Illuminate\\Log\\LogManager->get('deprecations')
#2 D:\\laragon\\www\\PPID-PKTJ\\vendor\\laravel\\framework\\src\\Illuminate\\Log\\LogManager.php(101): Illuminate\\Log\\LogManager->driver('deprecations')
#3 D:\\laragon\\www\\PPID-PKTJ\\vendor\\laravel\\framework\\src\\Illuminate\\Foundation\\Bootstrap\\HandleExceptions.php(104): Illuminate\\Log\\LogManager->channel('deprecations')
#4 D:\\laragon\\www\\PPID-PKTJ\\vendor\\laravel\\framework\\src\\Illuminate\\Foundation\\Bootstrap\\HandleExceptions.php(71): Illuminate\\Foundation\\Bootstrap\\HandleExceptions->handleDeprecation('mb_strpos(): Pa...', 'D:\\\\laragon\\\\www\\\\...', 197)
#5 [internal function]: Illuminate\\Foundation\\Bootstrap\\HandleExceptions->handleError(8192, 'mb_strpos(): Pa...', 'D:\\\\laragon\\\\www\\\\...', 197)
#6 D:\\laragon\\www\\PPID-PKTJ\\vendor\\laravel\\framework\\src\\Illuminate\\Support\\Str.php(197): mb_strpos(NULL, 'prosedur')
#7 D:\\laragon\\www\\PPID-PKTJ\\vendor\\laravel\\framework\\src\\Illuminate\\Foundation\\Console\\RouteListCommand.php(188): Illuminate\\Support\\Str::contains(NULL, 'prosedur')
#8 D:\\laragon\\www\\PPID-PKTJ\\vendor\\laravel\\framework\\src\\Illuminate\\Foundation\\Console\\RouteListCommand.php(113): Illuminate\\Foundation\\Console\\RouteListCommand->filterRoute(Array)
#9 D:\\laragon\\www\\PPID-PKTJ\\vendor\\laravel\\framework\\src\\Illuminate\\Foundation\\Console\\RouteListCommand.php(91): Illuminate\\Foundation\\Console\\RouteListCommand->getRouteInformation(Object(Illuminate\\Routing\\Route))
#10 [internal function]: Illuminate\\Foundation\\Console\\RouteListCommand->Illuminate\\Foundation\\Console\\{closure}(Object(Illuminate\\Routing\\Route), 107)
#11 D:\\laragon\\www\\PPID-PKTJ\\vendor\\laravel\\framework\\src\\Illuminate\\Collections\\Collection.php(695): array_map(Object(Closure), Array, Array)
#12 D:\\laragon\\www\\PPID-PKTJ\\vendor\\laravel\\framework\\src\\Illuminate\\Foundation\\Console\\RouteListCommand.php(90): Illuminate\\Support\\Collection->map(Object(Closure))
#13 D:\\laragon\\www\\PPID-PKTJ\\vendor\\laravel\\framework\\src\\Illuminate\\Foundation\\Console\\RouteListCommand.php(76): Illuminate\\Foundation\\Console\\RouteListCommand->getRoutes()
#14 D:\\laragon\\www\\PPID-PKTJ\\vendor\\laravel\\framework\\src\\Illuminate\\Container\\BoundMethod.php(36): Illuminate\\Foundation\\Console\\RouteListCommand->handle()
#15 D:\\laragon\\www\\PPID-PKTJ\\vendor\\laravel\\framework\\src\\Illuminate\\Container\\Util.php(40): Illuminate\\Container\\BoundMethod::Illuminate\\Container\\{closure}()
#16 D:\\laragon\\www\\PPID-PKTJ\\vendor\\laravel\\framework\\src\\Illuminate\\Container\\BoundMethod.php(93): Illuminate\\Container\\Util::unwrapIfClosure(Object(Closure))
#17 D:\\laragon\\www\\PPID-PKTJ\\vendor\\laravel\\framework\\src\\Illuminate\\Container\\BoundMethod.php(35): Illuminate\\Container\\BoundMethod::callBoundMethod(Object(Illuminate\\Foundation\\Application), Array, Object(Closure))
#18 D:\\laragon\\www\\PPID-PKTJ\\vendor\\laravel\\framework\\src\\Illuminate\\Container\\Container.php(653): Illuminate\\Container\\BoundMethod::call(Object(Illuminate\\Foundation\\Application), Array, Array, NULL)
#19 D:\\laragon\\www\\PPID-PKTJ\\vendor\\laravel\\framework\\src\\Illuminate\\Console\\Command.php(136): Illuminate\\Container\\Container->call(Array)
#20 D:\\laragon\\www\\PPID-PKTJ\\vendor\\symfony\\console\\Command\\Command.php(298): Illuminate\\Console\\Command->execute(Object(Symfony\\Component\\Console\\Input\\ArgvInput), Object(Illuminate\\Console\\OutputStyle))
#21 D:\\laragon\\www\\PPID-PKTJ\\vendor\\laravel\\framework\\src\\Illuminate\\Console\\Command.php(120): Symfony\\Component\\Console\\Command\\Command->run(Object(Symfony\\Component\\Console\\Input\\ArgvInput), Object(Illuminate\\Console\\OutputStyle))
#22 D:\\laragon\\www\\PPID-PKTJ\\vendor\\symfony\\console\\Application.php(1040): Illuminate\\Console\\Command->run(Object(Symfony\\Component\\Console\\Input\\ArgvInput), Object(Symfony\\Component\\Console\\Output\\ConsoleOutput))
#23 D:\\laragon\\www\\PPID-PKTJ\\vendor\\symfony\\console\\Application.php(301): Symfony\\Component\\Console\\Application->doRunCommand(Object(Illuminate\\Foundation\\Console\\RouteListCommand), Object(Symfony\\Component\\Console\\Input\\ArgvInput), Object(Symfony\\Component\\Console\\Output\\ConsoleOutput))
#24 D:\\laragon\\www\\PPID-PKTJ\\vendor\\symfony\\console\\Application.php(171): Symfony\\Component\\Console\\Application->doRun(Object(Symfony\\Component\\Console\\Input\\ArgvInput), Object(Symfony\\Component\\Console\\Output\\ConsoleOutput))
#25 D:\\laragon\\www\\PPID-PKTJ\\vendor\\laravel\\framework\\src\\Illuminate\\Console\\Application.php(94): Symfony\\Component\\Console\\Application->run(Object(Symfony\\Component\\Console\\Input\\ArgvInput), Object(Symfony\\Component\\Console\\Output\\ConsoleOutput))
#26 D:\\laragon\\www\\PPID-PKTJ\\vendor\\laravel\\framework\\src\\Illuminate\\Foundation\\Console\\Kernel.php(129): Illuminate\\Console\\Application->run(Object(Symfony\\Component\\Console\\Input\\ArgvInput), Object(Symfony\\Component\\Console\\Output\\ConsoleOutput))
#27 D:\\laragon\\www\\PPID-PKTJ\\artisan(17): Illuminate\\Foundation\\Console\\Kernel->handle(Object(Symfony\\Component\\Console\\Input\\ArgvInput), Object(Symfony\\Component\\Console\\Output\\ConsoleOutput))
#28 {main}
"} 
[2026-09-09 04:53:04] laravel.WARNING: mb_strpos(): Passing null to parameter #1 ($haystack) of type string is deprecated in D:\laragon\www\PPID-PKTJ\vendor\laravel\framework\src\Illuminate\Support\Str.php on line 197  
[2026-09-09 04:53:04] laravel.EMERGENCY: Unable to create configured logger. Using emergency logger. {"exception":"[object] (InvalidArgumentException(code: 0): Log [deprecations] is not defined. at D:\\laragon\\www\\PPID-PKTJ\\vendor\\laravel\\framework\\src\\Illuminate\\Log\\LogManager.php:200)
[stacktrace]
#0 D:\\laragon\\www\\PPID-PKTJ\\vendor\\laravel\\framework\\src\\Illuminate\\Log\\LogManager.php(125): Illuminate\\Log\\LogManager->resolve('deprecations', NULL)
#1 D:\\laragon\\www\\PPID-PKTJ\\vendor\\laravel\\framework\\src\\Illuminate\\Log\\LogManager.php(112): Illuminate\\Log\\LogManager->get('deprecations')
#2 D:\\laragon\\www\\PPID-PKTJ\\vendor\\laravel\\framework\\src\\Illuminate\\Log\\LogManager.php(101): Illuminate\\Log\\LogManager->driver('deprecations')
#3 D:\\laragon\\www\\PPID-PKTJ\\vendor\\laravel\\framework\\src\\Illuminate\\Foundation\\Bootstrap\\HandleExceptions.php(104): Illuminate\\Log\\LogManager->channel('deprecations')
#4 D:\\laragon\\www\\PPID-PKTJ\\vendor\\laravel\\framework\\src\\Illuminate\\Foundation\\Bootstrap\\HandleExceptions.php(71): Illuminate\\Foundation\\Bootstrap\\HandleExceptions->handleDeprecation('mb_strpos(): Pa...', 'D:\\\\laragon\\\\www\\\\...', 197)
#5 [internal function]: Illuminate\\Foundation\\Bootstrap\\HandleExceptions->handleError(8192, 'mb_strpos(): Pa...', 'D:\\\\laragon\\\\www\\\\...', 197)
#6 D:\\laragon\\www\\PPID-PKTJ\\vendor\\laravel\\framework\\src\\Illuminate\\Support\\Str.php(197): mb_strpos(NULL, 'prosedur')
#7 D:\\laragon\\www\\PPID-PKTJ\\vendor\\laravel\\framework\\src\\Illuminate\\Foundation\\Console\\RouteListCommand.php(188): Illuminate\\Support\\Str::contains(NULL, 'prosedur')
#8 D:\\laragon\\www\\PPID-PKTJ\\vendor\\laravel\\framework\\src\\Illuminate\\Foundation\\Console\\RouteListCommand.php(113): Illuminate\\Foundation\\Console\\RouteListCommand->filterRoute(Array)
#9 D:\\laragon\\www\\PPID-PKTJ\\vendor\\laravel\\framework\\src\\Illuminate\\Foundation\\Console\\RouteListCommand.php(91): Illuminate\\Foundation\\Console\\RouteListCommand->getRouteInformation(Object(Illuminate\\Routing\\Route))
#10 [internal function]: Illuminate\\Foundation\\Console\\RouteListCommand->Illuminate\\Foundation\\Console\\{closure}(Object(Illuminate\\Routing\\Route), 114)
#11 D:\\laragon\\www\\PPID-PKTJ\\vendor\\laravel\\framework\\src\\Illuminate\\Collections\\Collection.php(695): array_map(Object(Closure), Array, Array)
#12 D:\\laragon\\www\\PPID-PKTJ\\vendor\\laravel\\framework\\src\\Illuminate\\Foundation\\Console\\RouteListCommand.php(90): Illuminate\\Support\\Collection->map(Object(Closure))
#13 D:\\laragon\\www\\PPID-PKTJ\\vendor\\laravel\\framework\\src\\Illuminate\\Foundation\\Console\\RouteListCommand.php(76): Illuminate\\Foundation\\Console\\RouteListCommand->getRoutes()
#14 D:\\laragon\\www\\PPID-PKTJ\\vendor\\laravel\\framework\\src\\Illuminate\\Container\\BoundMethod.php(36): Illuminate\\Foundation\\Console\\RouteListCommand->handle()
#15 D:\\laragon\\www\\PPID-PKTJ\\vendor\\laravel\\framework\\src\\Illuminate\\Container\\Util.php(40): Illuminate\\Container\\BoundMethod::Illuminate\\Container\\{closure}()
#16 D:\\laragon\\www\\PPID-PKTJ\\vendor\\laravel\\framework\\src\\Illuminate\\Container\\BoundMethod.php(93): Illuminate\\Container\\Util::unwrapIfClosure(Object(Closure))
#17 D:\\laragon\\www\\PPID-PKTJ\\vendor\\laravel\\framework\\src\\Illuminate\\Container\\BoundMethod.php(35): Illuminate\\Container\\BoundMethod::callBoundMethod(Object(Illuminate\\Foundation\\Application), Array, Object(Closure))
#18 D:\\laragon\\www\\PPID-PKTJ\\vendor\\laravel\\framework\\src\\Illuminate\\Container\\Container.php(653): Illuminate\\Container\\BoundMethod::call(Object(Illuminate\\Foundation\\Application), Array, Array, NULL)
#19 D:\\laragon\\www\\PPID-PKTJ\\vendor\\laravel\\framework\\src\\Illuminate\\Console\\Command.php(136): Illuminate\\Container\\Container->call(Array)
#20 D:\\laragon\\www\\PPID-PKTJ\\vendor\\symfony\\console\\Command\\Command.php(298): Illuminate\\Console\\Command->execute(Object(Symfony\\Component\\Console\\Input\\ArgvInput), Object(Illuminate\\Console\\OutputStyle))
#21 D:\\laragon\\www\\PPID-PKTJ\\vendor\\laravel\\framework\\src\\Illuminate\\Console\\Command.php(120): Symfony\\Component\\Console\\Command\\Command->run(Object(Symfony\\Component\\Console\\Input\\ArgvInput), Object(Illuminate\\Console\\OutputStyle))
#22 D:\\laragon\\www\\PPID-PKTJ\\vendor\\symfony\\console\\Application.php(1040): Illuminate\\Console\\Command->run(Object(Symfony\\Component\\Console\\Input\\ArgvInput), Object(Symfony\\Component\\Console\\Output\\ConsoleOutput))
#23 D:\\laragon\\www\\PPID-PKTJ\\vendor\\symfony\\console\\Application.php(301): Symfony\\Component\\Console\\Application->doRunCommand(Object(Illuminate\\Foundation\\Console\\RouteListCommand), Object(Symfony\\Component\\Console\\Input\\ArgvInput), Object(Symfony\\Component\\Console\\Output\\ConsoleOutput))
#24 D:\\laragon\\www\\PPID-PKTJ\\vendor\\symfony\\console\\Application.php(171): Symfony\\Component\\Console\\Application->doRun(Object(Symfony\\Component\\Console\\Input\\ArgvInput), Object(Symfony\\Component\\Console\\Output\\ConsoleOutput))
#25 D:\\laragon\\www\\PPID-PKTJ\\vendor\\laravel\\framework\\src\\Illuminate\\Console\\Application.php(94): Symfony\\Component\\Console\\Application->run(Object(Symfony\\Component\\Console\\Input\\ArgvInput), Object(Symfony\\Component\\Console\\Output\\ConsoleOutput))
#26 D:\\laragon\\www\\PPID-PKTJ\\vendor\\laravel\\framework\\src\\Illuminate\\Foundation\\Console\\Kernel.php(129): Illuminate\\Console\\Application->run(Object(Symfony\\Component\\Console\\Input\\ArgvInput), Object(Symfony\\Component\\Console\\Output\\ConsoleOutput))
#27 D:\\laragon\\www\\PPID-PKTJ\\artisan(17): Illuminate\\Foundation\\Console\\Kernel->handle(Object(Symfony\\Component\\Console\\Input\\ArgvInput), Object(Symfony\\Component\\Console\\Output\\ConsoleOutput))
#28 {main}
"} 
[2026-09-09 04:53:04] laravel.WARNING: mb_strpos(): Passing null to parameter #1 ($haystack) of type string is deprecated in D:\laragon\www\PPID-PKTJ\vendor\laravel\framework\src\Illuminate\Support\Str.php on line 197  
[2026-09-09 04:53:05] laravel.EMERGENCY: Unable to create configured logger. Using emergency logger. {"exception":"[object] (InvalidArgumentException(code: 0): Log [deprecations] is not defined. at D:\\laragon\\www\\PPID-PKTJ\\vendor\\laravel\\framework\\src\\Illuminate\\Log\\LogManager.php:200)
[stacktrace]
#0 D:\\laragon\\www\\PPID-PKTJ\\vendor\\laravel\\framework\\src\\Illuminate\\Log\\LogManager.php(125): Illuminate\\Log\\LogManager->resolve('deprecations', NULL)
#1 D:\\laragon\\www\\PPID-PKTJ\\vendor\\laravel\\framework\\src\\Illuminate\\Log\\LogManager.php(112): Illuminate\\Log\\LogManager->get('deprecations')
#2 D:\\laragon\\www\\PPID-PKTJ\\vendor\\laravel\\framework\\src\\Illuminate\\Log\\LogManager.php(101): Illuminate\\Log\\LogManager->driver('deprecations')
#3 D:\\laragon\\www\\PPID-PKTJ\\vendor\\laravel\\framework\\src\\Illuminate\\Foundation\\Bootstrap\\HandleExceptions.php(104): Illuminate\\Log\\LogManager->channel('deprecations')
#4 D:\\laragon\\www\\PPID-PKTJ\\vendor\\laravel\\framework\\src\\Illuminate\\Foundation\\Bootstrap\\HandleExceptions.php(71): Illuminate\\Foundation\\Bootstrap\\HandleExceptions->handleDeprecation('mb_strpos(): Pa...', 'D:\\\\laragon\\\\www\\\\...', 197)
#5 [internal function]: Illuminate\\Foundation\\Bootstrap\\HandleExceptions->handleError(8192, 'mb_strpos(): Pa...', 'D:\\\\laragon\\\\www\\\\...', 197)
#6 D:\\laragon\\www\\PPID-PKTJ\\vendor\\laravel\\framework\\src\\Illuminate\\Support\\Str.php(197): mb_strpos(NULL, 'prosedur')
#7 D:\\laragon\\www\\PPID-PKTJ\\vendor\\laravel\\framework\\src\\Illuminate\\Foundation\\Console\\RouteListCommand.php(188): Illuminate\\Support\\Str::contains(NULL, 'prosedur')
#8 D:\\laragon\\www\\PPID-PKTJ\\vendor\\laravel\\framework\\src\\Illuminate\\Foundation\\Console\\RouteListCommand.php(113): Illuminate\\Foundation\\Console\\RouteListCommand->filterRoute(Array)
#9 D:\\laragon\\www\\PPID-PKTJ\\vendor\\laravel\\framework\\src\\Illuminate\\Foundation\\Console\\RouteListCommand.php(91): Illuminate\\Foundation\\Console\\RouteListCommand->getRouteInformation(Object(Illuminate\\Routing\\Route))
#10 [internal function]: Illuminate\\Foundation\\Console\\RouteListCommand->Illuminate\\Foundation\\Console\\{closure}(Object(Illuminate\\Routing\\Route), 115)
#11 D:\\laragon\\www\\PPID-PKTJ\\vendor\\laravel\\framework\\src\\Illuminate\\Collections\\Collection.php(695): array_map(Object(Closure), Array, Array)
#12 D:\\laragon\\www\\PPID-PKTJ\\vendor\\laravel\\framework\\src\\Illuminate\\Foundation\\Console\\RouteListCommand.php(90): Illuminate\\Support\\Collection->map(Object(Closure))
#13 D:\\laragon\\www\\PPID-PKTJ\\vendor\\laravel\\framework\\src\\Illuminate\\Foundation\\Console\\RouteListCommand.php(76): Illuminate\\Foundation\\Console\\RouteListCommand->getRoutes()
#14 D:\\laragon\\www\\PPID-PKTJ\\vendor\\laravel\\framework\\src\\Illuminate\\Container\\BoundMethod.php(36): Illuminate\\Foundation\\Console\\RouteListCommand->handle()
#15 D:\\laragon\\www\\PPID-PKTJ\\vendor\\laravel\\framework\\src\\Illuminate\\Container\\Util.php(40): Illuminate\\Container\\BoundMethod::Illuminate\\Container\\{closure}()
#16 D:\\laragon\\www\\PPID-PKTJ\\vendor\\laravel\\framework\\src\\Illuminate\\Container\\BoundMethod.php(93): Illuminate\\Container\\Util::unwrapIfClosure(Object(Closure))
#17 D:\\laragon\\www\\PPID-PKTJ\\vendor\\laravel\\framework\\src\\Illuminate\\Container\\BoundMethod.php(35): Illuminate\\Container\\BoundMethod::callBoundMethod(Object(Illuminate\\Foundation\\Application), Array, Object(Closure))
#18 D:\\laragon\\www\\PPID-PKTJ\\vendor\\laravel\\framework\\src\\Illuminate\\Container\\Container.php(653): Illuminate\\Container\\BoundMethod::call(Object(Illuminate\\Foundation\\Application), Array, Array, NULL)
#19 D:\\laragon\\www\\PPID-PKTJ\\vendor\\laravel\\framework\\src\\Illuminate\\Console\\Command.php(136): Illuminate\\Container\\Container->call(Array)
#20 D:\\laragon\\www\\PPID-PKTJ\\vendor\\symfony\\console\\Command\\Command.php(298): Illuminate\\Console\\Command->execute(Object(Symfony\\Component\\Console\\Input\\ArgvInput), Object(Illuminate\\Console\\OutputStyle))
#21 D:\\laragon\\www\\PPID-PKTJ\\vendor\\laravel\\framework\\src\\Illuminate\\Console\\Command.php(120): Symfony\\Component\\Console\\Command\\Command->run(Object(Symfony\\Component\\Console\\Input\\ArgvInput), Object(Illuminate\\Console\\OutputStyle))
#22 D:\\laragon\\www\\PPID-PKTJ\\vendor\\symfony\\console\\Application.php(1040): Illuminate\\Console\\Command->run(Object(Symfony\\Component\\Console\\Input\\ArgvInput), Object(Symfony\\Component\\Console\\Output\\ConsoleOutput))
#23 D:\\laragon\\www\\PPID-PKTJ\\vendor\\symfony\\console\\Application.php(301): Symfony\\Component\\Console\\Application->doRunCommand(Object(Illuminate\\Foundation\\Console\\RouteListCommand), Object(Symfony\\Component\\Console\\Input\\ArgvInput), Object(Symfony\\Component\\Console\\Output\\ConsoleOutput))
#24 D:\\laragon\\www\\PPID-PKTJ\\vendor\\symfony\\console\\Application.php(171): Symfony\\Component\\Console\\Application->doRun(Object(Symfony\\Component\\Console\\Input\\ArgvInput), Object(Symfony\\Component\\Console\\Output\\ConsoleOutput))
#25 D:\\laragon\\www\\PPID-PKTJ\\vendor\\laravel\\framework\\src\\Illuminate\\Console\\Application.php(94): Symfony\\Component\\Console\\Application->run(Object(Symfony\\Component\\Console\\Input\\ArgvInput), Object(Symfony\\Component\\Console\\Output\\ConsoleOutput))
#26 D:\\laragon\\www\\PPID-PKTJ\\vendor\\laravel\\framework\\src\\Illuminate\\Foundation\\Console\\Kernel.php(129): Illuminate\\Console\\Application->run(Object(Symfony\\Component\\Console\\Input\\ArgvInput), Object(Symfony\\Component\\Console\\Output\\ConsoleOutput))
#27 D:\\laragon\\www\\PPID-PKTJ\\artisan(17): Illuminate\\Foundation\\Console\\Kernel->handle(Object(Symfony\\Component\\Console\\Input\\ArgvInput), Object(Symfony\\Component\\Console\\Output\\ConsoleOutput))
#28 {main}
"} 
[2026-09-09 04:53:05] laravel.WARNING: mb_strpos(): Passing null to parameter #1 ($haystack) of type string is deprecated in D:\laragon\www\PPID-PKTJ\vendor\laravel\framework\src\Illuminate\Support\Str.php on line 197  
[2026-09-09 04:53:05] laravel.EMERGENCY: Unable to create configured logger. Using emergency logger. {"exception":"[object] (InvalidArgumentException(code: 0): Log [deprecations] is not defined. at D:\\laragon\\www\\PPID-PKTJ\\vendor\\laravel\\framework\\src\\Illuminate\\Log\\LogManager.php:200)
[stacktrace]
#0 D:\\laragon\\www\\PPID-PKTJ\\vendor\\laravel\\framework\\src\\Illuminate\\Log\\LogManager.php(125): Illuminate\\Log\\LogManager->resolve('deprecations', NULL)
#1 D:\\laragon\\www\\PPID-PKTJ\\vendor\\laravel\\framework\\src\\Illuminate\\Log\\LogManager.php(112): Illuminate\\Log\\LogManager->get('deprecations')
#2 D:\\laragon\\www\\PPID-PKTJ\\vendor\\laravel\\framework\\src\\Illuminate\\Log\\LogManager.php(101): Illuminate\\Log\\LogManager->driver('deprecations')
#3 D:\\laragon\\www\\PPID-PKTJ\\vendor\\laravel\\framework\\src\\Illuminate\\Foundation\\Bootstrap\\HandleExceptions.php(104): Illuminate\\Log\\LogManager->channel('deprecations')
#4 D:\\laragon\\www\\PPID-PKTJ\\vendor\\laravel\\framework\\src\\Illuminate\\Foundation\\Bootstrap\\HandleExceptions.php(71): Illuminate\\Foundation\\Bootstrap\\HandleExceptions->handleDeprecation('mb_strpos(): Pa...', 'D:\\\\laragon\\\\www\\\\...', 197)
#5 [internal function]: Illuminate\\Foundation\\Bootstrap\\HandleExceptions->handleError(8192, 'mb_strpos(): Pa...', 'D:\\\\laragon\\\\www\\\\...', 197)
#6 D:\\laragon\\www\\PPID-PKTJ\\vendor\\laravel\\framework\\src\\Illuminate\\Support\\Str.php(197): mb_strpos(NULL, 'prosedur')
#7 D:\\laragon\\www\\PPID-PKTJ\\vendor\\laravel\\framework\\src\\Illuminate\\Foundation\\Console\\RouteListCommand.php(188): Illuminate\\Support\\Str::contains(NULL, 'prosedur')
#8 D:\\laragon\\www\\PPID-PKTJ\\vendor\\laravel\\framework\\src\\Illuminate\\Foundation\\Console\\RouteListCommand.php(113): Illuminate\\Foundation\\Console\\RouteListCommand->filterRoute(Array)
#9 D:\\laragon\\www\\PPID-PKTJ\\vendor\\laravel\\framework\\src\\Illuminate\\Foundation\\Console\\RouteListCommand.php(91): Illuminate\\Foundation\\Console\\RouteListCommand->getRouteInformation(Object(Illuminate\\Routing\\Route))
#10 [internal function]: Illuminate\\Foundation\\Console\\RouteListCommand->Illuminate\\Foundation\\Console\\{closure}(Object(Illuminate\\Routing\\Route), 116)
#11 D:\\laragon\\www\\PPID-PKTJ\\vendor\\laravel\\framework\\src\\Illuminate\\Collections\\Collection.php(695): array_map(Object(Closure), Array, Array)
#12 D:\\laragon\\www\\PPID-PKTJ\\vendor\\laravel\\framework\\src\\Illuminate\\Foundation\\Console\\RouteListCommand.php(90): Illuminate\\Support\\Collection->map(Object(Closure))
#13 D:\\laragon\\www\\PPID-PKTJ\\vendor\\laravel\\framework\\src\\Illuminate\\Foundation\\Console\\RouteListCommand.php(76): Illuminate\\Foundation\\Console\\RouteListCommand->getRoutes()
#14 D:\\laragon\\www\\PPID-PKTJ\\vendor\\laravel\\framework\\src\\Illuminate\\Container\\BoundMethod.php(36): Illuminate\\Foundation\\Console\\RouteListCommand->handle()
#15 D:\\laragon\\www\\PPID-PKTJ\\vendor\\laravel\\framework\\src\\Illuminate\\Container\\Util.php(40): Illuminate\\Container\\BoundMethod::Illuminate\\Container\\{closure}()
#16 D:\\laragon\\www\\PPID-PKTJ\\vendor\\laravel\\framework\\src\\Illuminate\\Container\\BoundMethod.php(93): Illuminate\\Container\\Util::unwrapIfClosure(Object(Closure))
#17 D:\\laragon\\www\\PPID-PKTJ\\vendor\\laravel\\framework\\src\\Illuminate\\Container\\BoundMethod.php(35): Illuminate\\Container\\BoundMethod::callBoundMethod(Object(Illuminate\\Foundation\\Application), Array, Object(Closure))
#18 D:\\laragon\\www\\PPID-PKTJ\\vendor\\laravel\\framework\\src\\Illuminate\\Container\\Container.php(653): Illuminate\\Container\\BoundMethod::call(Object(Illuminate\\Foundation\\Application), Array, Array, NULL)
#19 D:\\laragon\\www\\PPID-PKTJ\\vendor\\laravel\\framework\\src\\Illuminate\\Console\\Command.php(136): Illuminate\\Container\\Container->call(Array)
#20 D:\\laragon\\www\\PPID-PKTJ\\vendor\\symfony\\console\\Command\\Command.php(298): Illuminate\\Console\\Command->execute(Object(Symfony\\Component\\Console\\Input\\ArgvInput), Object(Illuminate\\Console\\OutputStyle))
#21 D:\\laragon\\www\\PPID-PKTJ\\vendor\\laravel\\framework\\src\\Illuminate\\Console\\Command.php(120): Symfony\\Component\\Console\\Command\\Command->run(Object(Symfony\\Component\\Console\\Input\\ArgvInput), Object(Illuminate\\Console\\OutputStyle))
#22 D:\\laragon\\www\\PPID-PKTJ\\vendor\\symfony\\console\\Application.php(1040): Illuminate\\Console\\Command->run(Object(Symfony\\Component\\Console\\Input\\ArgvInput), Object(Symfony\\Component\\Console\\Output\\ConsoleOutput))
#23 D:\\laragon\\www\\PPID-PKTJ\\vendor\\symfony\\console\\Application.php(301): Symfony\\Component\\Console\\Application->doRunCommand(Object(Illuminate\\Foundation\\Console\\RouteListCommand), Object(Symfony\\Component\\Console\\Input\\ArgvInput), Object(Symfony\\Component\\Console\\Output\\ConsoleOutput))
#24 D:\\laragon\\www\\PPID-PKTJ\\vendor\\symfony\\console\\Application.php(171): Symfony\\Component\\Console\\Application->doRun(Object(Symfony\\Component\\Console\\Input\\ArgvInput), Object(Symfony\\Component\\Console\\Output\\ConsoleOutput))
#25 D:\\laragon\\www\\PPID-PKTJ\\vendor\\laravel\\framework\\src\\Illuminate\\Console\\Application.php(94): Symfony\\Component\\Console\\Application->run(Object(Symfony\\Component\\Console\\Input\\ArgvInput), Object(Symfony\\Component\\Console\\Output\\ConsoleOutput))
#26 D:\\laragon\\www\\PPID-PKTJ\\vendor\\laravel\\framework\\src\\Illuminate\\Foundation\\Console\\Kernel.php(129): Illuminate\\Console\\Application->run(Object(Symfony\\Component\\Console\\Input\\ArgvInput), Object(Symfony\\Component\\Console\\Output\\ConsoleOutput))
#27 D:\\laragon\\www\\PPID-PKTJ\\artisan(17): Illuminate\\Foundation\\Console\\Kernel->handle(Object(Symfony\\Component\\Console\\Input\\ArgvInput), Object(Symfony\\Component\\Console\\Output\\ConsoleOutput))
#28 {main}
"} 
[2026-09-09 04:53:05] laravel.WARNING: mb_strpos(): Passing null to parameter #1 ($haystack) of type string is deprecated in D:\laragon\www\PPID-PKTJ\vendor\laravel\framework\src\Illuminate\Support\Str.php on line 197  
[2026-09-09 04:53:05] laravel.EMERGENCY: Unable to create configured logger. Using emergency logger. {"exception":"[object] (InvalidArgumentException(code: 0): Log [deprecations] is not defined. at D:\\laragon\\www\\PPID-PKTJ\\vendor\\laravel\\framework\\src\\Illuminate\\Log\\LogManager.php:200)
[stacktrace]
#0 D:\\laragon\\www\\PPID-PKTJ\\vendor\\laravel\\framework\\src\\Illuminate\\Log\\LogManager.php(125): Illuminate\\Log\\LogManager->resolve('deprecations', NULL)
#1 D:\\laragon\\www\\PPID-PKTJ\\vendor\\laravel\\framework\\src\\Illuminate\\Log\\LogManager.php(112): Illuminate\\Log\\LogManager->get('deprecations')
#2 D:\\laragon\\www\\PPID-PKTJ\\vendor\\laravel\\framework\\src\\Illuminate\\Log\\LogManager.php(101): Illuminate\\Log\\LogManager->driver('deprecations')
#3 D:\\laragon\\www\\PPID-PKTJ\\vendor\\laravel\\framework\\src\\Illuminate\\Foundation\\Bootstrap\\HandleExceptions.php(104): Illuminate\\Log\\LogManager->channel('deprecations')
#4 D:\\laragon\\www\\PPID-PKTJ\\vendor\\laravel\\framework\\src\\Illuminate\\Foundation\\Bootstrap\\HandleExceptions.php(71): Illuminate\\Foundation\\Bootstrap\\HandleExceptions->handleDeprecation('mb_strpos(): Pa...', 'D:\\\\laragon\\\\www\\\\...', 197)
#5 [internal function]: Illuminate\\Foundation\\Bootstrap\\HandleExceptions->handleError(8192, 'mb_strpos(): Pa...', 'D:\\\\laragon\\\\www\\\\...', 197)
#6 D:\\laragon\\www\\PPID-PKTJ\\vendor\\laravel\\framework\\src\\Illuminate\\Support\\Str.php(197): mb_strpos(NULL, 'prosedur')
#7 D:\\laragon\\www\\PPID-PKTJ\\vendor\\laravel\\framework\\src\\Illuminate\\Foundation\\Console\\RouteListCommand.php(188): Illuminate\\Support\\Str::contains(NULL, 'prosedur')
#8 D:\\laragon\\www\\PPID-PKTJ\\vendor\\laravel\\framework\\src\\Illuminate\\Foundation\\Console\\RouteListCommand.php(113): Illuminate\\Foundation\\Console\\RouteListCommand->filterRoute(Array)
#9 D:\\laragon\\www\\PPID-PKTJ\\vendor\\laravel\\framework\\src\\Illuminate\\Foundation\\Console\\RouteListCommand.php(91): Illuminate\\Foundation\\Console\\RouteListCommand->getRouteInformation(Object(Illuminate\\Routing\\Route))
#10 [internal function]: Illuminate\\Foundation\\Console\\RouteListCommand->Illuminate\\Foundation\\Console\\{closure}(Object(Illuminate\\Routing\\Route), 117)
#11 D:\\laragon\\www\\PPID-PKTJ\\vendor\\laravel\\framework\\src\\Illuminate\\Collections\\Collection.php(695): array_map(Object(Closure), Array, Array)
#12 D:\\laragon\\www\\PPID-PKTJ\\vendor\\laravel\\framework\\src\\Illuminate\\Foundation\\Console\\RouteListCommand.php(90): Illuminate\\Support\\Collection->map(Object(Closure))
#13 D:\\laragon\\www\\PPID-PKTJ\\vendor\\laravel\\framework\\src\\Illuminate\\Foundation\\Console\\RouteListCommand.php(76): Illuminate\\Foundation\\Console\\RouteListCommand->getRoutes()
#14 D:\\laragon\\www\\PPID-PKTJ\\vendor\\laravel\\framework\\src\\Illuminate\\Container\\BoundMethod.php(36): Illuminate\\Foundation\\Console\\RouteListCommand->handle()
#15 D:\\laragon\\www\\PPID-PKTJ\\vendor\\laravel\\framework\\src\\Illuminate\\Container\\Util.php(40): Illuminate\\Container\\BoundMethod::Illuminate\\Container\\{closure}()
#16 D:\\laragon\\www\\PPID-PKTJ\\vendor\\laravel\\framework\\src\\Illuminate\\Container\\BoundMethod.php(93): Illuminate\\Container\\Util::unwrapIfClosure(Object(Closure))
#17 D:\\laragon\\www\\PPID-PKTJ\\vendor\\laravel\\framework\\src\\Illuminate\\Container\\BoundMethod.php(35): Illuminate\\Container\\BoundMethod::callBoundMethod(Object(Illuminate\\Foundation\\Application), Array, Object(Closure))
#18 D:\\laragon\\www\\PPID-PKTJ\\vendor\\laravel\\framework\\src\\Illuminate\\Container\\Container.php(653): Illuminate\\Container\\BoundMethod::call(Object(Illuminate\\Foundation\\Application), Array, Array, NULL)
#19 D:\\laragon\\www\\PPID-PKTJ\\vendor\\laravel\\framework\\src\\Illuminate\\Console\\Command.php(136): Illuminate\\Container\\Container->call(Array)
#20 D:\\laragon\\www\\PPID-PKTJ\\vendor\\symfony\\console\\Command\\Command.php(298): Illuminate\\Console\\Command->execute(Object(Symfony\\Component\\Console\\Input\\ArgvInput), Object(Illuminate\\Console\\OutputStyle))
#21 D:\\laragon\\www\\PPID-PKTJ\\vendor\\laravel\\framework\\src\\Illuminate\\Console\\Command.php(120): Symfony\\Component\\Console\\Command\\Command->run(Object(Symfony\\Component\\Console\\Input\\ArgvInput), Object(Illuminate\\Console\\OutputStyle))
#22 D:\\laragon\\www\\PPID-PKTJ\\vendor\\symfony\\console\\Application.php(1040): Illuminate\\Console\\Command->run(Object(Symfony\\Component\\Console\\Input\\ArgvInput), Object(Symfony\\Component\\Console\\Output\\ConsoleOutput))
#23 D:\\laragon\\www\\PPID-PKTJ\\vendor\\symfony\\console\\Application.php(301): Symfony\\Component\\Console\\Application->doRunCommand(Object(Illuminate\\Foundation\\Console\\RouteListCommand), Object(Symfony\\Component\\Console\\Input\\ArgvInput), Object(Symfony\\Component\\Console\\Output\\ConsoleOutput))
#24 D:\\laragon\\www\\PPID-PKTJ\\vendor\\symfony\\console\\Application.php(171): Symfony\\Component\\Console\\Application->doRun(Object(Symfony\\Component\\Console\\Input\\ArgvInput), Object(Symfony\\Component\\Console\\Output\\ConsoleOutput))
#25 D:\\laragon\\www\\PPID-PKTJ\\vendor\\laravel\\framework\\src\\Illuminate\\Console\\Application.php(94): Symfony\\Component\\Console\\Application->run(Object(Symfony\\Component\\Console\\Input\\ArgvInput), Object(Symfony\\Component\\Console\\Output\\ConsoleOutput))
#26 D:\\laragon\\www\\PPID-PKTJ\\vendor\\laravel\\framework\\src\\Illuminate\\Foundation\\Console\\Kernel.php(129): Illuminate\\Console\\Application->run(Object(Symfony\\Component\\Console\\Input\\ArgvInput), Object(Symfony\\Component\\Console\\Output\\ConsoleOutput))
#27 D:\\laragon\\www\\PPID-PKTJ\\artisan(17): Illuminate\\Foundation\\Console\\Kernel->handle(Object(Symfony\\Component\\Console\\Input\\ArgvInput), Object(Symfony\\Component\\Console\\Output\\ConsoleOutput))
#28 {main}
"} 
[2026-09-09 04:53:05] laravel.WARNING: mb_strpos(): Passing null to parameter #1 ($haystack) of type string is deprecated in D:\laragon\www\PPID-PKTJ\vendor\laravel\framework\src\Illuminate\Support\Str.php on line 197  
[2026-09-09 04:53:05] laravel.EMERGENCY: Unable to create configured logger. Using emergency logger. {"exception":"[object] (InvalidArgumentException(code: 0): Log [deprecations] is not defined. at D:\\laragon\\www\\PPID-PKTJ\\vendor\\laravel\\framework\\src\\Illuminate\\Log\\LogManager.php:200)
[stacktrace]
#0 D:\\laragon\\www\\PPID-PKTJ\\vendor\\laravel\\framework\\src\\Illuminate\\Log\\LogManager.php(125): Illuminate\\Log\\LogManager->resolve('deprecations', NULL)
#1 D:\\laragon\\www\\PPID-PKTJ\\vendor\\laravel\\framework\\src\\Illuminate\\Log\\LogManager.php(112): Illuminate\\Log\\LogManager->get('deprecations')
#2 D:\\laragon\\www\\PPID-PKTJ\\vendor\\laravel\\framework\\src\\Illuminate\\Log\\LogManager.php(101): Illuminate\\Log\\LogManager->driver('deprecations')
#3 D:\\laragon\\www\\PPID-PKTJ\\vendor\\laravel\\framework\\src\\Illuminate\\Foundation\\Bootstrap\\HandleExceptions.php(104): Illuminate\\Log\\LogManager->channel('deprecations')
#4 D:\\laragon\\www\\PPID-PKTJ\\vendor\\laravel\\framework\\src\\Illuminate\\Foundation\\Bootstrap\\HandleExceptions.php(71): Illuminate\\Foundation\\Bootstrap\\HandleExceptions->handleDeprecation('mb_strpos(): Pa...', 'D:\\\\laragon\\\\www\\\\...', 197)
#5 [internal function]: Illuminate\\Foundation\\Bootstrap\\HandleExceptions->handleError(8192, 'mb_strpos(): Pa...', 'D:\\\\laragon\\\\www\\\\...', 197)
#6 D:\\laragon\\www\\PPID-PKTJ\\vendor\\laravel\\framework\\src\\Illuminate\\Support\\Str.php(197): mb_strpos(NULL, 'prosedur')
#7 D:\\laragon\\www\\PPID-PKTJ\\vendor\\laravel\\framework\\src\\Illuminate\\Foundation\\Console\\RouteListCommand.php(188): Illuminate\\Support\\Str::contains(NULL, 'prosedur')
#8 D:\\laragon\\www\\PPID-PKTJ\\vendor\\laravel\\framework\\src\\Illuminate\\Foundation\\Console\\RouteListCommand.php(113): Illuminate\\Foundation\\Console\\RouteListCommand->filterRoute(Array)
#9 D:\\laragon\\www\\PPID-PKTJ\\vendor\\laravel\\framework\\src\\Illuminate\\Foundation\\Console\\RouteListCommand.php(91): Illuminate\\Foundation\\Console\\RouteListCommand->getRouteInformation(Object(Illuminate\\Routing\\Route))
#10 [internal function]: Illuminate\\Foundation\\Console\\RouteListCommand->Illuminate\\Foundation\\Console\\{closure}(Object(Illuminate\\Routing\\Route), 144)
#11 D:\\laragon\\www\\PPID-PKTJ\\vendor\\laravel\\framework\\src\\Illuminate\\Collections\\Collection.php(695): array_map(Object(Closure), Array, Array)
#12 D:\\laragon\\www\\PPID-PKTJ\\vendor\\laravel\\framework\\src\\Illuminate\\Foundation\\Console\\RouteListCommand.php(90): Illuminate\\Support\\Collection->map(Object(Closure))
#13 D:\\laragon\\www\\PPID-PKTJ\\vendor\\laravel\\framework\\src\\Illuminate\\Foundation\\Console\\RouteListCommand.php(76): Illuminate\\Foundation\\Console\\RouteListCommand->getRoutes()
#14 D:\\laragon\\www\\PPID-PKTJ\\vendor\\laravel\\framework\\src\\Illuminate\\Container\\BoundMethod.php(36): Illuminate\\Foundation\\Console\\RouteListCommand->handle()
#15 D:\\laragon\\www\\PPID-PKTJ\\vendor\\laravel\\framework\\src\\Illuminate\\Container\\Util.php(40): Illuminate\\Container\\BoundMethod::Illuminate\\Container\\{closure}()
#16 D:\\laragon\\www\\PPID-PKTJ\\vendor\\laravel\\framework\\src\\Illuminate\\Container\\BoundMethod.php(93): Illuminate\\Container\\Util::unwrapIfClosure(Object(Closure))
#17 D:\\laragon\\www\\PPID-PKTJ\\vendor\\laravel\\framework\\src\\Illuminate\\Container\\BoundMethod.php(35): Illuminate\\Container\\BoundMethod::callBoundMethod(Object(Illuminate\\Foundation\\Application), Array, Object(Closure))
#18 D:\\laragon\\www\\PPID-PKTJ\\vendor\\laravel\\framework\\src\\Illuminate\\Container\\Container.php(653): Illuminate\\Container\\BoundMethod::call(Object(Illuminate\\Foundation\\Application), Array, Array, NULL)
#19 D:\\laragon\\www\\PPID-PKTJ\\vendor\\laravel\\framework\\src\\Illuminate\\Console\\Command.php(136): Illuminate\\Container\\Container->call(Array)
#20 D:\\laragon\\www\\PPID-PKTJ\\vendor\\symfony\\console\\Command\\Command.php(298): Illuminate\\Console\\Command->execute(Object(Symfony\\Component\\Console\\Input\\ArgvInput), Object(Illuminate\\Console\\OutputStyle))
#21 D:\\laragon\\www\\PPID-PKTJ\\vendor\\laravel\\framework\\src\\Illuminate\\Console\\Command.php(120): Symfony\\Component\\Console\\Command\\Command->run(Object(Symfony\\Component\\Console\\Input\\ArgvInput), Object(Illuminate\\Console\\OutputStyle))
#22 D:\\laragon\\www\\PPID-PKTJ\\vendor\\symfony\\console\\Application.php(1040): Illuminate\\Console\\Command->run(Object(Symfony\\Component\\Console\\Input\\ArgvInput), Object(Symfony\\Component\\Console\\Output\\ConsoleOutput))
#23 D:\\laragon\\www\\PPID-PKTJ\\vendor\\symfony\\console\\Application.php(301): Symfony\\Component\\Console\\Application->doRunCommand(Object(Illuminate\\Foundation\\Console\\RouteListCommand), Object(Symfony\\Component\\Console\\Input\\ArgvInput), Object(Symfony\\Component\\Console\\Output\\ConsoleOutput))
#24 D:\\laragon\\www\\PPID-PKTJ\\vendor\\symfony\\console\\Application.php(171): Symfony\\Component\\Console\\Application->doRun(Object(Symfony\\Component\\Console\\Input\\ArgvInput), Object(Symfony\\Component\\Console\\Output\\ConsoleOutput))
#25 D:\\laragon\\www\\PPID-PKTJ\\vendor\\laravel\\framework\\src\\Illuminate\\Console\\Application.php(94): Symfony\\Component\\Console\\Application->run(Object(Symfony\\Component\\Console\\Input\\ArgvInput), Object(Symfony\\Component\\Console\\Output\\ConsoleOutput))
#26 D:\\laragon\\www\\PPID-PKTJ\\vendor\\laravel\\framework\\src\\Illuminate\\Foundation\\Console\\Kernel.php(129): Illuminate\\Console\\Application->run(Object(Symfony\\Component\\Console\\Input\\ArgvInput), Object(Symfony\\Component\\Console\\Output\\ConsoleOutput))
#27 D:\\laragon\\www\\PPID-PKTJ\\artisan(17): Illuminate\\Foundation\\Console\\Kernel->handle(Object(Symfony\\Component\\Console\\Input\\ArgvInput), Object(Symfony\\Component\\Console\\Output\\ConsoleOutput))
#28 {main}
"} 
[2026-09-09 04:53:05] laravel.WARNING: mb_strpos(): Passing null to parameter #1 ($haystack) of type string is deprecated in D:\laragon\www\PPID-PKTJ\vendor\laravel\framework\src\Illuminate\Support\Str.php on line 197  
[2026-09-09 04:53:05] laravel.EMERGENCY: Unable to create configured logger. Using emergency logger. {"exception":"[object] (InvalidArgumentException(code: 0): Log [deprecations] is not defined. at D:\\laragon\\www\\PPID-PKTJ\\vendor\\laravel\\framework\\src\\Illuminate\\Log\\LogManager.php:200)
[stacktrace]
#0 D:\\laragon\\www\\PPID-PKTJ\\vendor\\laravel\\framework\\src\\Illuminate\\Log\\LogManager.php(125): Illuminate\\Log\\LogManager->resolve('deprecations', NULL)
#1 D:\\laragon\\www\\PPID-PKTJ\\vendor\\laravel\\framework\\src\\Illuminate\\Log\\LogManager.php(112): Illuminate\\Log\\LogManager->get('deprecations')
#2 D:\\laragon\\www\\PPID-PKTJ\\vendor\\laravel\\framework\\src\\Illuminate\\Log\\LogManager.php(101): Illuminate\\Log\\LogManager->driver('deprecations')
#3 D:\\laragon\\www\\PPID-PKTJ\\vendor\\laravel\\framework\\src\\Illuminate\\Foundation\\Bootstrap\\HandleExceptions.php(104): Illuminate\\Log\\LogManager->channel('deprecations')
#4 D:\\laragon\\www\\PPID-PKTJ\\vendor\\laravel\\framework\\src\\Illuminate\\Foundation\\Bootstrap\\HandleExceptions.php(71): Illuminate\\Foundation\\Bootstrap\\HandleExceptions->handleDeprecation('mb_strpos(): Pa...', 'D:\\\\laragon\\\\www\\\\...', 197)
#5 [internal function]: Illuminate\\Foundation\\Bootstrap\\HandleExceptions->handleError(8192, 'mb_strpos(): Pa...', 'D:\\\\laragon\\\\www\\\\...', 197)
#6 D:\\laragon\\www\\PPID-PKTJ\\vendor\\laravel\\framework\\src\\Illuminate\\Support\\Str.php(197): mb_strpos(NULL, 'prosedur')
#7 D:\\laragon\\www\\PPID-PKTJ\\vendor\\laravel\\framework\\src\\Illuminate\\Foundation\\Console\\RouteListCommand.php(188): Illuminate\\Support\\Str::contains(NULL, 'prosedur')
#8 D:\\laragon\\www\\PPID-PKTJ\\vendor\\laravel\\framework\\src\\Illuminate\\Foundation\\Console\\RouteListCommand.php(113): Illuminate\\Foundation\\Console\\RouteListCommand->filterRoute(Array)
#9 D:\\laragon\\www\\PPID-PKTJ\\vendor\\laravel\\framework\\src\\Illuminate\\Foundation\\Console\\RouteListCommand.php(91): Illuminate\\Foundation\\Console\\RouteListCommand->getRouteInformation(Object(Illuminate\\Routing\\Route))
#10 [internal function]: Illuminate\\Foundation\\Console\\RouteListCommand->Illuminate\\Foundation\\Console\\{closure}(Object(Illuminate\\Routing\\Route), 145)
#11 D:\\laragon\\www\\PPID-PKTJ\\vendor\\laravel\\framework\\src\\Illuminate\\Collections\\Collection.php(695): array_map(Object(Closure), Array, Array)
#12 D:\\laragon\\www\\PPID-PKTJ\\vendor\\laravel\\framework\\src\\Illuminate\\Foundation\\Console\\RouteListCommand.php(90): Illuminate\\Support\\Collection->map(Object(Closure))
#13 D:\\laragon\\www\\PPID-PKTJ\\vendor\\laravel\\framework\\src\\Illuminate\\Foundation\\Console\\RouteListCommand.php(76): Illuminate\\Foundation\\Console\\RouteListCommand->getRoutes()
#14 D:\\laragon\\www\\PPID-PKTJ\\vendor\\laravel\\framework\\src\\Illuminate\\Container\\BoundMethod.php(36): Illuminate\\Foundation\\Console\\RouteListCommand->handle()
#15 D:\\laragon\\www\\PPID-PKTJ\\vendor\\laravel\\framework\\src\\Illuminate\\Container\\Util.php(40): Illuminate\\Container\\BoundMethod::Illuminate\\Container\\{closure}()
#16 D:\\laragon\\www\\PPID-PKTJ\\vendor\\laravel\\framework\\src\\Illuminate\\Container\\BoundMethod.php(93): Illuminate\\Container\\Util::unwrapIfClosure(Object(Closure))
#17 D:\\laragon\\www\\PPID-PKTJ\\vendor\\laravel\\framework\\src\\Illuminate\\Container\\BoundMethod.php(35): Illuminate\\Container\\BoundMethod::callBoundMethod(Object(Illuminate\\Foundation\\Application), Array, Object(Closure))
#18 D:\\laragon\\www\\PPID-PKTJ\\vendor\\laravel\\framework\\src\\Illuminate\\Container\\Container.php(653): Illuminate\\Container\\BoundMethod::call(Object(Illuminate\\Foundation\\Application), Array, Array, NULL)
#19 D:\\laragon\\www\\PPID-PKTJ\\vendor\\laravel\\framework\\src\\Illuminate\\Console\\Command.php(136): Illuminate\\Container\\Container->call(Array)
#20 D:\\laragon\\www\\PPID-PKTJ\\vendor\\symfony\\console\\Command\\Command.php(298): Illuminate\\Console\\Command->execute(Object(Symfony\\Component\\Console\\Input\\ArgvInput), Object(Illuminate\\Console\\OutputStyle))
#21 D:\\laragon\\www\\PPID-PKTJ\\vendor\\laravel\\framework\\src\\Illuminate\\Console\\Command.php(120): Symfony\\Component\\Console\\Command\\Command->run(Object(Symfony\\Component\\Console\\Input\\ArgvInput), Object(Illuminate\\Console\\OutputStyle))
#22 D:\\laragon\\www\\PPID-PKTJ\\vendor\\symfony\\console\\Application.php(1040): Illuminate\\Console\\Command->run(Object(Symfony\\Component\\Console\\Input\\ArgvInput), Object(Symfony\\Component\\Console\\Output\\ConsoleOutput))
#23 D:\\laragon\\www\\PPID-PKTJ\\vendor\\symfony\\console\\Application.php(301): Symfony\\Component\\Console\\Application->doRunCommand(Object(Illuminate\\Foundation\\Console\\RouteListCommand), Object(Symfony\\Component\\Console\\Input\\ArgvInput), Object(Symfony\\Component\\Console\\Output\\ConsoleOutput))
#24 D:\\laragon\\www\\PPID-PKTJ\\vendor\\symfony\\console\\Application.php(171): Symfony\\Component\\Console\\Application->doRun(Object(Symfony\\Component\\Console\\Input\\ArgvInput), Object(Symfony\\Component\\Console\\Output\\ConsoleOutput))
#25 D:\\laragon\\www\\PPID-PKTJ\\vendor\\laravel\\framework\\src\\Illuminate\\Console\\Application.php(94): Symfony\\Component\\Console\\Application->run(Object(Symfony\\Component\\Console\\Input\\ArgvInput), Object(Symfony\\Component\\Console\\Output\\ConsoleOutput))
#26 D:\\laragon\\www\\PPID-PKTJ\\vendor\\laravel\\framework\\src\\Illuminate\\Foundation\\Console\\Kernel.php(129): Illuminate\\Console\\Application->run(Object(Symfony\\Component\\Console\\Input\\ArgvInput), Object(Symfony\\Component\\Console\\Output\\ConsoleOutput))
#27 D:\\laragon\\www\\PPID-PKTJ\\artisan(17): Illuminate\\Foundation\\Console\\Kernel->handle(Object(Symfony\\Component\\Console\\Input\\ArgvInput), Object(Symfony\\Component\\Console\\Output\\ConsoleOutput))
#28 {main}
"} 
[2026-09-09 04:53:05] laravel.WARNING: mb_strpos(): Passing null to parameter #1 ($haystack) of type string is deprecated in D:\laragon\www\PPID-PKTJ\vendor\laravel\framework\src\Illuminate\Support\Str.php on line 197  
[2026-09-09 04:53:06] laravel.EMERGENCY: Unable to create configured logger. Using emergency logger. {"exception":"[object] (InvalidArgumentException(code: 0): Log [deprecations] is not defined. at D:\\laragon\\www\\PPID-PKTJ\\vendor\\laravel\\framework\\src\\Illuminate\\Log\\LogManager.php:200)
[stacktrace]
#0 D:\\laragon\\www\\PPID-PKTJ\\vendor\\laravel\\framework\\src\\Illuminate\\Log\\LogManager.php(125): Illuminate\\Log\\LogManager->resolve('deprecations', NULL)
#1 D:\\laragon\\www\\PPID-PKTJ\\vendor\\laravel\\framework\\src\\Illuminate\\Log\\LogManager.php(112): Illuminate\\Log\\LogManager->get('deprecations')
#2 D:\\laragon\\www\\PPID-PKTJ\\vendor\\laravel\\framework\\src\\Illuminate\\Log\\LogManager.php(101): Illuminate\\Log\\LogManager->driver('deprecations')
#3 D:\\laragon\\www\\PPID-PKTJ\\vendor\\laravel\\framework\\src\\Illuminate\\Foundation\\Bootstrap\\HandleExceptions.php(104): Illuminate\\Log\\LogManager->channel('deprecations')
#4 D:\\laragon\\www\\PPID-PKTJ\\vendor\\laravel\\framework\\src\\Illuminate\\Foundation\\Bootstrap\\HandleExceptions.php(71): Illuminate\\Foundation\\Bootstrap\\HandleExceptions->handleDeprecation('mb_strpos(): Pa...', 'D:\\\\laragon\\\\www\\\\...', 197)
#5 [internal function]: Illuminate\\Foundation\\Bootstrap\\HandleExceptions->handleError(8192, 'mb_strpos(): Pa...', 'D:\\\\laragon\\\\www\\\\...', 197)
#6 D:\\laragon\\www\\PPID-PKTJ\\vendor\\laravel\\framework\\src\\Illuminate\\Support\\Str.php(197): mb_strpos(NULL, 'prosedur')
#7 D:\\laragon\\www\\PPID-PKTJ\\vendor\\laravel\\framework\\src\\Illuminate\\Foundation\\Console\\RouteListCommand.php(188): Illuminate\\Support\\Str::contains(NULL, 'prosedur')
#8 D:\\laragon\\www\\PPID-PKTJ\\vendor\\laravel\\framework\\src\\Illuminate\\Foundation\\Console\\RouteListCommand.php(113): Illuminate\\Foundation\\Console\\RouteListCommand->filterRoute(Array)
#9 D:\\laragon\\www\\PPID-PKTJ\\vendor\\laravel\\framework\\src\\Illuminate\\Foundation\\Console\\RouteListCommand.php(91): Illuminate\\Foundation\\Console\\RouteListCommand->getRouteInformation(Object(Illuminate\\Routing\\Route))
#10 [internal function]: Illuminate\\Foundation\\Console\\RouteListCommand->Illuminate\\Foundation\\Console\\{closure}(Object(Illuminate\\Routing\\Route), 165)
#11 D:\\laragon\\www\\PPID-PKTJ\\vendor\\laravel\\framework\\src\\Illuminate\\Collections\\Collection.php(695): array_map(Object(Closure), Array, Array)
#12 D:\\laragon\\www\\PPID-PKTJ\\vendor\\laravel\\framework\\src\\Illuminate\\Foundation\\Console\\RouteListCommand.php(90): Illuminate\\Support\\Collection->map(Object(Closure))
#13 D:\\laragon\\www\\PPID-PKTJ\\vendor\\laravel\\framework\\src\\Illuminate\\Foundation\\Console\\RouteListCommand.php(76): Illuminate\\Foundation\\Console\\RouteListCommand->getRoutes()
#14 D:\\laragon\\www\\PPID-PKTJ\\vendor\\laravel\\framework\\src\\Illuminate\\Container\\BoundMethod.php(36): Illuminate\\Foundation\\Console\\RouteListCommand->handle()
#15 D:\\laragon\\www\\PPID-PKTJ\\vendor\\laravel\\framework\\src\\Illuminate\\Container\\Util.php(40): Illuminate\\Container\\BoundMethod::Illuminate\\Container\\{closure}()
#16 D:\\laragon\\www\\PPID-PKTJ\\vendor\\laravel\\framework\\src\\Illuminate\\Container\\BoundMethod.php(93): Illuminate\\Container\\Util::unwrapIfClosure(Object(Closure))
#17 D:\\laragon\\www\\PPID-PKTJ\\vendor\\laravel\\framework\\src\\Illuminate\\Container\\BoundMethod.php(35): Illuminate\\Container\\BoundMethod::callBoundMethod(Object(Illuminate\\Foundation\\Application), Array, Object(Closure))
#18 D:\\laragon\\www\\PPID-PKTJ\\vendor\\laravel\\framework\\src\\Illuminate\\Container\\Container.php(653): Illuminate\\Container\\BoundMethod::call(Object(Illuminate\\Foundation\\Application), Array, Array, NULL)
#19 D:\\laragon\\www\\PPID-PKTJ\\vendor\\laravel\\framework\\src\\Illuminate\\Console\\Command.php(136): Illuminate\\Container\\Container->call(Array)
#20 D:\\laragon\\www\\PPID-PKTJ\\vendor\\symfony\\console\\Command\\Command.php(298): Illuminate\\Console\\Command->execute(Object(Symfony\\Component\\Console\\Input\\ArgvInput), Object(Illuminate\\Console\\OutputStyle))
#21 D:\\laragon\\www\\PPID-PKTJ\\vendor\\laravel\\framework\\src\\Illuminate\\Console\\Command.php(120): Symfony\\Component\\Console\\Command\\Command->run(Object(Symfony\\Component\\Console\\Input\\ArgvInput), Object(Illuminate\\Console\\OutputStyle))
#22 D:\\laragon\\www\\PPID-PKTJ\\vendor\\symfony\\console\\Application.php(1040): Illuminate\\Console\\Command->run(Object(Symfony\\Component\\Console\\Input\\ArgvInput), Object(Symfony\\Component\\Console\\Output\\ConsoleOutput))
#23 D:\\laragon\\www\\PPID-PKTJ\\vendor\\symfony\\console\\Application.php(301): Symfony\\Component\\Console\\Application->doRunCommand(Object(Illuminate\\Foundation\\Console\\RouteListCommand), Object(Symfony\\Component\\Console\\Input\\ArgvInput), Object(Symfony\\Component\\Console\\Output\\ConsoleOutput))
#24 D:\\laragon\\www\\PPID-PKTJ\\vendor\\symfony\\console\\Application.php(171): Symfony\\Component\\Console\\Application->doRun(Object(Symfony\\Component\\Console\\Input\\ArgvInput), Object(Symfony\\Component\\Console\\Output\\ConsoleOutput))
#25 D:\\laragon\\www\\PPID-PKTJ\\vendor\\laravel\\framework\\src\\Illuminate\\Console\\Application.php(94): Symfony\\Component\\Console\\Application->run(Object(Symfony\\Component\\Console\\Input\\ArgvInput), Object(Symfony\\Component\\Console\\Output\\ConsoleOutput))
#26 D:\\laragon\\www\\PPID-PKTJ\\vendor\\laravel\\framework\\src\\Illuminate\\Foundation\\Console\\Kernel.php(129): Illuminate\\Console\\Application->run(Object(Symfony\\Component\\Console\\Input\\ArgvInput), Object(Symfony\\Component\\Console\\Output\\ConsoleOutput))
#27 D:\\laragon\\www\\PPID-PKTJ\\artisan(17): Illuminate\\Foundation\\Console\\Kernel->handle(Object(Symfony\\Component\\Console\\Input\\ArgvInput), Object(Symfony\\Component\\Console\\Output\\ConsoleOutput))
#28 {main}
"} 
[2026-09-09 04:53:06] laravel.WARNING: mb_strpos(): Passing null to parameter #1 ($haystack) of type string is deprecated in D:\laragon\www\PPID-PKTJ\vendor\laravel\framework\src\Illuminate\Support\Str.php on line 197  
[2026-09-09 04:53:07] laravel.EMERGENCY: Unable to create configured logger. Using emergency logger. {"exception":"[object] (InvalidArgumentException(code: 0): Log [deprecations] is not defined. at D:\\laragon\\www\\PPID-PKTJ\\vendor\\laravel\\framework\\src\\Illuminate\\Log\\LogManager.php:200)
[stacktrace]
#0 D:\\laragon\\www\\PPID-PKTJ\\vendor\\laravel\\framework\\src\\Illuminate\\Log\\LogManager.php(125): Illuminate\\Log\\LogManager->resolve('deprecations', NULL)
#1 D:\\laragon\\www\\PPID-PKTJ\\vendor\\laravel\\framework\\src\\Illuminate\\Log\\LogManager.php(112): Illuminate\\Log\\LogManager->get('deprecations')
#2 D:\\laragon\\www\\PPID-PKTJ\\vendor\\laravel\\framework\\src\\Illuminate\\Log\\LogManager.php(101): Illuminate\\Log\\LogManager->driver('deprecations')
#3 D:\\laragon\\www\\PPID-PKTJ\\vendor\\laravel\\framework\\src\\Illuminate\\Foundation\\Bootstrap\\HandleExceptions.php(104): Illuminate\\Log\\LogManager->channel('deprecations')
#4 D:\\laragon\\www\\PPID-PKTJ\\vendor\\laravel\\framework\\src\\Illuminate\\Foundation\\Bootstrap\\HandleExceptions.php(71): Illuminate\\Foundation\\Bootstrap\\HandleExceptions->handleDeprecation('mb_strpos(): Pa...', 'D:\\\\laragon\\\\www\\\\...', 197)
#5 [internal function]: Illuminate\\Foundation\\Bootstrap\\HandleExceptions->handleError(8192, 'mb_strpos(): Pa...', 'D:\\\\laragon\\\\www\\\\...', 197)
#6 D:\\laragon\\www\\PPID-PKTJ\\vendor\\laravel\\framework\\src\\Illuminate\\Support\\Str.php(197): mb_strpos(NULL, 'prosedur')
#7 D:\\laragon\\www\\PPID-PKTJ\\vendor\\laravel\\framework\\src\\Illuminate\\Foundation\\Console\\RouteListCommand.php(188): Illuminate\\Support\\Str::contains(NULL, 'prosedur')
#8 D:\\laragon\\www\\PPID-PKTJ\\vendor\\laravel\\framework\\src\\Illuminate\\Foundation\\Console\\RouteListCommand.php(113): Illuminate\\Foundation\\Console\\RouteListCommand->filterRoute(Array)
#9 D:\\laragon\\www\\PPID-PKTJ\\vendor\\laravel\\framework\\src\\Illuminate\\Foundation\\Console\\RouteListCommand.php(91): Illuminate\\Foundation\\Console\\RouteListCommand->getRouteInformation(Object(Illuminate\\Routing\\Route))
#10 [internal function]: Illuminate\\Foundation\\Console\\RouteListCommand->Illuminate\\Foundation\\Console\\{closure}(Object(Illuminate\\Routing\\Route), 270)
#11 D:\\laragon\\www\\PPID-PKTJ\\vendor\\laravel\\framework\\src\\Illuminate\\Collections\\Collection.php(695): array_map(Object(Closure), Array, Array)
#12 D:\\laragon\\www\\PPID-PKTJ\\vendor\\laravel\\framework\\src\\Illuminate\\Foundation\\Console\\RouteListCommand.php(90): Illuminate\\Support\\Collection->map(Object(Closure))
#13 D:\\laragon\\www\\PPID-PKTJ\\vendor\\laravel\\framework\\src\\Illuminate\\Foundation\\Console\\RouteListCommand.php(76): Illuminate\\Foundation\\Console\\RouteListCommand->getRoutes()
#14 D:\\laragon\\www\\PPID-PKTJ\\vendor\\laravel\\framework\\src\\Illuminate\\Container\\BoundMethod.php(36): Illuminate\\Foundation\\Console\\RouteListCommand->handle()
#15 D:\\laragon\\www\\PPID-PKTJ\\vendor\\laravel\\framework\\src\\Illuminate\\Container\\Util.php(40): Illuminate\\Container\\BoundMethod::Illuminate\\Container\\{closure}()
#16 D:\\laragon\\www\\PPID-PKTJ\\vendor\\laravel\\framework\\src\\Illuminate\\Container\\BoundMethod.php(93): Illuminate\\Container\\Util::unwrapIfClosure(Object(Closure))
#17 D:\\laragon\\www\\PPID-PKTJ\\vendor\\laravel\\framework\\src\\Illuminate\\Container\\BoundMethod.php(35): Illuminate\\Container\\BoundMethod::callBoundMethod(Object(Illuminate\\Foundation\\Application), Array, Object(Closure))
#18 D:\\laragon\\www\\PPID-PKTJ\\vendor\\laravel\\framework\\src\\Illuminate\\Container\\Container.php(653): Illuminate\\Container\\BoundMethod::call(Object(Illuminate\\Foundation\\Application), Array, Array, NULL)
#19 D:\\laragon\\www\\PPID-PKTJ\\vendor\\laravel\\framework\\src\\Illuminate\\Console\\Command.php(136): Illuminate\\Container\\Container->call(Array)
#20 D:\\laragon\\www\\PPID-PKTJ\\vendor\\symfony\\console\\Command\\Command.php(298): Illuminate\\Console\\Command->execute(Object(Symfony\\Component\\Console\\Input\\ArgvInput), Object(Illuminate\\Console\\OutputStyle))
#21 D:\\laragon\\www\\PPID-PKTJ\\vendor\\laravel\\framework\\src\\Illuminate\\Console\\Command.php(120): Symfony\\Component\\Console\\Command\\Command->run(Object(Symfony\\Component\\Console\\Input\\ArgvInput), Object(Illuminate\\Console\\OutputStyle))
#22 D:\\laragon\\www\\PPID-PKTJ\\vendor\\symfony\\console\\Application.php(1040): Illuminate\\Console\\Command->run(Object(Symfony\\Component\\Console\\Input\\ArgvInput), Object(Symfony\\Component\\Console\\Output\\ConsoleOutput))
#23 D:\\laragon\\www\\PPID-PKTJ\\vendor\\symfony\\console\\Application.php(301): Symfony\\Component\\Console\\Application->doRunCommand(Object(Illuminate\\Foundation\\Console\\RouteListCommand), Object(Symfony\\Component\\Console\\Input\\ArgvInput), Object(Symfony\\Component\\Console\\Output\\ConsoleOutput))
#24 D:\\laragon\\www\\PPID-PKTJ\\vendor\\symfony\\console\\Application.php(171): Symfony\\Component\\Console\\Application->doRun(Object(Symfony\\Component\\Console\\Input\\ArgvInput), Object(Symfony\\Component\\Console\\Output\\ConsoleOutput))
#25 D:\\laragon\\www\\PPID-PKTJ\\vendor\\laravel\\framework\\src\\Illuminate\\Console\\Application.php(94): Symfony\\Component\\Console\\Application->run(Object(Symfony\\Component\\Console\\Input\\ArgvInput), Object(Symfony\\Component\\Console\\Output\\ConsoleOutput))
#26 D:\\laragon\\www\\PPID-PKTJ\\vendor\\laravel\\framework\\src\\Illuminate\\Foundation\\Console\\Kernel.php(129): Illuminate\\Console\\Application->run(Object(Symfony\\Component\\Console\\Input\\ArgvInput), Object(Symfony\\Component\\Console\\Output\\ConsoleOutput))
#27 D:\\laragon\\www\\PPID-PKTJ\\artisan(17): Illuminate\\Foundation\\Console\\Kernel->handle(Object(Symfony\\Component\\Console\\Input\\ArgvInput), Object(Symfony\\Component\\Console\\Output\\ConsoleOutput))
#28 {main}
"} 
[2026-09-09 04:53:07] laravel.WARNING: mb_strpos(): Passing null to parameter #1 ($haystack) of type string is deprecated in D:\laragon\www\PPID-PKTJ\vendor\laravel\framework\src\Illuminate\Support\Str.php on line 197  
[2026-09-09 04:53:07] laravel.EMERGENCY: Unable to create configured logger. Using emergency logger. {"exception":"[object] (InvalidArgumentException(code: 0): Log [deprecations] is not defined. at D:\\laragon\\www\\PPID-PKTJ\\vendor\\laravel\\framework\\src\\Illuminate\\Log\\LogManager.php:200)
[stacktrace]
#0 D:\\laragon\\www\\PPID-PKTJ\\vendor\\laravel\\framework\\src\\Illuminate\\Log\\LogManager.php(125): Illuminate\\Log\\LogManager->resolve('deprecations', NULL)
#1 D:\\laragon\\www\\PPID-PKTJ\\vendor\\laravel\\framework\\src\\Illuminate\\Log\\LogManager.php(112): Illuminate\\Log\\LogManager->get('deprecations')
#2 D:\\laragon\\www\\PPID-PKTJ\\vendor\\laravel\\framework\\src\\Illuminate\\Log\\LogManager.php(101): Illuminate\\Log\\LogManager->driver('deprecations')
#3 D:\\laragon\\www\\PPID-PKTJ\\vendor\\laravel\\framework\\src\\Illuminate\\Foundation\\Bootstrap\\HandleExceptions.php(104): Illuminate\\Log\\LogManager->channel('deprecations')
#4 D:\\laragon\\www\\PPID-PKTJ\\vendor\\laravel\\framework\\src\\Illuminate\\Foundation\\Bootstrap\\HandleExceptions.php(71): Illuminate\\Foundation\\Bootstrap\\HandleExceptions->handleDeprecation('mb_strpos(): Pa...', 'D:\\\\laragon\\\\www\\\\...', 197)
#5 [internal function]: Illuminate\\Foundation\\Bootstrap\\HandleExceptions->handleError(8192, 'mb_strpos(): Pa...', 'D:\\\\laragon\\\\www\\\\...', 197)
#6 D:\\laragon\\www\\PPID-PKTJ\\vendor\\laravel\\framework\\src\\Illuminate\\Support\\Str.php(197): mb_strpos(NULL, 'prosedur')
#7 D:\\laragon\\www\\PPID-PKTJ\\vendor\\laravel\\framework\\src\\Illuminate\\Foundation\\Console\\RouteListCommand.php(188): Illuminate\\Support\\Str::contains(NULL, 'prosedur')
#8 D:\\laragon\\www\\PPID-PKTJ\\vendor\\laravel\\framework\\src\\Illuminate\\Foundation\\Console\\RouteListCommand.php(113): Illuminate\\Foundation\\Console\\RouteListCommand->filterRoute(Array)
#9 D:\\laragon\\www\\PPID-PKTJ\\vendor\\laravel\\framework\\src\\Illuminate\\Foundation\\Console\\RouteListCommand.php(91): Illuminate\\Foundation\\Console\\RouteListCommand->getRouteInformation(Object(Illuminate\\Routing\\Route))
#10 [internal function]: Illuminate\\Foundation\\Console\\RouteListCommand->Illuminate\\Foundation\\Console\\{closure}(Object(Illuminate\\Routing\\Route), 271)
#11 D:\\laragon\\www\\PPID-PKTJ\\vendor\\laravel\\framework\\src\\Illuminate\\Collections\\Collection.php(695): array_map(Object(Closure), Array, Array)
#12 D:\\laragon\\www\\PPID-PKTJ\\vendor\\laravel\\framework\\src\\Illuminate\\Foundation\\Console\\RouteListCommand.php(90): Illuminate\\Support\\Collection->map(Object(Closure))
#13 D:\\laragon\\www\\PPID-PKTJ\\vendor\\laravel\\framework\\src\\Illuminate\\Foundation\\Console\\RouteListCommand.php(76): Illuminate\\Foundation\\Console\\RouteListCommand->getRoutes()
#14 D:\\laragon\\www\\PPID-PKTJ\\vendor\\laravel\\framework\\src\\Illuminate\\Container\\BoundMethod.php(36): Illuminate\\Foundation\\Console\\RouteListCommand->handle()
#15 D:\\laragon\\www\\PPID-PKTJ\\vendor\\laravel\\framework\\src\\Illuminate\\Container\\Util.php(40): Illuminate\\Container\\BoundMethod::Illuminate\\Container\\{closure}()
#16 D:\\laragon\\www\\PPID-PKTJ\\vendor\\laravel\\framework\\src\\Illuminate\\Container\\BoundMethod.php(93): Illuminate\\Container\\Util::unwrapIfClosure(Object(Closure))
#17 D:\\laragon\\www\\PPID-PKTJ\\vendor\\laravel\\framework\\src\\Illuminate\\Container\\BoundMethod.php(35): Illuminate\\Container\\BoundMethod::callBoundMethod(Object(Illuminate\\Foundation\\Application), Array, Object(Closure))
#18 D:\\laragon\\www\\PPID-PKTJ\\vendor\\laravel\\framework\\src\\Illuminate\\Container\\Container.php(653): Illuminate\\Container\\BoundMethod::call(Object(Illuminate\\Foundation\\Application), Array, Array, NULL)
#19 D:\\laragon\\www\\PPID-PKTJ\\vendor\\laravel\\framework\\src\\Illuminate\\Console\\Command.php(136): Illuminate\\Container\\Container->call(Array)
#20 D:\\laragon\\www\\PPID-PKTJ\\vendor\\symfony\\console\\Command\\Command.php(298): Illuminate\\Console\\Command->execute(Object(Symfony\\Component\\Console\\Input\\ArgvInput), Object(Illuminate\\Console\\OutputStyle))
#21 D:\\laragon\\www\\PPID-PKTJ\\vendor\\laravel\\framework\\src\\Illuminate\\Console\\Command.php(120): Symfony\\Component\\Console\\Command\\Command->run(Object(Symfony\\Component\\Console\\Input\\ArgvInput), Object(Illuminate\\Console\\OutputStyle))
#22 D:\\laragon\\www\\PPID-PKTJ\\vendor\\symfony\\console\\Application.php(1040): Illuminate\\Console\\Command->run(Object(Symfony\\Component\\Console\\Input\\ArgvInput), Object(Symfony\\Component\\Console\\Output\\ConsoleOutput))
#23 D:\\laragon\\www\\PPID-PKTJ\\vendor\\symfony\\console\\Application.php(301): Symfony\\Component\\Console\\Application->doRunCommand(Object(Illuminate\\Foundation\\Console\\RouteListCommand), Object(Symfony\\Component\\Console\\Input\\ArgvInput), Object(Symfony\\Component\\Console\\Output\\ConsoleOutput))
#24 D:\\laragon\\www\\PPID-PKTJ\\vendor\\symfony\\console\\Application.php(171): Symfony\\Component\\Console\\Application->doRun(Object(Symfony\\Component\\Console\\Input\\ArgvInput), Object(Symfony\\Component\\Console\\Output\\ConsoleOutput))
#25 D:\\laragon\\www\\PPID-PKTJ\\vendor\\laravel\\framework\\src\\Illuminate\\Console\\Application.php(94): Symfony\\Component\\Console\\Application->run(Object(Symfony\\Component\\Console\\Input\\ArgvInput), Object(Symfony\\Component\\Console\\Output\\ConsoleOutput))
#26 D:\\laragon\\www\\PPID-PKTJ\\vendor\\laravel\\framework\\src\\Illuminate\\Foundation\\Console\\Kernel.php(129): Illuminate\\Console\\Application->run(Object(Symfony\\Component\\Console\\Input\\ArgvInput), Object(Symfony\\Component\\Console\\Output\\ConsoleOutput))
#27 D:\\laragon\\www\\PPID-PKTJ\\artisan(17): Illuminate\\Foundation\\Console\\Kernel->handle(Object(Symfony\\Component\\Console\\Input\\ArgvInput), Object(Symfony\\Component\\Console\\Output\\ConsoleOutput))
#28 {main}
"} 
[2026-09-09 04:53:07] laravel.WARNING: mb_strpos(): Passing null to parameter #1 ($haystack) of type string is deprecated in D:\laragon\www\PPID-PKTJ\vendor\laravel\framework\src\Illuminate\Support\Str.php on line 197  
[2026-09-09 04:53:07] laravel.EMERGENCY: Unable to create configured logger. Using emergency logger. {"exception":"[object] (InvalidArgumentException(code: 0): Log [deprecations] is not defined. at D:\\laragon\\www\\PPID-PKTJ\\vendor\\laravel\\framework\\src\\Illuminate\\Log\\LogManager.php:200)
[stacktrace]
#0 D:\\laragon\\www\\PPID-PKTJ\\vendor\\laravel\\framework\\src\\Illuminate\\Log\\LogManager.php(125): Illuminate\\Log\\LogManager->resolve('deprecations', NULL)
#1 D:\\laragon\\www\\PPID-PKTJ\\vendor\\laravel\\framework\\src\\Illuminate\\Log\\LogManager.php(112): Illuminate\\Log\\LogManager->get('deprecations')
#2 D:\\laragon\\www\\PPID-PKTJ\\vendor\\laravel\\framework\\src\\Illuminate\\Log\\LogManager.php(101): Illuminate\\Log\\LogManager->driver('deprecations')
#3 D:\\laragon\\www\\PPID-PKTJ\\vendor\\laravel\\framework\\src\\Illuminate\\Foundation\\Bootstrap\\HandleExceptions.php(104): Illuminate\\Log\\LogManager->channel('deprecations')
#4 D:\\laragon\\www\\PPID-PKTJ\\vendor\\laravel\\framework\\src\\Illuminate\\Foundation\\Bootstrap\\HandleExceptions.php(71): Illuminate\\Foundation\\Bootstrap\\HandleExceptions->handleDeprecation('mb_strpos(): Pa...', 'D:\\\\laragon\\\\www\\\\...', 197)
#5 [internal function]: Illuminate\\Foundation\\Bootstrap\\HandleExceptions->handleError(8192, 'mb_strpos(): Pa...', 'D:\\\\laragon\\\\www\\\\...', 197)
#6 D:\\laragon\\www\\PPID-PKTJ\\vendor\\laravel\\framework\\src\\Illuminate\\Support\\Str.php(197): mb_strpos(NULL, 'prosedur')
#7 D:\\laragon\\www\\PPID-PKTJ\\vendor\\laravel\\framework\\src\\Illuminate\\Foundation\\Console\\RouteListCommand.php(188): Illuminate\\Support\\Str::contains(NULL, 'prosedur')
#8 D:\\laragon\\www\\PPID-PKTJ\\vendor\\laravel\\framework\\src\\Illuminate\\Foundation\\Console\\RouteListCommand.php(113): Illuminate\\Foundation\\Console\\RouteListCommand->filterRoute(Array)
#9 D:\\laragon\\www\\PPID-PKTJ\\vendor\\laravel\\framework\\src\\Illuminate\\Foundation\\Console\\RouteListCommand.php(91): Illuminate\\Foundation\\Console\\RouteListCommand->getRouteInformation(Object(Illuminate\\Routing\\Route))
#10 [internal function]: Illuminate\\Foundation\\Console\\RouteListCommand->Illuminate\\Foundation\\Console\\{closure}(Object(Illuminate\\Routing\\Route), 272)
#11 D:\\laragon\\www\\PPID-PKTJ\\vendor\\laravel\\framework\\src\\Illuminate\\Collections\\Collection.php(695): array_map(Object(Closure), Array, Array)
#12 D:\\laragon\\www\\PPID-PKTJ\\vendor\\laravel\\framework\\src\\Illuminate\\Foundation\\Console\\RouteListCommand.php(90): Illuminate\\Support\\Collection->map(Object(Closure))
#13 D:\\laragon\\www\\PPID-PKTJ\\vendor\\laravel\\framework\\src\\Illuminate\\Foundation\\Console\\RouteListCommand.php(76): Illuminate\\Foundation\\Console\\RouteListCommand->getRoutes()
#14 D:\\laragon\\www\\PPID-PKTJ\\vendor\\laravel\\framework\\src\\Illuminate\\Container\\BoundMethod.php(36): Illuminate\\Foundation\\Console\\RouteListCommand->handle()
#15 D:\\laragon\\www\\PPID-PKTJ\\vendor\\laravel\\framework\\src\\Illuminate\\Container\\Util.php(40): Illuminate\\Container\\BoundMethod::Illuminate\\Container\\{closure}()
#16 D:\\laragon\\www\\PPID-PKTJ\\vendor\\laravel\\framework\\src\\Illuminate\\Container\\BoundMethod.php(93): Illuminate\\Container\\Util::unwrapIfClosure(Object(Closure))
#17 D:\\laragon\\www\\PPID-PKTJ\\vendor\\laravel\\framework\\src\\Illuminate\\Container\\BoundMethod.php(35): Illuminate\\Container\\BoundMethod::callBoundMethod(Object(Illuminate\\Foundation\\Application), Array, Object(Closure))
#18 D:\\laragon\\www\\PPID-PKTJ\\vendor\\laravel\\framework\\src\\Illuminate\\Container\\Container.php(653): Illuminate\\Container\\BoundMethod::call(Object(Illuminate\\Foundation\\Application), Array, Array, NULL)
#19 D:\\laragon\\www\\PPID-PKTJ\\vendor\\laravel\\framework\\src\\Illuminate\\Console\\Command.php(136): Illuminate\\Container\\Container->call(Array)
#20 D:\\laragon\\www\\PPID-PKTJ\\vendor\\symfony\\console\\Command\\Command.php(298): Illuminate\\Console\\Command->execute(Object(Symfony\\Component\\Console\\Input\\ArgvInput), Object(Illuminate\\Console\\OutputStyle))
#21 D:\\laragon\\www\\PPID-PKTJ\\vendor\\laravel\\framework\\src\\Illuminate\\Console\\Command.php(120): Symfony\\Component\\Console\\Command\\Command->run(Object(Symfony\\Component\\Console\\Input\\ArgvInput), Object(Illuminate\\Console\\OutputStyle))
#22 D:\\laragon\\www\\PPID-PKTJ\\vendor\\symfony\\console\\Application.php(1040): Illuminate\\Console\\Command->run(Object(Symfony\\Component\\Console\\Input\\ArgvInput), Object(Symfony\\Component\\Console\\Output\\ConsoleOutput))
#23 D:\\laragon\\www\\PPID-PKTJ\\vendor\\symfony\\console\\Application.php(301): Symfony\\Component\\Console\\Application->doRunCommand(Object(Illuminate\\Foundation\\Console\\RouteListCommand), Object(Symfony\\Component\\Console\\Input\\ArgvInput), Object(Symfony\\Component\\Console\\Output\\ConsoleOutput))
#24 D:\\laragon\\www\\PPID-PKTJ\\vendor\\symfony\\console\\Application.php(171): Symfony\\Component\\Console\\Application->doRun(Object(Symfony\\Component\\Console\\Input\\ArgvInput), Object(Symfony\\Component\\Console\\Output\\ConsoleOutput))
#25 D:\\laragon\\www\\PPID-PKTJ\\vendor\\laravel\\framework\\src\\Illuminate\\Console\\Application.php(94): Symfony\\Component\\Console\\Application->run(Object(Symfony\\Component\\Console\\Input\\ArgvInput), Object(Symfony\\Component\\Console\\Output\\ConsoleOutput))
#26 D:\\laragon\\www\\PPID-PKTJ\\vendor\\laravel\\framework\\src\\Illuminate\\Foundation\\Console\\Kernel.php(129): Illuminate\\Console\\Application->run(Object(Symfony\\Component\\Console\\Input\\ArgvInput), Object(Symfony\\Component\\Console\\Output\\ConsoleOutput))
#27 D:\\laragon\\www\\PPID-PKTJ\\artisan(17): Illuminate\\Foundation\\Console\\Kernel->handle(Object(Symfony\\Component\\Console\\Input\\ArgvInput), Object(Symfony\\Component\\Console\\Output\\ConsoleOutput))
#28 {main}
"} 
[2026-09-09 04:53:07] laravel.WARNING: mb_strpos(): Passing null to parameter #1 ($haystack) of type string is deprecated in D:\laragon\www\PPID-PKTJ\vendor\laravel\framework\src\Illuminate\Support\Str.php on line 197  
[2026-09-09 04:53:07] laravel.EMERGENCY: Unable to create configured logger. Using emergency logger. {"exception":"[object] (InvalidArgumentException(code: 0): Log [deprecations] is not defined. at D:\\laragon\\www\\PPID-PKTJ\\vendor\\laravel\\framework\\src\\Illuminate\\Log\\LogManager.php:200)
[stacktrace]
#0 D:\\laragon\\www\\PPID-PKTJ\\vendor\\laravel\\framework\\src\\Illuminate\\Log\\LogManager.php(125): Illuminate\\Log\\LogManager->resolve('deprecations', NULL)
#1 D:\\laragon\\www\\PPID-PKTJ\\vendor\\laravel\\framework\\src\\Illuminate\\Log\\LogManager.php(112): Illuminate\\Log\\LogManager->get('deprecations')
#2 D:\\laragon\\www\\PPID-PKTJ\\vendor\\laravel\\framework\\src\\Illuminate\\Log\\LogManager.php(101): Illuminate\\Log\\LogManager->driver('deprecations')
#3 D:\\laragon\\www\\PPID-PKTJ\\vendor\\laravel\\framework\\src\\Illuminate\\Foundation\\Bootstrap\\HandleExceptions.php(104): Illuminate\\Log\\LogManager->channel('deprecations')
#4 D:\\laragon\\www\\PPID-PKTJ\\vendor\\laravel\\framework\\src\\Illuminate\\Foundation\\Bootstrap\\HandleExceptions.php(71): Illuminate\\Foundation\\Bootstrap\\HandleExceptions->handleDeprecation('mb_strpos(): Pa...', 'D:\\\\laragon\\\\www\\\\...', 197)
#5 [internal function]: Illuminate\\Foundation\\Bootstrap\\HandleExceptions->handleError(8192, 'mb_strpos(): Pa...', 'D:\\\\laragon\\\\www\\\\...', 197)
#6 D:\\laragon\\www\\PPID-PKTJ\\vendor\\laravel\\framework\\src\\Illuminate\\Support\\Str.php(197): mb_strpos(NULL, 'prosedur')
#7 D:\\laragon\\www\\PPID-PKTJ\\vendor\\laravel\\framework\\src\\Illuminate\\Foundation\\Console\\RouteListCommand.php(188): Illuminate\\Support\\Str::contains(NULL, 'prosedur')
#8 D:\\laragon\\www\\PPID-PKTJ\\vendor\\laravel\\framework\\src\\Illuminate\\Foundation\\Console\\RouteListCommand.php(113): Illuminate\\Foundation\\Console\\RouteListCommand->filterRoute(Array)
#9 D:\\laragon\\www\\PPID-PKTJ\\vendor\\laravel\\framework\\src\\Illuminate\\Foundation\\Console\\RouteListCommand.php(91): Illuminate\\Foundation\\Console\\RouteListCommand->getRouteInformation(Object(Illuminate\\Routing\\Route))
#10 [internal function]: Illuminate\\Foundation\\Console\\RouteListCommand->Illuminate\\Foundation\\Console\\{closure}(Object(Illuminate\\Routing\\Route), 273)
#11 D:\\laragon\\www\\PPID-PKTJ\\vendor\\laravel\\framework\\src\\Illuminate\\Collections\\Collection.php(695): array_map(Object(Closure), Array, Array)
#12 D:\\laragon\\www\\PPID-PKTJ\\vendor\\laravel\\framework\\src\\Illuminate\\Foundation\\Console\\RouteListCommand.php(90): Illuminate\\Support\\Collection->map(Object(Closure))
#13 D:\\laragon\\www\\PPID-PKTJ\\vendor\\laravel\\framework\\src\\Illuminate\\Foundation\\Console\\RouteListCommand.php(76): Illuminate\\Foundation\\Console\\RouteListCommand->getRoutes()
#14 D:\\laragon\\www\\PPID-PKTJ\\vendor\\laravel\\framework\\src\\Illuminate\\Container\\BoundMethod.php(36): Illuminate\\Foundation\\Console\\RouteListCommand->handle()
#15 D:\\laragon\\www\\PPID-PKTJ\\vendor\\laravel\\framework\\src\\Illuminate\\Container\\Util.php(40): Illuminate\\Container\\BoundMethod::Illuminate\\Container\\{closure}()
#16 D:\\laragon\\www\\PPID-PKTJ\\vendor\\laravel\\framework\\src\\Illuminate\\Container\\BoundMethod.php(93): Illuminate\\Container\\Util::unwrapIfClosure(Object(Closure))
#17 D:\\laragon\\www\\PPID-PKTJ\\vendor\\laravel\\framework\\src\\Illuminate\\Container\\BoundMethod.php(35): Illuminate\\Container\\BoundMethod::callBoundMethod(Object(Illuminate\\Foundation\\Application), Array, Object(Closure))
#18 D:\\laragon\\www\\PPID-PKTJ\\vendor\\laravel\\framework\\src\\Illuminate\\Container\\Container.php(653): Illuminate\\Container\\BoundMethod::call(Object(Illuminate\\Foundation\\Application), Array, Array, NULL)
#19 D:\\laragon\\www\\PPID-PKTJ\\vendor\\laravel\\framework\\src\\Illuminate\\Console\\Command.php(136): Illuminate\\Container\\Container->call(Array)
#20 D:\\laragon\\www\\PPID-PKTJ\\vendor\\symfony\\console\\Command\\Command.php(298): Illuminate\\Console\\Command->execute(Object(Symfony\\Component\\Console\\Input\\ArgvInput), Object(Illuminate\\Console\\OutputStyle))
#21 D:\\laragon\\www\\PPID-PKTJ\\vendor\\laravel\\framework\\src\\Illuminate\\Console\\Command.php(120): Symfony\\Component\\Console\\Command\\Command->run(Object(Symfony\\Component\\Console\\Input\\ArgvInput), Object(Illuminate\\Console\\OutputStyle))
#22 D:\\laragon\\www\\PPID-PKTJ\\vendor\\symfony\\console\\Application.php(1040): Illuminate\\Console\\Command->run(Object(Symfony\\Component\\Console\\Input\\ArgvInput), Object(Symfony\\Component\\Console\\Output\\ConsoleOutput))
#23 D:\\laragon\\www\\PPID-PKTJ\\vendor\\symfony\\console\\Application.php(301): Symfony\\Component\\Console\\Application->doRunCommand(Object(Illuminate\\Foundation\\Console\\RouteListCommand), Object(Symfony\\Component\\Console\\Input\\ArgvInput), Object(Symfony\\Component\\Console\\Output\\ConsoleOutput))
#24 D:\\laragon\\www\\PPID-PKTJ\\vendor\\symfony\\console\\Application.php(171): Symfony\\Component\\Console\\Application->doRun(Object(Symfony\\Component\\Console\\Input\\ArgvInput), Object(Symfony\\Component\\Console\\Output\\ConsoleOutput))
#25 D:\\laragon\\www\\PPID-PKTJ\\vendor\\laravel\\framework\\src\\Illuminate\\Console\\Application.php(94): Symfony\\Component\\Console\\Application->run(Object(Symfony\\Component\\Console\\Input\\ArgvInput), Object(Symfony\\Component\\Console\\Output\\ConsoleOutput))
#26 D:\\laragon\\www\\PPID-PKTJ\\vendor\\laravel\\framework\\src\\Illuminate\\Foundation\\Console\\Kernel.php(129): Illuminate\\Console\\Application->run(Object(Symfony\\Component\\Console\\Input\\ArgvInput), Object(Symfony\\Component\\Console\\Output\\ConsoleOutput))
#27 D:\\laragon\\www\\PPID-PKTJ\\artisan(17): Illuminate\\Foundation\\Console\\Kernel->handle(Object(Symfony\\Component\\Console\\Input\\ArgvInput), Object(Symfony\\Component\\Console\\Output\\ConsoleOutput))
#28 {main}
"} 
[2026-09-09 04:53:07] laravel.WARNING: mb_strpos(): Passing null to parameter #1 ($haystack) of type string is deprecated in D:\laragon\www\PPID-PKTJ\vendor\laravel\framework\src\Illuminate\Support\Str.php on line 197  
[2026-09-09 04:53:07] laravel.EMERGENCY: Unable to create configured logger. Using emergency logger. {"exception":"[object] (InvalidArgumentException(code: 0): Log [deprecations] is not defined. at D:\\laragon\\www\\PPID-PKTJ\\vendor\\laravel\\framework\\src\\Illuminate\\Log\\LogManager.php:200)
[stacktrace]
#0 D:\\laragon\\www\\PPID-PKTJ\\vendor\\laravel\\framework\\src\\Illuminate\\Log\\LogManager.php(125): Illuminate\\Log\\LogManager->resolve('deprecations', NULL)
#1 D:\\laragon\\www\\PPID-PKTJ\\vendor\\laravel\\framework\\src\\Illuminate\\Log\\LogManager.php(112): Illuminate\\Log\\LogManager->get('deprecations')
#2 D:\\laragon\\www\\PPID-PKTJ\\vendor\\laravel\\framework\\src\\Illuminate\\Log\\LogManager.php(101): Illuminate\\Log\\LogManager->driver('deprecations')
#3 D:\\laragon\\www\\PPID-PKTJ\\vendor\\laravel\\framework\\src\\Illuminate\\Foundation\\Bootstrap\\HandleExceptions.php(104): Illuminate\\Log\\LogManager->channel('deprecations')
#4 D:\\laragon\\www\\PPID-PKTJ\\vendor\\laravel\\framework\\src\\Illuminate\\Foundation\\Bootstrap\\HandleExceptions.php(71): Illuminate\\Foundation\\Bootstrap\\HandleExceptions->handleDeprecation('mb_strpos(): Pa...', 'D:\\\\laragon\\\\www\\\\...', 197)
#5 [internal function]: Illuminate\\Foundation\\Bootstrap\\HandleExceptions->handleError(8192, 'mb_strpos(): Pa...', 'D:\\\\laragon\\\\www\\\\...', 197)
#6 D:\\laragon\\www\\PPID-PKTJ\\vendor\\laravel\\framework\\src\\Illuminate\\Support\\Str.php(197): mb_strpos(NULL, 'prosedur')
#7 D:\\laragon\\www\\PPID-PKTJ\\vendor\\laravel\\framework\\src\\Illuminate\\Foundation\\Console\\RouteListCommand.php(188): Illuminate\\Support\\Str::contains(NULL, 'prosedur')
#8 D:\\laragon\\www\\PPID-PKTJ\\vendor\\laravel\\framework\\src\\Illuminate\\Foundation\\Console\\RouteListCommand.php(113): Illuminate\\Foundation\\Console\\RouteListCommand->filterRoute(Array)
#9 D:\\laragon\\www\\PPID-PKTJ\\vendor\\laravel\\framework\\src\\Illuminate\\Foundation\\Console\\RouteListCommand.php(91): Illuminate\\Foundation\\Console\\RouteListCommand->getRouteInformation(Object(Illuminate\\Routing\\Route))
#10 [internal function]: Illuminate\\Foundation\\Console\\RouteListCommand->Illuminate\\Foundation\\Console\\{closure}(Object(Illuminate\\Routing\\Route), 274)
#11 D:\\laragon\\www\\PPID-PKTJ\\vendor\\laravel\\framework\\src\\Illuminate\\Collections\\Collection.php(695): array_map(Object(Closure), Array, Array)
#12 D:\\laragon\\www\\PPID-PKTJ\\vendor\\laravel\\framework\\src\\Illuminate\\Foundation\\Console\\RouteListCommand.php(90): Illuminate\\Support\\Collection->map(Object(Closure))
#13 D:\\laragon\\www\\PPID-PKTJ\\vendor\\laravel\\framework\\src\\Illuminate\\Foundation\\Console\\RouteListCommand.php(76): Illuminate\\Foundation\\Console\\RouteListCommand->getRoutes()
#14 D:\\laragon\\www\\PPID-PKTJ\\vendor\\laravel\\framework\\src\\Illuminate\\Container\\BoundMethod.php(36): Illuminate\\Foundation\\Console\\RouteListCommand->handle()
#15 D:\\laragon\\www\\PPID-PKTJ\\vendor\\laravel\\framework\\src\\Illuminate\\Container\\Util.php(40): Illuminate\\Container\\BoundMethod::Illuminate\\Container\\{closure}()
#16 D:\\laragon\\www\\PPID-PKTJ\\vendor\\laravel\\framework\\src\\Illuminate\\Container\\BoundMethod.php(93): Illuminate\\Container\\Util::unwrapIfClosure(Object(Closure))
#17 D:\\laragon\\www\\PPID-PKTJ\\vendor\\laravel\\framework\\src\\Illuminate\\Container\\BoundMethod.php(35): Illuminate\\Container\\BoundMethod::callBoundMethod(Object(Illuminate\\Foundation\\Application), Array, Object(Closure))
#18 D:\\laragon\\www\\PPID-PKTJ\\vendor\\laravel\\framework\\src\\Illuminate\\Container\\Container.php(653): Illuminate\\Container\\BoundMethod::call(Object(Illuminate\\Foundation\\Application), Array, Array, NULL)
#19 D:\\laragon\\www\\PPID-PKTJ\\vendor\\laravel\\framework\\src\\Illuminate\\Console\\Command.php(136): Illuminate\\Container\\Container->call(Array)
#20 D:\\laragon\\www\\PPID-PKTJ\\vendor\\symfony\\console\\Command\\Command.php(298): Illuminate\\Console\\Command->execute(Object(Symfony\\Component\\Console\\Input\\ArgvInput), Object(Illuminate\\Console\\OutputStyle))
#21 D:\\laragon\\www\\PPID-PKTJ\\vendor\\laravel\\framework\\src\\Illuminate\\Console\\Command.php(120): Symfony\\Component\\Console\\Command\\Command->run(Object(Symfony\\Component\\Console\\Input\\ArgvInput), Object(Illuminate\\Console\\OutputStyle))
#22 D:\\laragon\\www\\PPID-PKTJ\\vendor\\symfony\\console\\Application.php(1040): Illuminate\\Console\\Command->run(Object(Symfony\\Component\\Console\\Input\\ArgvInput), Object(Symfony\\Component\\Console\\Output\\ConsoleOutput))
#23 D:\\laragon\\www\\PPID-PKTJ\\vendor\\symfony\\console\\Application.php(301): Symfony\\Component\\Console\\Application->doRunCommand(Object(Illuminate\\Foundation\\Console\\RouteListCommand), Object(Symfony\\Component\\Console\\Input\\ArgvInput), Object(Symfony\\Component\\Console\\Output\\ConsoleOutput))
#24 D:\\laragon\\www\\PPID-PKTJ\\vendor\\symfony\\console\\Application.php(171): Symfony\\Component\\Console\\Application->doRun(Object(Symfony\\Component\\Console\\Input\\ArgvInput), Object(Symfony\\Component\\Console\\Output\\ConsoleOutput))
#25 D:\\laragon\\www\\PPID-PKTJ\\vendor\\laravel\\framework\\src\\Illuminate\\Console\\Application.php(94): Symfony\\Component\\Console\\Application->run(Object(Symfony\\Component\\Console\\Input\\ArgvInput), Object(Symfony\\Component\\Console\\Output\\ConsoleOutput))
#26 D:\\laragon\\www\\PPID-PKTJ\\vendor\\laravel\\framework\\src\\Illuminate\\Foundation\\Console\\Kernel.php(129): Illuminate\\Console\\Application->run(Object(Symfony\\Component\\Console\\Input\\ArgvInput), Object(Symfony\\Component\\Console\\Output\\ConsoleOutput))
#27 D:\\laragon\\www\\PPID-PKTJ\\artisan(17): Illuminate\\Foundation\\Console\\Kernel->handle(Object(Symfony\\Component\\Console\\Input\\ArgvInput), Object(Symfony\\Component\\Console\\Output\\ConsoleOutput))
#28 {main}
"} 
[2026-09-09 04:53:07] laravel.WARNING: mb_strpos(): Passing null to parameter #1 ($haystack) of type string is deprecated in D:\laragon\www\PPID-PKTJ\vendor\laravel\framework\src\Illuminate\Support\Str.php on line 197  
[2026-09-09 04:53:07] laravel.EMERGENCY: Unable to create configured logger. Using emergency logger. {"exception":"[object] (InvalidArgumentException(code: 0): Log [deprecations] is not defined. at D:\\laragon\\www\\PPID-PKTJ\\vendor\\laravel\\framework\\src\\Illuminate\\Log\\LogManager.php:200)
[stacktrace]
#0 D:\\laragon\\www\\PPID-PKTJ\\vendor\\laravel\\framework\\src\\Illuminate\\Log\\LogManager.php(125): Illuminate\\Log\\LogManager->resolve('deprecations', NULL)
#1 D:\\laragon\\www\\PPID-PKTJ\\vendor\\laravel\\framework\\src\\Illuminate\\Log\\LogManager.php(112): Illuminate\\Log\\LogManager->get('deprecations')
#2 D:\\laragon\\www\\PPID-PKTJ\\vendor\\laravel\\framework\\src\\Illuminate\\Log\\LogManager.php(101): Illuminate\\Log\\LogManager->driver('deprecations')
#3 D:\\laragon\\www\\PPID-PKTJ\\vendor\\laravel\\framework\\src\\Illuminate\\Foundation\\Bootstrap\\HandleExceptions.php(104): Illuminate\\Log\\LogManager->channel('deprecations')
#4 D:\\laragon\\www\\PPID-PKTJ\\vendor\\laravel\\framework\\src\\Illuminate\\Foundation\\Bootstrap\\HandleExceptions.php(71): Illuminate\\Foundation\\Bootstrap\\HandleExceptions->handleDeprecation('mb_strpos(): Pa...', 'D:\\\\laragon\\\\www\\\\...', 197)
#5 [internal function]: Illuminate\\Foundation\\Bootstrap\\HandleExceptions->handleError(8192, 'mb_strpos(): Pa...', 'D:\\\\laragon\\\\www\\\\...', 197)
#6 D:\\laragon\\www\\PPID-PKTJ\\vendor\\laravel\\framework\\src\\Illuminate\\Support\\Str.php(197): mb_strpos(NULL, 'prosedur')
#7 D:\\laragon\\www\\PPID-PKTJ\\vendor\\laravel\\framework\\src\\Illuminate\\Foundation\\Console\\RouteListCommand.php(188): Illuminate\\Support\\Str::contains(NULL, 'prosedur')
#8 D:\\laragon\\www\\PPID-PKTJ\\vendor\\laravel\\framework\\src\\Illuminate\\Foundation\\Console\\RouteListCommand.php(113): Illuminate\\Foundation\\Console\\RouteListCommand->filterRoute(Array)
#9 D:\\laragon\\www\\PPID-PKTJ\\vendor\\laravel\\framework\\src\\Illuminate\\Foundation\\Console\\RouteListCommand.php(91): Illuminate\\Foundation\\Console\\RouteListCommand->getRouteInformation(Object(Illuminate\\Routing\\Route))
#10 [internal function]: Illuminate\\Foundation\\Console\\RouteListCommand->Illuminate\\Foundation\\Console\\{closure}(Object(Illuminate\\Routing\\Route), 275)
#11 D:\\laragon\\www\\PPID-PKTJ\\vendor\\laravel\\framework\\src\\Illuminate\\Collections\\Collection.php(695): array_map(Object(Closure), Array, Array)
#12 D:\\laragon\\www\\PPID-PKTJ\\vendor\\laravel\\framework\\src\\Illuminate\\Foundation\\Console\\RouteListCommand.php(90): Illuminate\\Support\\Collection->map(Object(Closure))
#13 D:\\laragon\\www\\PPID-PKTJ\\vendor\\laravel\\framework\\src\\Illuminate\\Foundation\\Console\\RouteListCommand.php(76): Illuminate\\Foundation\\Console\\RouteListCommand->getRoutes()
#14 D:\\laragon\\www\\PPID-PKTJ\\vendor\\laravel\\framework\\src\\Illuminate\\Container\\BoundMethod.php(36): Illuminate\\Foundation\\Console\\RouteListCommand->handle()
#15 D:\\laragon\\www\\PPID-PKTJ\\vendor\\laravel\\framework\\src\\Illuminate\\Container\\Util.php(40): Illuminate\\Container\\BoundMethod::Illuminate\\Container\\{closure}()
#16 D:\\laragon\\www\\PPID-PKTJ\\vendor\\laravel\\framework\\src\\Illuminate\\Container\\BoundMethod.php(93): Illuminate\\Container\\Util::unwrapIfClosure(Object(Closure))
#17 D:\\laragon\\www\\PPID-PKTJ\\vendor\\laravel\\framework\\src\\Illuminate\\Container\\BoundMethod.php(35): Illuminate\\Container\\BoundMethod::callBoundMethod(Object(Illuminate\\Foundation\\Application), Array, Object(Closure))
#18 D:\\laragon\\www\\PPID-PKTJ\\vendor\\laravel\\framework\\src\\Illuminate\\Container\\Container.php(653): Illuminate\\Container\\BoundMethod::call(Object(Illuminate\\Foundation\\Application), Array, Array, NULL)
#19 D:\\laragon\\www\\PPID-PKTJ\\vendor\\laravel\\framework\\src\\Illuminate\\Console\\Command.php(136): Illuminate\\Container\\Container->call(Array)
#20 D:\\laragon\\www\\PPID-PKTJ\\vendor\\symfony\\console\\Command\\Command.php(298): Illuminate\\Console\\Command->execute(Object(Symfony\\Component\\Console\\Input\\ArgvInput), Object(Illuminate\\Console\\OutputStyle))
#21 D:\\laragon\\www\\PPID-PKTJ\\vendor\\laravel\\framework\\src\\Illuminate\\Console\\Command.php(120): Symfony\\Component\\Console\\Command\\Command->run(Object(Symfony\\Component\\Console\\Input\\ArgvInput), Object(Illuminate\\Console\\OutputStyle))
#22 D:\\laragon\\www\\PPID-PKTJ\\vendor\\symfony\\console\\Application.php(1040): Illuminate\\Console\\Command->run(Object(Symfony\\Component\\Console\\Input\\ArgvInput), Object(Symfony\\Component\\Console\\Output\\ConsoleOutput))
#23 D:\\laragon\\www\\PPID-PKTJ\\vendor\\symfony\\console\\Application.php(301): Symfony\\Component\\Console\\Application->doRunCommand(Object(Illuminate\\Foundation\\Console\\RouteListCommand), Object(Symfony\\Component\\Console\\Input\\ArgvInput), Object(Symfony\\Component\\Console\\Output\\ConsoleOutput))
#24 D:\\laragon\\www\\PPID-PKTJ\\vendor\\symfony\\console\\Application.php(171): Symfony\\Component\\Console\\Application->doRun(Object(Symfony\\Component\\Console\\Input\\ArgvInput), Object(Symfony\\Component\\Console\\Output\\ConsoleOutput))
#25 D:\\laragon\\www\\PPID-PKTJ\\vendor\\laravel\\framework\\src\\Illuminate\\Console\\Application.php(94): Symfony\\Component\\Console\\Application->run(Object(Symfony\\Component\\Console\\Input\\ArgvInput), Object(Symfony\\Component\\Console\\Output\\ConsoleOutput))
#26 D:\\laragon\\www\\PPID-PKTJ\\vendor\\laravel\\framework\\src\\Illuminate\\Foundation\\Console\\Kernel.php(129): Illuminate\\Console\\Application->run(Object(Symfony\\Component\\Console\\Input\\ArgvInput), Object(Symfony\\Component\\Console\\Output\\ConsoleOutput))
#27 D:\\laragon\\www\\PPID-PKTJ\\artisan(17): Illuminate\\Foundation\\Console\\Kernel->handle(Object(Symfony\\Component\\Console\\Input\\ArgvInput), Object(Symfony\\Component\\Console\\Output\\ConsoleOutput))
#28 {main}
"} 
[2026-09-09 04:53:07] laravel.WARNING: mb_strpos(): Passing null to parameter #1 ($haystack) of type string is deprecated in D:\laragon\www\PPID-PKTJ\vendor\laravel\framework\src\Illuminate\Support\Str.php on line 197  
[2026-09-09 04:53:07] laravel.EMERGENCY: Unable to create configured logger. Using emergency logger. {"exception":"[object] (InvalidArgumentException(code: 0): Log [deprecations] is not defined. at D:\\laragon\\www\\PPID-PKTJ\\vendor\\laravel\\framework\\src\\Illuminate\\Log\\LogManager.php:200)
[stacktrace]
#0 D:\\laragon\\www\\PPID-PKTJ\\vendor\\laravel\\framework\\src\\Illuminate\\Log\\LogManager.php(125): Illuminate\\Log\\LogManager->resolve('deprecations', NULL)
#1 D:\\laragon\\www\\PPID-PKTJ\\vendor\\laravel\\framework\\src\\Illuminate\\Log\\LogManager.php(112): Illuminate\\Log\\LogManager->get('deprecations')
#2 D:\\laragon\\www\\PPID-PKTJ\\vendor\\laravel\\framework\\src\\Illuminate\\Log\\LogManager.php(101): Illuminate\\Log\\LogManager->driver('deprecations')
#3 D:\\laragon\\www\\PPID-PKTJ\\vendor\\laravel\\framework\\src\\Illuminate\\Foundation\\Bootstrap\\HandleExceptions.php(104): Illuminate\\Log\\LogManager->channel('deprecations')
#4 D:\\laragon\\www\\PPID-PKTJ\\vendor\\laravel\\framework\\src\\Illuminate\\Foundation\\Bootstrap\\HandleExceptions.php(71): Illuminate\\Foundation\\Bootstrap\\HandleExceptions->handleDeprecation('mb_strpos(): Pa...', 'D:\\\\laragon\\\\www\\\\...', 197)
#5 [internal function]: Illuminate\\Foundation\\Bootstrap\\HandleExceptions->handleError(8192, 'mb_strpos(): Pa...', 'D:\\\\laragon\\\\www\\\\...', 197)
#6 D:\\laragon\\www\\PPID-PKTJ\\vendor\\laravel\\framework\\src\\Illuminate\\Support\\Str.php(197): mb_strpos(NULL, 'prosedur')
#7 D:\\laragon\\www\\PPID-PKTJ\\vendor\\laravel\\framework\\src\\Illuminate\\Foundation\\Console\\RouteListCommand.php(188): Illuminate\\Support\\Str::contains(NULL, 'prosedur')
#8 D:\\laragon\\www\\PPID-PKTJ\\vendor\\laravel\\framework\\src\\Illuminate\\Foundation\\Console\\RouteListCommand.php(113): Illuminate\\Foundation\\Console\\RouteListCommand->filterRoute(Array)
#9 D:\\laragon\\www\\PPID-PKTJ\\vendor\\laravel\\framework\\src\\Illuminate\\Foundation\\Console\\RouteListCommand.php(91): Illuminate\\Foundation\\Console\\RouteListCommand->getRouteInformation(Object(Illuminate\\Routing\\Route))
#10 [internal function]: Illuminate\\Foundation\\Console\\RouteListCommand->Illuminate\\Foundation\\Console\\{closure}(Object(Illuminate\\Routing\\Route), 276)
#11 D:\\laragon\\www\\PPID-PKTJ\\vendor\\laravel\\framework\\src\\Illuminate\\Collections\\Collection.php(695): array_map(Object(Closure), Array, Array)
#12 D:\\laragon\\www\\PPID-PKTJ\\vendor\\laravel\\framework\\src\\Illuminate\\Foundation\\Console\\RouteListCommand.php(90): Illuminate\\Support\\Collection->map(Object(Closure))
#13 D:\\laragon\\www\\PPID-PKTJ\\vendor\\laravel\\framework\\src\\Illuminate\\Foundation\\Console\\RouteListCommand.php(76): Illuminate\\Foundation\\Console\\RouteListCommand->getRoutes()
#14 D:\\laragon\\www\\PPID-PKTJ\\vendor\\laravel\\framework\\src\\Illuminate\\Container\\BoundMethod.php(36): Illuminate\\Foundation\\Console\\RouteListCommand->handle()
#15 D:\\laragon\\www\\PPID-PKTJ\\vendor\\laravel\\framework\\src\\Illuminate\\Container\\Util.php(40): Illuminate\\Container\\BoundMethod::Illuminate\\Container\\{closure}()
#16 D:\\laragon\\www\\PPID-PKTJ\\vendor\\laravel\\framework\\src\\Illuminate\\Container\\BoundMethod.php(93): Illuminate\\Container\\Util::unwrapIfClosure(Object(Closure))
#17 D:\\laragon\\www\\PPID-PKTJ\\vendor\\laravel\\framework\\src\\Illuminate\\Container\\BoundMethod.php(35): Illuminate\\Container\\BoundMethod::callBoundMethod(Object(Illuminate\\Foundation\\Application), Array, Object(Closure))
#18 D:\\laragon\\www\\PPID-PKTJ\\vendor\\laravel\\framework\\src\\Illuminate\\Container\\Container.php(653): Illuminate\\Container\\BoundMethod::call(Object(Illuminate\\Foundation\\Application), Array, Array, NULL)
#19 D:\\laragon\\www\\PPID-PKTJ\\vendor\\laravel\\framework\\src\\Illuminate\\Console\\Command.php(136): Illuminate\\Container\\Container->call(Array)
#20 D:\\laragon\\www\\PPID-PKTJ\\vendor\\symfony\\console\\Command\\Command.php(298): Illuminate\\Console\\Command->execute(Object(Symfony\\Component\\Console\\Input\\ArgvInput), Object(Illuminate\\Console\\OutputStyle))
#21 D:\\laragon\\www\\PPID-PKTJ\\vendor\\laravel\\framework\\src\\Illuminate\\Console\\Command.php(120): Symfony\\Component\\Console\\Command\\Command->run(Object(Symfony\\Component\\Console\\Input\\ArgvInput), Object(Illuminate\\Console\\OutputStyle))
#22 D:\\laragon\\www\\PPID-PKTJ\\vendor\\symfony\\console\\Application.php(1040): Illuminate\\Console\\Command->run(Object(Symfony\\Component\\Console\\Input\\ArgvInput), Object(Symfony\\Component\\Console\\Output\\ConsoleOutput))
#23 D:\\laragon\\www\\PPID-PKTJ\\vendor\\symfony\\console\\Application.php(301): Symfony\\Component\\Console\\Application->doRunCommand(Object(Illuminate\\Foundation\\Console\\RouteListCommand), Object(Symfony\\Component\\Console\\Input\\ArgvInput), Object(Symfony\\Component\\Console\\Output\\ConsoleOutput))
#24 D:\\laragon\\www\\PPID-PKTJ\\vendor\\symfony\\console\\Application.php(171): Symfony\\Component\\Console\\Application->doRun(Object(Symfony\\Component\\Console\\Input\\ArgvInput), Object(Symfony\\Component\\Console\\Output\\ConsoleOutput))
#25 D:\\laragon\\www\\PPID-PKTJ\\vendor\\laravel\\framework\\src\\Illuminate\\Console\\Application.php(94): Symfony\\Component\\Console\\Application->run(Object(Symfony\\Component\\Console\\Input\\ArgvInput), Object(Symfony\\Component\\Console\\Output\\ConsoleOutput))
#26 D:\\laragon\\www\\PPID-PKTJ\\vendor\\laravel\\framework\\src\\Illuminate\\Foundation\\Console\\Kernel.php(129): Illuminate\\Console\\Application->run(Object(Symfony\\Component\\Console\\Input\\ArgvInput), Object(Symfony\\Component\\Console\\Output\\ConsoleOutput))
#27 D:\\laragon\\www\\PPID-PKTJ\\artisan(17): Illuminate\\Foundation\\Console\\Kernel->handle(Object(Symfony\\Component\\Console\\Input\\ArgvInput), Object(Symfony\\Component\\Console\\Output\\ConsoleOutput))
#28 {main}
"} 
[2026-09-09 04:53:07] laravel.WARNING: mb_strpos(): Passing null to parameter #1 ($haystack) of type string is deprecated in D:\laragon\www\PPID-PKTJ\vendor\laravel\framework\src\Illuminate\Support\Str.php on line 197  
[2026-09-09 04:53:07] laravel.EMERGENCY: Unable to create configured logger. Using emergency logger. {"exception":"[object] (InvalidArgumentException(code: 0): Log [deprecations] is not defined. at D:\\laragon\\www\\PPID-PKTJ\\vendor\\laravel\\framework\\src\\Illuminate\\Log\\LogManager.php:200)
[stacktrace]
#0 D:\\laragon\\www\\PPID-PKTJ\\vendor\\laravel\\framework\\src\\Illuminate\\Log\\LogManager.php(125): Illuminate\\Log\\LogManager->resolve('deprecations', NULL)
#1 D:\\laragon\\www\\PPID-PKTJ\\vendor\\laravel\\framework\\src\\Illuminate\\Log\\LogManager.php(112): Illuminate\\Log\\LogManager->get('deprecations')
#2 D:\\laragon\\www\\PPID-PKTJ\\vendor\\laravel\\framework\\src\\Illuminate\\Log\\LogManager.php(101): Illuminate\\Log\\LogManager->driver('deprecations')
#3 D:\\laragon\\www\\PPID-PKTJ\\vendor\\laravel\\framework\\src\\Illuminate\\Foundation\\Bootstrap\\HandleExceptions.php(104): Illuminate\\Log\\LogManager->channel('deprecations')
#4 D:\\laragon\\www\\PPID-PKTJ\\vendor\\laravel\\framework\\src\\Illuminate\\Foundation\\Bootstrap\\HandleExceptions.php(71): Illuminate\\Foundation\\Bootstrap\\HandleExceptions->handleDeprecation('mb_strpos(): Pa...', 'D:\\\\laragon\\\\www\\\\...', 197)
#5 [internal function]: Illuminate\\Foundation\\Bootstrap\\HandleExceptions->handleError(8192, 'mb_strpos(): Pa...', 'D:\\\\laragon\\\\www\\\\...', 197)
#6 D:\\laragon\\www\\PPID-PKTJ\\vendor\\laravel\\framework\\src\\Illuminate\\Support\\Str.php(197): mb_strpos(NULL, 'prosedur')
#7 D:\\laragon\\www\\PPID-PKTJ\\vendor\\laravel\\framework\\src\\Illuminate\\Foundation\\Console\\RouteListCommand.php(188): Illuminate\\Support\\Str::contains(NULL, 'prosedur')
#8 D:\\laragon\\www\\PPID-PKTJ\\vendor\\laravel\\framework\\src\\Illuminate\\Foundation\\Console\\RouteListCommand.php(113): Illuminate\\Foundation\\Console\\RouteListCommand->filterRoute(Array)
#9 D:\\laragon\\www\\PPID-PKTJ\\vendor\\laravel\\framework\\src\\Illuminate\\Foundation\\Console\\RouteListCommand.php(91): Illuminate\\Foundation\\Console\\RouteListCommand->getRouteInformation(Object(Illuminate\\Routing\\Route))
#10 [internal function]: Illuminate\\Foundation\\Console\\RouteListCommand->Illuminate\\Foundation\\Console\\{closure}(Object(Illuminate\\Routing\\Route), 277)
#11 D:\\laragon\\www\\PPID-PKTJ\\vendor\\laravel\\framework\\src\\Illuminate\\Collections\\Collection.php(695): array_map(Object(Closure), Array, Array)
#12 D:\\laragon\\www\\PPID-PKTJ\\vendor\\laravel\\framework\\src\\Illuminate\\Foundation\\Console\\RouteListCommand.php(90): Illuminate\\Support\\Collection->map(Object(Closure))
#13 D:\\laragon\\www\\PPID-PKTJ\\vendor\\laravel\\framework\\src\\Illuminate\\Foundation\\Console\\RouteListCommand.php(76): Illuminate\\Foundation\\Console\\RouteListCommand->getRoutes()
#14 D:\\laragon\\www\\PPID-PKTJ\\vendor\\laravel\\framework\\src\\Illuminate\\Container\\BoundMethod.php(36): Illuminate\\Foundation\\Console\\RouteListCommand->handle()
#15 D:\\laragon\\www\\PPID-PKTJ\\vendor\\laravel\\framework\\src\\Illuminate\\Container\\Util.php(40): Illuminate\\Container\\BoundMethod::Illuminate\\Container\\{closure}()
#16 D:\\laragon\\www\\PPID-PKTJ\\vendor\\laravel\\framework\\src\\Illuminate\\Container\\BoundMethod.php(93): Illuminate\\Container\\Util::unwrapIfClosure(Object(Closure))
#17 D:\\laragon\\www\\PPID-PKTJ\\vendor\\laravel\\framework\\src\\Illuminate\\Container\\BoundMethod.php(35): Illuminate\\Container\\BoundMethod::callBoundMethod(Object(Illuminate\\Foundation\\Application), Array, Object(Closure))
#18 D:\\laragon\\www\\PPID-PKTJ\\vendor\\laravel\\framework\\src\\Illuminate\\Container\\Container.php(653): Illuminate\\Container\\BoundMethod::call(Object(Illuminate\\Foundation\\Application), Array, Array, NULL)
#19 D:\\laragon\\www\\PPID-PKTJ\\vendor\\laravel\\framework\\src\\Illuminate\\Console\\Command.php(136): Illuminate\\Container\\Container->call(Array)
#20 D:\\laragon\\www\\PPID-PKTJ\\vendor\\symfony\\console\\Command\\Command.php(298): Illuminate\\Console\\Command->execute(Object(Symfony\\Component\\Console\\Input\\ArgvInput), Object(Illuminate\\Console\\OutputStyle))
#21 D:\\laragon\\www\\PPID-PKTJ\\vendor\\laravel\\framework\\src\\Illuminate\\Console\\Command.php(120): Symfony\\Component\\Console\\Command\\Command->run(Object(Symfony\\Component\\Console\\Input\\ArgvInput), Object(Illuminate\\Console\\OutputStyle))
#22 D:\\laragon\\www\\PPID-PKTJ\\vendor\\symfony\\console\\Application.php(1040): Illuminate\\Console\\Command->run(Object(Symfony\\Component\\Console\\Input\\ArgvInput), Object(Symfony\\Component\\Console\\Output\\ConsoleOutput))
#23 D:\\laragon\\www\\PPID-PKTJ\\vendor\\symfony\\console\\Application.php(301): Symfony\\Component\\Console\\Application->doRunCommand(Object(Illuminate\\Foundation\\Console\\RouteListCommand), Object(Symfony\\Component\\Console\\Input\\ArgvInput), Object(Symfony\\Component\\Console\\Output\\ConsoleOutput))
#24 D:\\laragon\\www\\PPID-PKTJ\\vendor\\symfony\\console\\Application.php(171): Symfony\\Component\\Console\\Application->doRun(Object(Symfony\\Component\\Console\\Input\\ArgvInput), Object(Symfony\\Component\\Console\\Output\\ConsoleOutput))
#25 D:\\laragon\\www\\PPID-PKTJ\\vendor\\laravel\\framework\\src\\Illuminate\\Console\\Application.php(94): Symfony\\Component\\Console\\Application->run(Object(Symfony\\Component\\Console\\Input\\ArgvInput), Object(Symfony\\Component\\Console\\Output\\ConsoleOutput))
#26 D:\\laragon\\www\\PPID-PKTJ\\vendor\\laravel\\framework\\src\\Illuminate\\Foundation\\Console\\Kernel.php(129): Illuminate\\Console\\Application->run(Object(Symfony\\Component\\Console\\Input\\ArgvInput), Object(Symfony\\Component\\Console\\Output\\ConsoleOutput))
#27 D:\\laragon\\www\\PPID-PKTJ\\artisan(17): Illuminate\\Foundation\\Console\\Kernel->handle(Object(Symfony\\Component\\Console\\Input\\ArgvInput), Object(Symfony\\Component\\Console\\Output\\ConsoleOutput))
#28 {main}
"} 
[2026-09-09 04:53:07] laravel.WARNING: mb_strpos(): Passing null to parameter #1 ($haystack) of type string is deprecated in D:\laragon\www\PPID-PKTJ\vendor\laravel\framework\src\Illuminate\Support\Str.php on line 197  
[2026-09-09 04:53:07] laravel.EMERGENCY: Unable to create configured logger. Using emergency logger. {"exception":"[object] (InvalidArgumentException(code: 0): Log [deprecations] is not defined. at D:\\laragon\\www\\PPID-PKTJ\\vendor\\laravel\\framework\\src\\Illuminate\\Log\\LogManager.php:200)
[stacktrace]
#0 D:\\laragon\\www\\PPID-PKTJ\\vendor\\laravel\\framework\\src\\Illuminate\\Log\\LogManager.php(125): Illuminate\\Log\\LogManager->resolve('deprecations', NULL)
#1 D:\\laragon\\www\\PPID-PKTJ\\vendor\\laravel\\framework\\src\\Illuminate\\Log\\LogManager.php(112): Illuminate\\Log\\LogManager->get('deprecations')
#2 D:\\laragon\\www\\PPID-PKTJ\\vendor\\laravel\\framework\\src\\Illuminate\\Log\\LogManager.php(101): Illuminate\\Log\\LogManager->driver('deprecations')
#3 D:\\laragon\\www\\PPID-PKTJ\\vendor\\laravel\\framework\\src\\Illuminate\\Foundation\\Bootstrap\\HandleExceptions.php(104): Illuminate\\Log\\LogManager->channel('deprecations')
#4 D:\\laragon\\www\\PPID-PKTJ\\vendor\\laravel\\framework\\src\\Illuminate\\Foundation\\Bootstrap\\HandleExceptions.php(71): Illuminate\\Foundation\\Bootstrap\\HandleExceptions->handleDeprecation('mb_strpos(): Pa...', 'D:\\\\laragon\\\\www\\\\...', 197)
#5 [internal function]: Illuminate\\Foundation\\Bootstrap\\HandleExceptions->handleError(8192, 'mb_strpos(): Pa...', 'D:\\\\laragon\\\\www\\\\...', 197)
#6 D:\\laragon\\www\\PPID-PKTJ\\vendor\\laravel\\framework\\src\\Illuminate\\Support\\Str.php(197): mb_strpos(NULL, 'prosedur')
#7 D:\\laragon\\www\\PPID-PKTJ\\vendor\\laravel\\framework\\src\\Illuminate\\Foundation\\Console\\RouteListCommand.php(188): Illuminate\\Support\\Str::contains(NULL, 'prosedur')
#8 D:\\laragon\\www\\PPID-PKTJ\\vendor\\laravel\\framework\\src\\Illuminate\\Foundation\\Console\\RouteListCommand.php(113): Illuminate\\Foundation\\Console\\RouteListCommand->filterRoute(Array)
#9 D:\\laragon\\www\\PPID-PKTJ\\vendor\\laravel\\framework\\src\\Illuminate\\Foundation\\Console\\RouteListCommand.php(91): Illuminate\\Foundation\\Console\\RouteListCommand->getRouteInformation(Object(Illuminate\\Routing\\Route))
#10 [internal function]: Illuminate\\Foundation\\Console\\RouteListCommand->Illuminate\\Foundation\\Console\\{closure}(Object(Illuminate\\Routing\\Route), 278)
#11 D:\\laragon\\www\\PPID-PKTJ\\vendor\\laravel\\framework\\src\\Illuminate\\Collections\\Collection.php(695): array_map(Object(Closure), Array, Array)
#12 D:\\laragon\\www\\PPID-PKTJ\\vendor\\laravel\\framework\\src\\Illuminate\\Foundation\\Console\\RouteListCommand.php(90): Illuminate\\Support\\Collection->map(Object(Closure))
#13 D:\\laragon\\www\\PPID-PKTJ\\vendor\\laravel\\framework\\src\\Illuminate\\Foundation\\Console\\RouteListCommand.php(76): Illuminate\\Foundation\\Console\\RouteListCommand->getRoutes()
#14 D:\\laragon\\www\\PPID-PKTJ\\vendor\\laravel\\framework\\src\\Illuminate\\Container\\BoundMethod.php(36): Illuminate\\Foundation\\Console\\RouteListCommand->handle()
#15 D:\\laragon\\www\\PPID-PKTJ\\vendor\\laravel\\framework\\src\\Illuminate\\Container\\Util.php(40): Illuminate\\Container\\BoundMethod::Illuminate\\Container\\{closure}()
#16 D:\\laragon\\www\\PPID-PKTJ\\vendor\\laravel\\framework\\src\\Illuminate\\Container\\BoundMethod.php(93): Illuminate\\Container\\Util::unwrapIfClosure(Object(Closure))
#17 D:\\laragon\\www\\PPID-PKTJ\\vendor\\laravel\\framework\\src\\Illuminate\\Container\\BoundMethod.php(35): Illuminate\\Container\\BoundMethod::callBoundMethod(Object(Illuminate\\Foundation\\Application), Array, Object(Closure))
#18 D:\\laragon\\www\\PPID-PKTJ\\vendor\\laravel\\framework\\src\\Illuminate\\Container\\Container.php(653): Illuminate\\Container\\BoundMethod::call(Object(Illuminate\\Foundation\\Application), Array, Array, NULL)
#19 D:\\laragon\\www\\PPID-PKTJ\\vendor\\laravel\\framework\\src\\Illuminate\\Console\\Command.php(136): Illuminate\\Container\\Container->call(Array)
#20 D:\\laragon\\www\\PPID-PKTJ\\vendor\\symfony\\console\\Command\\Command.php(298): Illuminate\\Console\\Command->execute(Object(Symfony\\Component\\Console\\Input\\ArgvInput), Object(Illuminate\\Console\\OutputStyle))
#21 D:\\laragon\\www\\PPID-PKTJ\\vendor\\laravel\\framework\\src\\Illuminate\\Console\\Command.php(120): Symfony\\Component\\Console\\Command\\Command->run(Object(Symfony\\Component\\Console\\Input\\ArgvInput), Object(Illuminate\\Console\\OutputStyle))
#22 D:\\laragon\\www\\PPID-PKTJ\\vendor\\symfony\\console\\Application.php(1040): Illuminate\\Console\\Command->run(Object(Symfony\\Component\\Console\\Input\\ArgvInput), Object(Symfony\\Component\\Console\\Output\\ConsoleOutput))
#23 D:\\laragon\\www\\PPID-PKTJ\\vendor\\symfony\\console\\Application.php(301): Symfony\\Component\\Console\\Application->doRunCommand(Object(Illuminate\\Foundation\\Console\\RouteListCommand), Object(Symfony\\Component\\Console\\Input\\ArgvInput), Object(Symfony\\Component\\Console\\Output\\ConsoleOutput))
#24 D:\\laragon\\www\\PPID-PKTJ\\vendor\\symfony\\console\\Application.php(171): Symfony\\Component\\Console\\Application->doRun(Object(Symfony\\Component\\Console\\Input\\ArgvInput), Object(Symfony\\Component\\Console\\Output\\ConsoleOutput))
#25 D:\\laragon\\www\\PPID-PKTJ\\vendor\\laravel\\framework\\src\\Illuminate\\Console\\Application.php(94): Symfony\\Component\\Console\\Application->run(Object(Symfony\\Component\\Console\\Input\\ArgvInput), Object(Symfony\\Component\\Console\\Output\\ConsoleOutput))
#26 D:\\laragon\\www\\PPID-PKTJ\\vendor\\laravel\\framework\\src\\Illuminate\\Foundation\\Console\\Kernel.php(129): Illuminate\\Console\\Application->run(Object(Symfony\\Component\\Console\\Input\\ArgvInput), Object(Symfony\\Component\\Console\\Output\\ConsoleOutput))
#27 D:\\laragon\\www\\PPID-PKTJ\\artisan(17): Illuminate\\Foundation\\Console\\Kernel->handle(Object(Symfony\\Component\\Console\\Input\\ArgvInput), Object(Symfony\\Component\\Console\\Output\\ConsoleOutput))
#28 {main}
"} 
[2026-09-09 04:53:07] laravel.WARNING: mb_strpos(): Passing null to parameter #1 ($haystack) of type string is deprecated in D:\laragon\www\PPID-PKTJ\vendor\laravel\framework\src\Illuminate\Support\Str.php on line 197  
[2026-09-09 04:53:07] laravel.EMERGENCY: Unable to create configured logger. Using emergency logger. {"exception":"[object] (InvalidArgumentException(code: 0): Log [deprecations] is not defined. at D:\\laragon\\www\\PPID-PKTJ\\vendor\\laravel\\framework\\src\\Illuminate\\Log\\LogManager.php:200)
[stacktrace]
#0 D:\\laragon\\www\\PPID-PKTJ\\vendor\\laravel\\framework\\src\\Illuminate\\Log\\LogManager.php(125): Illuminate\\Log\\LogManager->resolve('deprecations', NULL)
#1 D:\\laragon\\www\\PPID-PKTJ\\vendor\\laravel\\framework\\src\\Illuminate\\Log\\LogManager.php(112): Illuminate\\Log\\LogManager->get('deprecations')
#2 D:\\laragon\\www\\PPID-PKTJ\\vendor\\laravel\\framework\\src\\Illuminate\\Log\\LogManager.php(101): Illuminate\\Log\\LogManager->driver('deprecations')
#3 D:\\laragon\\www\\PPID-PKTJ\\vendor\\laravel\\framework\\src\\Illuminate\\Foundation\\Bootstrap\\HandleExceptions.php(104): Illuminate\\Log\\LogManager->channel('deprecations')
#4 D:\\laragon\\www\\PPID-PKTJ\\vendor\\laravel\\framework\\src\\Illuminate\\Foundation\\Bootstrap\\HandleExceptions.php(71): Illuminate\\Foundation\\Bootstrap\\HandleExceptions->handleDeprecation('mb_strpos(): Pa...', 'D:\\\\laragon\\\\www\\\\...', 197)
#5 [internal function]: Illuminate\\Foundation\\Bootstrap\\HandleExceptions->handleError(8192, 'mb_strpos(): Pa...', 'D:\\\\laragon\\\\www\\\\...', 197)
#6 D:\\laragon\\www\\PPID-PKTJ\\vendor\\laravel\\framework\\src\\Illuminate\\Support\\Str.php(197): mb_strpos(NULL, 'prosedur')
#7 D:\\laragon\\www\\PPID-PKTJ\\vendor\\laravel\\framework\\src\\Illuminate\\Foundation\\Console\\RouteListCommand.php(188): Illuminate\\Support\\Str::contains(NULL, 'prosedur')
#8 D:\\laragon\\www\\PPID-PKTJ\\vendor\\laravel\\framework\\src\\Illuminate\\Foundation\\Console\\RouteListCommand.php(113): Illuminate\\Foundation\\Console\\RouteListCommand->filterRoute(Array)
#9 D:\\laragon\\www\\PPID-PKTJ\\vendor\\laravel\\framework\\src\\Illuminate\\Foundation\\Console\\RouteListCommand.php(91): Illuminate\\Foundation\\Console\\RouteListCommand->getRouteInformation(Object(Illuminate\\Routing\\Route))
#10 [internal function]: Illuminate\\Foundation\\Console\\RouteListCommand->Illuminate\\Foundation\\Console\\{closure}(Object(Illuminate\\Routing\\Route), 279)
#11 D:\\laragon\\www\\PPID-PKTJ\\vendor\\laravel\\framework\\src\\Illuminate\\Collections\\Collection.php(695): array_map(Object(Closure), Array, Array)
#12 D:\\laragon\\www\\PPID-PKTJ\\vendor\\laravel\\framework\\src\\Illuminate\\Foundation\\Console\\RouteListCommand.php(90): Illuminate\\Support\\Collection->map(Object(Closure))
#13 D:\\laragon\\www\\PPID-PKTJ\\vendor\\laravel\\framework\\src\\Illuminate\\Foundation\\Console\\RouteListCommand.php(76): Illuminate\\Foundation\\Console\\RouteListCommand->getRoutes()
#14 D:\\laragon\\www\\PPID-PKTJ\\vendor\\laravel\\framework\\src\\Illuminate\\Container\\BoundMethod.php(36): Illuminate\\Foundation\\Console\\RouteListCommand->handle()
#15 D:\\laragon\\www\\PPID-PKTJ\\vendor\\laravel\\framework\\src\\Illuminate\\Container\\Util.php(40): Illuminate\\Container\\BoundMethod::Illuminate\\Container\\{closure}()
#16 D:\\laragon\\www\\PPID-PKTJ\\vendor\\laravel\\framework\\src\\Illuminate\\Container\\BoundMethod.php(93): Illuminate\\Container\\Util::unwrapIfClosure(Object(Closure))
#17 D:\\laragon\\www\\PPID-PKTJ\\vendor\\laravel\\framework\\src\\Illuminate\\Container\\BoundMethod.php(35): Illuminate\\Container\\BoundMethod::callBoundMethod(Object(Illuminate\\Foundation\\Application), Array, Object(Closure))
#18 D:\\laragon\\www\\PPID-PKTJ\\vendor\\laravel\\framework\\src\\Illuminate\\Container\\Container.php(653): Illuminate\\Container\\BoundMethod::call(Object(Illuminate\\Foundation\\Application), Array, Array, NULL)
#19 D:\\laragon\\www\\PPID-PKTJ\\vendor\\laravel\\framework\\src\\Illuminate\\Console\\Command.php(136): Illuminate\\Container\\Container->call(Array)
#20 D:\\laragon\\www\\PPID-PKTJ\\vendor\\symfony\\console\\Command\\Command.php(298): Illuminate\\Console\\Command->execute(Object(Symfony\\Component\\Console\\Input\\ArgvInput), Object(Illuminate\\Console\\OutputStyle))
#21 D:\\laragon\\www\\PPID-PKTJ\\vendor\\laravel\\framework\\src\\Illuminate\\Console\\Command.php(120): Symfony\\Component\\Console\\Command\\Command->run(Object(Symfony\\Component\\Console\\Input\\ArgvInput), Object(Illuminate\\Console\\OutputStyle))
#22 D:\\laragon\\www\\PPID-PKTJ\\vendor\\symfony\\console\\Application.php(1040): Illuminate\\Console\\Command->run(Object(Symfony\\Component\\Console\\Input\\ArgvInput), Object(Symfony\\Component\\Console\\Output\\ConsoleOutput))
#23 D:\\laragon\\www\\PPID-PKTJ\\vendor\\symfony\\console\\Application.php(301): Symfony\\Component\\Console\\Application->doRunCommand(Object(Illuminate\\Foundation\\Console\\RouteListCommand), Object(Symfony\\Component\\Console\\Input\\ArgvInput), Object(Symfony\\Component\\Console\\Output\\ConsoleOutput))
#24 D:\\laragon\\www\\PPID-PKTJ\\vendor\\symfony\\console\\Application.php(171): Symfony\\Component\\Console\\Application->doRun(Object(Symfony\\Component\\Console\\Input\\ArgvInput), Object(Symfony\\Component\\Console\\Output\\ConsoleOutput))
#25 D:\\laragon\\www\\PPID-PKTJ\\vendor\\laravel\\framework\\src\\Illuminate\\Console\\Application.php(94): Symfony\\Component\\Console\\Application->run(Object(Symfony\\Component\\Console\\Input\\ArgvInput), Object(Symfony\\Component\\Console\\Output\\ConsoleOutput))
#26 D:\\laragon\\www\\PPID-PKTJ\\vendor\\laravel\\framework\\src\\Illuminate\\Foundation\\Console\\Kernel.php(129): Illuminate\\Console\\Application->run(Object(Symfony\\Component\\Console\\Input\\ArgvInput), Object(Symfony\\Component\\Console\\Output\\ConsoleOutput))
#27 D:\\laragon\\www\\PPID-PKTJ\\artisan(17): Illuminate\\Foundation\\Console\\Kernel->handle(Object(Symfony\\Component\\Console\\Input\\ArgvInput), Object(Symfony\\Component\\Console\\Output\\ConsoleOutput))
#28 {main}
"} 
[2026-09-09 04:53:07] laravel.WARNING: mb_strpos(): Passing null to parameter #1 ($haystack) of type string is deprecated in D:\laragon\www\PPID-PKTJ\vendor\laravel\framework\src\Illuminate\Support\Str.php on line 197  
[2026-09-09 04:53:07] laravel.EMERGENCY: Unable to create configured logger. Using emergency logger. {"exception":"[object] (InvalidArgumentException(code: 0): Log [deprecations] is not defined. at D:\\laragon\\www\\PPID-PKTJ\\vendor\\laravel\\framework\\src\\Illuminate\\Log\\LogManager.php:200)
[stacktrace]
#0 D:\\laragon\\www\\PPID-PKTJ\\vendor\\laravel\\framework\\src\\Illuminate\\Log\\LogManager.php(125): Illuminate\\Log\\LogManager->resolve('deprecations', NULL)
#1 D:\\laragon\\www\\PPID-PKTJ\\vendor\\laravel\\framework\\src\\Illuminate\\Log\\LogManager.php(112): Illuminate\\Log\\LogManager->get('deprecations')
#2 D:\\laragon\\www\\PPID-PKTJ\\vendor\\laravel\\framework\\src\\Illuminate\\Log\\LogManager.php(101): Illuminate\\Log\\LogManager->driver('deprecations')
#3 D:\\laragon\\www\\PPID-PKTJ\\vendor\\laravel\\framework\\src\\Illuminate\\Foundation\\Bootstrap\\HandleExceptions.php(104): Illuminate\\Log\\LogManager->channel('deprecations')
#4 D:\\laragon\\www\\PPID-PKTJ\\vendor\\laravel\\framework\\src\\Illuminate\\Foundation\\Bootstrap\\HandleExceptions.php(71): Illuminate\\Foundation\\Bootstrap\\HandleExceptions->handleDeprecation('mb_strpos(): Pa...', 'D:\\\\laragon\\\\www\\\\...', 197)
#5 [internal function]: Illuminate\\Foundation\\Bootstrap\\HandleExceptions->handleError(8192, 'mb_strpos(): Pa...', 'D:\\\\laragon\\\\www\\\\...', 197)
#6 D:\\laragon\\www\\PPID-PKTJ\\vendor\\laravel\\framework\\src\\Illuminate\\Support\\Str.php(197): mb_strpos(NULL, 'prosedur')
#7 D:\\laragon\\www\\PPID-PKTJ\\vendor\\laravel\\framework\\src\\Illuminate\\Foundation\\Console\\RouteListCommand.php(188): Illuminate\\Support\\Str::contains(NULL, 'prosedur')
#8 D:\\laragon\\www\\PPID-PKTJ\\vendor\\laravel\\framework\\src\\Illuminate\\Foundation\\Console\\RouteListCommand.php(113): Illuminate\\Foundation\\Console\\RouteListCommand->filterRoute(Array)
#9 D:\\laragon\\www\\PPID-PKTJ\\vendor\\laravel\\framework\\src\\Illuminate\\Foundation\\Console\\RouteListCommand.php(91): Illuminate\\Foundation\\Console\\RouteListCommand->getRouteInformation(Object(Illuminate\\Routing\\Route))
#10 [internal function]: Illuminate\\Foundation\\Console\\RouteListCommand->Illuminate\\Foundation\\Console\\{closure}(Object(Illuminate\\Routing\\Route), 336)
#11 D:\\laragon\\www\\PPID-PKTJ\\vendor\\laravel\\framework\\src\\Illuminate\\Collections\\Collection.php(695): array_map(Object(Closure), Array, Array)
#12 D:\\laragon\\www\\PPID-PKTJ\\vendor\\laravel\\framework\\src\\Illuminate\\Foundation\\Console\\RouteListCommand.php(90): Illuminate\\Support\\Collection->map(Object(Closure))
#13 D:\\laragon\\www\\PPID-PKTJ\\vendor\\laravel\\framework\\src\\Illuminate\\Foundation\\Console\\RouteListCommand.php(76): Illuminate\\Foundation\\Console\\RouteListCommand->getRoutes()
#14 D:\\laragon\\www\\PPID-PKTJ\\vendor\\laravel\\framework\\src\\Illuminate\\Container\\BoundMethod.php(36): Illuminate\\Foundation\\Console\\RouteListCommand->handle()
#15 D:\\laragon\\www\\PPID-PKTJ\\vendor\\laravel\\framework\\src\\Illuminate\\Container\\Util.php(40): Illuminate\\Container\\BoundMethod::Illuminate\\Container\\{closure}()
#16 D:\\laragon\\www\\PPID-PKTJ\\vendor\\laravel\\framework\\src\\Illuminate\\Container\\BoundMethod.php(93): Illuminate\\Container\\Util::unwrapIfClosure(Object(Closure))
#17 D:\\laragon\\www\\PPID-PKTJ\\vendor\\laravel\\framework\\src\\Illuminate\\Container\\BoundMethod.php(35): Illuminate\\Container\\BoundMethod::callBoundMethod(Object(Illuminate\\Foundation\\Application), Array, Object(Closure))
#18 D:\\laragon\\www\\PPID-PKTJ\\vendor\\laravel\\framework\\src\\Illuminate\\Container\\Container.php(653): Illuminate\\Container\\BoundMethod::call(Object(Illuminate\\Foundation\\Application), Array, Array, NULL)
#19 D:\\laragon\\www\\PPID-PKTJ\\vendor\\laravel\\framework\\src\\Illuminate\\Console\\Command.php(136): Illuminate\\Container\\Container->call(Array)
#20 D:\\laragon\\www\\PPID-PKTJ\\vendor\\symfony\\console\\Command\\Command.php(298): Illuminate\\Console\\Command->execute(Object(Symfony\\Component\\Console\\Input\\ArgvInput), Object(Illuminate\\Console\\OutputStyle))
#21 D:\\laragon\\www\\PPID-PKTJ\\vendor\\laravel\\framework\\src\\Illuminate\\Console\\Command.php(120): Symfony\\Component\\Console\\Command\\Command->run(Object(Symfony\\Component\\Console\\Input\\ArgvInput), Object(Illuminate\\Console\\OutputStyle))
#22 D:\\laragon\\www\\PPID-PKTJ\\vendor\\symfony\\console\\Application.php(1040): Illuminate\\Console\\Command->run(Object(Symfony\\Component\\Console\\Input\\ArgvInput), Object(Symfony\\Component\\Console\\Output\\ConsoleOutput))
#23 D:\\laragon\\www\\PPID-PKTJ\\vendor\\symfony\\console\\Application.php(301): Symfony\\Component\\Console\\Application->doRunCommand(Object(Illuminate\\Foundation\\Console\\RouteListCommand), Object(Symfony\\Component\\Console\\Input\\ArgvInput), Object(Symfony\\Component\\Console\\Output\\ConsoleOutput))
#24 D:\\laragon\\www\\PPID-PKTJ\\vendor\\symfony\\console\\Application.php(171): Symfony\\Component\\Console\\Application->doRun(Object(Symfony\\Component\\Console\\Input\\ArgvInput), Object(Symfony\\Component\\Console\\Output\\ConsoleOutput))
#25 D:\\laragon\\www\\PPID-PKTJ\\vendor\\laravel\\framework\\src\\Illuminate\\Console\\Application.php(94): Symfony\\Component\\Console\\Application->run(Object(Symfony\\Component\\Console\\Input\\ArgvInput), Object(Symfony\\Component\\Console\\Output\\ConsoleOutput))
#26 D:\\laragon\\www\\PPID-PKTJ\\vendor\\laravel\\framework\\src\\Illuminate\\Foundation\\Console\\Kernel.php(129): Illuminate\\Console\\Application->run(Object(Symfony\\Component\\Console\\Input\\ArgvInput), Object(Symfony\\Component\\Console\\Output\\ConsoleOutput))
#27 D:\\laragon\\www\\PPID-PKTJ\\artisan(17): Illuminate\\Foundation\\Console\\Kernel->handle(Object(Symfony\\Component\\Console\\Input\\ArgvInput), Object(Symfony\\Component\\Console\\Output\\ConsoleOutput))
#28 {main}
"} 
[2026-09-09 04:53:07] laravel.WARNING: mb_strpos(): Passing null to parameter #1 ($haystack) of type string is deprecated in D:\laragon\www\PPID-PKTJ\vendor\laravel\framework\src\Illuminate\Support\Str.php on line 197  
[2026-09-09 04:53:07] laravel.EMERGENCY: Unable to create configured logger. Using emergency logger. {"exception":"[object] (InvalidArgumentException(code: 0): Log [deprecations] is not defined. at D:\\laragon\\www\\PPID-PKTJ\\vendor\\laravel\\framework\\src\\Illuminate\\Log\\LogManager.php:200)
[stacktrace]
#0 D:\\laragon\\www\\PPID-PKTJ\\vendor\\laravel\\framework\\src\\Illuminate\\Log\\LogManager.php(125): Illuminate\\Log\\LogManager->resolve('deprecations', NULL)
#1 D:\\laragon\\www\\PPID-PKTJ\\vendor\\laravel\\framework\\src\\Illuminate\\Log\\LogManager.php(112): Illuminate\\Log\\LogManager->get('deprecations')
#2 D:\\laragon\\www\\PPID-PKTJ\\vendor\\laravel\\framework\\src\\Illuminate\\Log\\LogManager.php(101): Illuminate\\Log\\LogManager->driver('deprecations')
#3 D:\\laragon\\www\\PPID-PKTJ\\vendor\\laravel\\framework\\src\\Illuminate\\Foundation\\Bootstrap\\HandleExceptions.php(104): Illuminate\\Log\\LogManager->channel('deprecations')
#4 D:\\laragon\\www\\PPID-PKTJ\\vendor\\laravel\\framework\\src\\Illuminate\\Foundation\\Bootstrap\\HandleExceptions.php(71): Illuminate\\Foundation\\Bootstrap\\HandleExceptions->handleDeprecation('mb_strpos(): Pa...', 'D:\\\\laragon\\\\www\\\\...', 197)
#5 [internal function]: Illuminate\\Foundation\\Bootstrap\\HandleExceptions->handleError(8192, 'mb_strpos(): Pa...', 'D:\\\\laragon\\\\www\\\\...', 197)
#6 D:\\laragon\\www\\PPID-PKTJ\\vendor\\laravel\\framework\\src\\Illuminate\\Support\\Str.php(197): mb_strpos(NULL, 'prosedur')
#7 D:\\laragon\\www\\PPID-PKTJ\\vendor\\laravel\\framework\\src\\Illuminate\\Foundation\\Console\\RouteListCommand.php(188): Illuminate\\Support\\Str::contains(NULL, 'prosedur')
#8 D:\\laragon\\www\\PPID-PKTJ\\vendor\\laravel\\framework\\src\\Illuminate\\Foundation\\Console\\RouteListCommand.php(113): Illuminate\\Foundation\\Console\\RouteListCommand->filterRoute(Array)
#9 D:\\laragon\\www\\PPID-PKTJ\\vendor\\laravel\\framework\\src\\Illuminate\\Foundation\\Console\\RouteListCommand.php(91): Illuminate\\Foundation\\Console\\RouteListCommand->getRouteInformation(Object(Illuminate\\Routing\\Route))
#10 [internal function]: Illuminate\\Foundation\\Console\\RouteListCommand->Illuminate\\Foundation\\Console\\{closure}(Object(Illuminate\\Routing\\Route), 337)
#11 D:\\laragon\\www\\PPID-PKTJ\\vendor\\laravel\\framework\\src\\Illuminate\\Collections\\Collection.php(695): array_map(Object(Closure), Array, Array)
#12 D:\\laragon\\www\\PPID-PKTJ\\vendor\\laravel\\framework\\src\\Illuminate\\Foundation\\Console\\RouteListCommand.php(90): Illuminate\\Support\\Collection->map(Object(Closure))
#13 D:\\laragon\\www\\PPID-PKTJ\\vendor\\laravel\\framework\\src\\Illuminate\\Foundation\\Console\\RouteListCommand.php(76): Illuminate\\Foundation\\Console\\RouteListCommand->getRoutes()
#14 D:\\laragon\\www\\PPID-PKTJ\\vendor\\laravel\\framework\\src\\Illuminate\\Container\\BoundMethod.php(36): Illuminate\\Foundation\\Console\\RouteListCommand->handle()
#15 D:\\laragon\\www\\PPID-PKTJ\\vendor\\laravel\\framework\\src\\Illuminate\\Container\\Util.php(40): Illuminate\\Container\\BoundMethod::Illuminate\\Container\\{closure}()
#16 D:\\laragon\\www\\PPID-PKTJ\\vendor\\laravel\\framework\\src\\Illuminate\\Container\\BoundMethod.php(93): Illuminate\\Container\\Util::unwrapIfClosure(Object(Closure))
#17 D:\\laragon\\www\\PPID-PKTJ\\vendor\\laravel\\framework\\src\\Illuminate\\Container\\BoundMethod.php(35): Illuminate\\Container\\BoundMethod::callBoundMethod(Object(Illuminate\\Foundation\\Application), Array, Object(Closure))
#18 D:\\laragon\\www\\PPID-PKTJ\\vendor\\laravel\\framework\\src\\Illuminate\\Container\\Container.php(653): Illuminate\\Container\\BoundMethod::call(Object(Illuminate\\Foundation\\Application), Array, Array, NULL)
#19 D:\\laragon\\www\\PPID-PKTJ\\vendor\\laravel\\framework\\src\\Illuminate\\Console\\Command.php(136): Illuminate\\Container\\Container->call(Array)
#20 D:\\laragon\\www\\PPID-PKTJ\\vendor\\symfony\\console\\Command\\Command.php(298): Illuminate\\Console\\Command->execute(Object(Symfony\\Component\\Console\\Input\\ArgvInput), Object(Illuminate\\Console\\OutputStyle))
#21 D:\\laragon\\www\\PPID-PKTJ\\vendor\\laravel\\framework\\src\\Illuminate\\Console\\Command.php(120): Symfony\\Component\\Console\\Command\\Command->run(Object(Symfony\\Component\\Console\\Input\\ArgvInput), Object(Illuminate\\Console\\OutputStyle))
#22 D:\\laragon\\www\\PPID-PKTJ\\vendor\\symfony\\console\\Application.php(1040): Illuminate\\Console\\Command->run(Object(Symfony\\Component\\Console\\Input\\ArgvInput), Object(Symfony\\Component\\Console\\Output\\ConsoleOutput))
#23 D:\\laragon\\www\\PPID-PKTJ\\vendor\\symfony\\console\\Application.php(301): Symfony\\Component\\Console\\Application->doRunCommand(Object(Illuminate\\Foundation\\Console\\RouteListCommand), Object(Symfony\\Component\\Console\\Input\\ArgvInput), Object(Symfony\\Component\\Console\\Output\\ConsoleOutput))
#24 D:\\laragon\\www\\PPID-PKTJ\\vendor\\symfony\\console\\Application.php(171): Symfony\\Component\\Console\\Application->doRun(Object(Symfony\\Component\\Console\\Input\\ArgvInput), Object(Symfony\\Component\\Console\\Output\\ConsoleOutput))
#25 D:\\laragon\\www\\PPID-PKTJ\\vendor\\laravel\\framework\\src\\Illuminate\\Console\\Application.php(94): Symfony\\Component\\Console\\Application->run(Object(Symfony\\Component\\Console\\Input\\ArgvInput), Object(Symfony\\Component\\Console\\Output\\ConsoleOutput))
#26 D:\\laragon\\www\\PPID-PKTJ\\vendor\\laravel\\framework\\src\\Illuminate\\Foundation\\Console\\Kernel.php(129): Illuminate\\Console\\Application->run(Object(Symfony\\Component\\Console\\Input\\ArgvInput), Object(Symfony\\Component\\Console\\Output\\ConsoleOutput))
#27 D:\\laragon\\www\\PPID-PKTJ\\artisan(17): Illuminate\\Foundation\\Console\\Kernel->handle(Object(Symfony\\Component\\Console\\Input\\ArgvInput), Object(Symfony\\Component\\Console\\Output\\ConsoleOutput))
#28 {main}
"} 
[2026-09-09 04:53:07] laravel.WARNING: mb_strpos(): Passing null to parameter #1 ($haystack) of type string is deprecated in D:\laragon\www\PPID-PKTJ\vendor\laravel\framework\src\Illuminate\Support\Str.php on line 197  
[2026-09-09 04:54:48] local.ERROR: Array to string conversion {"exception":"[object] (ErrorException(code: 0): Array to string conversion at C:\\Users\\Yuniar Qonita\\.gemini\\antigravity\\brain\\00da732e-f460-4db4-a1c2-8135b16a9734\\scratch\\hide_previous_and_seed_poltrada.php:655)
[stacktrace]
#0 C:\\Users\\Yuniar Qonita\\.gemini\\antigravity\\brain\\00da732e-f460-4db4-a1c2-8135b16a9734\\scratch\\hide_previous_and_seed_poltrada.php(655): Illuminate\\Foundation\\Bootstrap\\HandleExceptions->handleError(2, 'Array to string...', 'C:\\\\Users\\\\Yuniar...', 655)
#1 {main}
"} 
[2026-09-09 06:50:29] local.ERROR: Command "tinker" is not defined. {"exception":"[object] (Symfony\\Component\\Console\\Exception\\CommandNotFoundException(code: 0): Command \"tinker\" is not defined. at D:\\laragon\\www\\PPID-PKTJ\\vendor\\symfony\\console\\Application.php:720)
[stacktrace]
#0 D:\\laragon\\www\\PPID-PKTJ\\vendor\\symfony\\console\\Application.php(259): Symfony\\Component\\Console\\Application->find('tinker')
#1 D:\\laragon\\www\\PPID-PKTJ\\vendor\\symfony\\console\\Application.php(171): Symfony\\Component\\Console\\Application->doRun(Object(Symfony\\Component\\Console\\Input\\ArgvInput), Object(Symfony\\Component\\Console\\Output\\ConsoleOutput))
#2 D:\\laragon\\www\\PPID-PKTJ\\vendor\\laravel\\framework\\src\\Illuminate\\Console\\Application.php(94): Symfony\\Component\\Console\\Application->run(Object(Symfony\\Component\\Console\\Input\\ArgvInput), Object(Symfony\\Component\\Console\\Output\\ConsoleOutput))
#3 D:\\laragon\\www\\PPID-PKTJ\\vendor\\laravel\\framework\\src\\Illuminate\\Foundation\\Console\\Kernel.php(129): Illuminate\\Console\\Application->run(Object(Symfony\\Component\\Console\\Input\\ArgvInput), Object(Symfony\\Component\\Console\\Output\\ConsoleOutput))
#4 D:\\laragon\\www\\PPID-PKTJ\\artisan(17): Illuminate\\Foundation\\Console\\Kernel->handle(Object(Symfony\\Component\\Console\\Input\\ArgvInput), Object(Symfony\\Component\\Console\\Output\\ConsoleOutput))
#5 {main}
"} 
[2026-09-09 09:20:31] local.ERROR: Command "tinker" is not defined. {"exception":"[object] (Symfony\\Component\\Console\\Exception\\CommandNotFoundException(code: 0): Command \"tinker\" is not defined. at D:\\laragon\\www\\PPID-PKTJ\\vendor\\symfony\\console\\Application.php:720)
[stacktrace]
#0 D:\\laragon\\www\\PPID-PKTJ\\vendor\\symfony\\console\\Application.php(259): Symfony\\Component\\Console\\Application->find('tinker')
#1 D:\\laragon\\www\\PPID-PKTJ\\vendor\\symfony\\console\\Application.php(171): Symfony\\Component\\Console\\Application->doRun(Object(Symfony\\Component\\Console\\Input\\ArgvInput), Object(Symfony\\Component\\Console\\Output\\ConsoleOutput))
#2 D:\\laragon\\www\\PPID-PKTJ\\vendor\\laravel\\framework\\src\\Illuminate\\Console\\Application.php(94): Symfony\\Component\\Console\\Application->run(Object(Symfony\\Component\\Console\\Input\\ArgvInput), Object(Symfony\\Component\\Console\\Output\\ConsoleOutput))
#3 D:\\laragon\\www\\PPID-PKTJ\\vendor\\laravel\\framework\\src\\Illuminate\\Foundation\\Console\\Kernel.php(129): Illuminate\\Console\\Application->run(Object(Symfony\\Component\\Console\\Input\\ArgvInput), Object(Symfony\\Component\\Console\\Output\\ConsoleOutput))
#4 D:\\laragon\\www\\PPID-PKTJ\\artisan(17): Illuminate\\Foundation\\Console\\Kernel->handle(Object(Symfony\\Component\\Console\\Input\\ArgvInput), Object(Symfony\\Component\\Console\\Output\\ConsoleOutput))
#5 {main}
"} 
[2026-09-10 01:48:49] local.ERROR: SQLSTATE[42S22]: Column not found: 1054 Unknown column 'deskripsi' in 'field list' (SQL: update `daftar_informasis` set `deskripsi` = Kedudukan, alamat lengkap, kontak, gambaran umum, tugas dan fungsi, serta visi dan misi Politeknik Keselamatan Transportasi Jalan (PKTJ) Tegal., `kategori` = informasi-berkala, `pejabat_penguasa` = PPID Pelaksana UPT PKTJ Tegal, `penanggung_jawab` = Bagian Keuangan dan Administrasi Umum, `bentuk_informasi` = Hardcopy & Softcopy, `tempat_pembuatan` = Tegal, `waktu_pembuatan` = 2025, `jangka_waktu` = 1 Tahun, `file_path` = /profil-ppid, `aktif` = 1, `updated_at` = 2026-09-10 01:48:32 where `id` = 1586) {"exception":"[object] (Illuminate\\Database\\QueryException(code: 42S22): SQLSTATE[42S22]: Column not found: 1054 Unknown column 'deskripsi' in 'field list' (SQL: update `daftar_informasis` set `deskripsi` = Kedudukan, alamat lengkap, kontak, gambaran umum, tugas dan fungsi, serta visi dan misi Politeknik Keselamatan Transportasi Jalan (PKTJ) Tegal., `kategori` = informasi-berkala, `pejabat_penguasa` = PPID Pelaksana UPT PKTJ Tegal, `penanggung_jawab` = Bagian Keuangan dan Administrasi Umum, `bentuk_informasi` = Hardcopy & Softcopy, `tempat_pembuatan` = Tegal, `waktu_pembuatan` = 2025, `jangka_waktu` = 1 Tahun, `file_path` = /profil-ppid, `aktif` = 1, `updated_at` = 2026-09-10 01:48:32 where `id` = 1586) at D:\\laragon\\www\\PPID-PKTJ\\vendor\\laravel\\framework\\src\\Illuminate\\Database\\Connection.php:712)
[stacktrace]
#0 D:\\laragon\\www\\PPID-PKTJ\\vendor\\laravel\\framework\\src\\Illuminate\\Database\\Connection.php(672): Illuminate\\Database\\Connection->runQueryCallback('update `daftar_...', Array, Object(Closure))
#1 D:\\laragon\\www\\PPID-PKTJ\\vendor\\laravel\\framework\\src\\Illuminate\\Database\\Connection.php(514): Illuminate\\Database\\Connection->run('update `daftar_...', Array, Object(Closure))
#2 D:\\laragon\\www\\PPID-PKTJ\\vendor\\laravel\\framework\\src\\Illuminate\\Database\\Connection.php(466): Illuminate\\Database\\Connection->affectingStatement('update `daftar_...', Array)
#3 D:\\laragon\\www\\PPID-PKTJ\\vendor\\laravel\\framework\\src\\Illuminate\\Database\\Query\\Builder.php(3062): Illuminate\\Database\\Connection->update('update `daftar_...', Array)
#4 C:\\Users\\Yuniar Qonita\\.gemini\\antigravity\\brain\\00da732e-f460-4db4-a1c2-8135b16a9734\\scratch\\seed_dip_data.php(317): Illuminate\\Database\\Query\\Builder->update(Array)
#5 C:\\Users\\Yuniar Qonita\\.gemini\\antigravity\\brain\\00da732e-f460-4db4-a1c2-8135b16a9734\\scratch\\seed_dip_data.php(355): upsertDaftarInformasi(Array, true)
#6 {main}

[previous exception] [object] (PDOException(code: 42S22): SQLSTATE[42S22]: Column not found: 1054 Unknown column 'deskripsi' in 'field list' at D:\\laragon\\www\\PPID-PKTJ\\vendor\\laravel\\framework\\src\\Illuminate\\Database\\Connection.php:522)
[stacktrace]
#0 D:\\laragon\\www\\PPID-PKTJ\\vendor\\laravel\\framework\\src\\Illuminate\\Database\\Connection.php(522): PDO->prepare('update `daftar_...')
#1 D:\\laragon\\www\\PPID-PKTJ\\vendor\\laravel\\framework\\src\\Illuminate\\Database\\Connection.php(705): Illuminate\\Database\\Connection->Illuminate\\Database\\{closure}('update `daftar_...', Array)
#2 D:\\laragon\\www\\PPID-PKTJ\\vendor\\laravel\\framework\\src\\Illuminate\\Database\\Connection.php(672): Illuminate\\Database\\Connection->runQueryCallback('update `daftar_...', Array, Object(Closure))
#3 D:\\laragon\\www\\PPID-PKTJ\\vendor\\laravel\\framework\\src\\Illuminate\\Database\\Connection.php(514): Illuminate\\Database\\Connection->run('update `daftar_...', Array, Object(Closure))
#4 D:\\laragon\\www\\PPID-PKTJ\\vendor\\laravel\\framework\\src\\Illuminate\\Database\\Connection.php(466): Illuminate\\Database\\Connection->affectingStatement('update `daftar_...', Array)
#5 D:\\laragon\\www\\PPID-PKTJ\\vendor\\laravel\\framework\\src\\Illuminate\\Database\\Query\\Builder.php(3062): Illuminate\\Database\\Connection->update('update `daftar_...', Array)
#6 C:\\Users\\Yuniar Qonita\\.gemini\\antigravity\\brain\\00da732e-f460-4db4-a1c2-8135b16a9734\\scratch\\seed_dip_data.php(317): Illuminate\\Database\\Query\\Builder->update(Array)
#7 C:\\Users\\Yuniar Qonita\\.gemini\\antigravity\\brain\\00da732e-f460-4db4-a1c2-8135b16a9734\\scratch\\seed_dip_data.php(355): upsertDaftarInformasi(Array, true)
#8 {main}
"} 
[2026-09-10 02:12:32] local.ERROR: Array to string conversion {"exception":"[object] (ErrorException(code: 0): Array to string conversion at C:\\Users\\Yuniar Qonita\\.gemini\\antigravity\\brain\\00da732e-f460-4db4-a1c2-8135b16a9734\\scratch\\inspect_pejabat.php:12)
[stacktrace]
#0 C:\\Users\\Yuniar Qonita\\.gemini\\antigravity\\brain\\00da732e-f460-4db4-a1c2-8135b16a9734\\scratch\\inspect_pejabat.php(12): Illuminate\\Foundation\\Bootstrap\\HandleExceptions->handleError(2, 'Array to string...', 'C:\\\\Users\\\\Yuniar...', 12)
#1 {main}
"} 
[2026-09-10 02:32:27] local.ERROR: Undefined property: stdClass::$isi {"exception":"[object] (ErrorException(code: 0): Undefined property: stdClass::$isi at C:\\Users\\Yuniar Qonita\\.gemini\\antigravity\\brain\\00da732e-f460-4db4-a1c2-8135b16a9734\\scratch\\check_jam_db.php:35)
[stacktrace]
#0 C:\\Users\\Yuniar Qonita\\.gemini\\antigravity\\brain\\00da732e-f460-4db4-a1c2-8135b16a9734\\scratch\\check_jam_db.php(35): Illuminate\\Foundation\\Bootstrap\\HandleExceptions->handleError(2, 'Undefined prope...', 'C:\\\\Users\\\\Yuniar...', 35)
#1 {main}
"} 
[2026-09-10 02:37:36] local.ERROR: SQLSTATE[HY000]: General error: 1364 Field 'type' doesn't have a default value (SQL: insert into `dashboards` (`key`, `value`, `updated_at`, `created_at`) values (jam_layanan_senin_kamis, 09.00 - 16.00, 2026-09-10 02:37:36, 2026-09-10 02:37:36)) {"exception":"[object] (Illuminate\\Database\\QueryException(code: HY000): SQLSTATE[HY000]: General error: 1364 Field 'type' doesn't have a default value (SQL: insert into `dashboards` (`key`, `value`, `updated_at`, `created_at`) values (jam_layanan_senin_kamis, 09.00 - 16.00, 2026-09-10 02:37:36, 2026-09-10 02:37:36)) at D:\\laragon\\www\\PPID-PKTJ\\vendor\\laravel\\framework\\src\\Illuminate\\Database\\Connection.php:712)
[stacktrace]
#0 D:\\laragon\\www\\PPID-PKTJ\\vendor\\laravel\\framework\\src\\Illuminate\\Database\\Connection.php(672): Illuminate\\Database\\Connection->runQueryCallback('insert into `da...', Array, Object(Closure))
#1 D:\\laragon\\www\\PPID-PKTJ\\vendor\\laravel\\framework\\src\\Illuminate\\Database\\Connection.php(490): Illuminate\\Database\\Connection->run('insert into `da...', Array, Object(Closure))
#2 D:\\laragon\\www\\PPID-PKTJ\\vendor\\laravel\\framework\\src\\Illuminate\\Database\\Connection.php(454): Illuminate\\Database\\Connection->statement('insert into `da...', Array)
#3 D:\\laragon\\www\\PPID-PKTJ\\vendor\\laravel\\framework\\src\\Illuminate\\Database\\Query\\Processors\\Processor.php(32): Illuminate\\Database\\Connection->insert('insert into `da...', Array)
#4 D:\\laragon\\www\\PPID-PKTJ\\vendor\\laravel\\framework\\src\\Illuminate\\Database\\Query\\Builder.php(3028): Illuminate\\Database\\Query\\Processors\\Processor->processInsertGetId(Object(Illuminate\\Database\\Query\\Builder), 'insert into `da...', Array, 'id')
#5 D:\\laragon\\www\\PPID-PKTJ\\vendor\\laravel\\framework\\src\\Illuminate\\Database\\Eloquent\\Builder.php(1657): Illuminate\\Database\\Query\\Builder->insertGetId(Array, 'id')
#6 D:\\laragon\\www\\PPID-PKTJ\\vendor\\laravel\\framework\\src\\Illuminate\\Database\\Eloquent\\Model.php(1188): Illuminate\\Database\\Eloquent\\Builder->__call('insertGetId', Array)
#7 D:\\laragon\\www\\PPID-PKTJ\\vendor\\laravel\\framework\\src\\Illuminate\\Database\\Eloquent\\Model.php(1153): Illuminate\\Database\\Eloquent\\Model->insertAndSetId(Object(Illuminate\\Database\\Eloquent\\Builder), Array)
#8 D:\\laragon\\www\\PPID-PKTJ\\vendor\\laravel\\framework\\src\\Illuminate\\Database\\Eloquent\\Model.php(994): Illuminate\\Database\\Eloquent\\Model->performInsert(Object(Illuminate\\Database\\Eloquent\\Builder))
#9 D:\\laragon\\www\\PPID-PKTJ\\vendor\\laravel\\framework\\src\\Illuminate\\Database\\Eloquent\\Builder.php(509): Illuminate\\Database\\Eloquent\\Model->save()
#10 D:\\laragon\\www\\PPID-PKTJ\\vendor\\laravel\\framework\\src\\Illuminate\\Support\\helpers.php(263): Illuminate\\Database\\Eloquent\\Builder->Illuminate\\Database\\Eloquent\\{closure}(Object(App\\Models\\Dashboard))
#11 D:\\laragon\\www\\PPID-PKTJ\\vendor\\laravel\\framework\\src\\Illuminate\\Database\\Eloquent\\Builder.php(508): tap(Object(App\\Models\\Dashboard), Object(Closure))
#12 D:\\laragon\\www\\PPID-PKTJ\\vendor\\laravel\\framework\\src\\Illuminate\\Support\\Traits\\ForwardsCalls.php(23): Illuminate\\Database\\Eloquent\\Builder->updateOrCreate(Array, Array)
#13 D:\\laragon\\www\\PPID-PKTJ\\vendor\\laravel\\framework\\src\\Illuminate\\Database\\Eloquent\\Model.php(2132): Illuminate\\Database\\Eloquent\\Model->forwardCallTo(Object(Illuminate\\Database\\Eloquent\\Builder), 'updateOrCreate', Array)
#14 D:\\laragon\\www\\PPID-PKTJ\\vendor\\laravel\\framework\\src\\Illuminate\\Database\\Eloquent\\Model.php(2144): Illuminate\\Database\\Eloquent\\Model->__call('updateOrCreate', Array)
#15 C:\\Users\\Yuniar Qonita\\.gemini\\antigravity\\brain\\00da732e-f460-4db4-a1c2-8135b16a9734\\scratch\\update_jam_db.php(20): Illuminate\\Database\\Eloquent\\Model::__callStatic('updateOrCreate', Array)
#16 {main}

[previous exception] [object] (PDOException(code: HY000): SQLSTATE[HY000]: General error: 1364 Field 'type' doesn't have a default value at D:\\laragon\\www\\PPID-PKTJ\\vendor\\laravel\\framework\\src\\Illuminate\\Database\\Connection.php:501)
[stacktrace]
#0 D:\\laragon\\www\\PPID-PKTJ\\vendor\\laravel\\framework\\src\\Illuminate\\Database\\Connection.php(501): PDOStatement->execute()
#1 D:\\laragon\\www\\PPID-PKTJ\\vendor\\laravel\\framework\\src\\Illuminate\\Database\\Connection.php(705): Illuminate\\Database\\Connection->Illuminate\\Database\\{closure}('insert into `da...', Array)
#2 D:\\laragon\\www\\PPID-PKTJ\\vendor\\laravel\\framework\\src\\Illuminate\\Database\\Connection.php(672): Illuminate\\Database\\Connection->runQueryCallback('insert into `da...', Array, Object(Closure))
#3 D:\\laragon\\www\\PPID-PKTJ\\vendor\\laravel\\framework\\src\\Illuminate\\Database\\Connection.php(490): Illuminate\\Database\\Connection->run('insert into `da...', Array, Object(Closure))
#4 D:\\laragon\\www\\PPID-PKTJ\\vendor\\laravel\\framework\\src\\Illuminate\\Database\\Connection.php(454): Illuminate\\Database\\Connection->statement('insert into `da...', Array)
#5 D:\\laragon\\www\\PPID-PKTJ\\vendor\\laravel\\framework\\src\\Illuminate\\Database\\Query\\Processors\\Processor.php(32): Illuminate\\Database\\Connection->insert('insert into `da...', Array)
#6 D:\\laragon\\www\\PPID-PKTJ\\vendor\\laravel\\framework\\src\\Illuminate\\Database\\Query\\Builder.php(3028): Illuminate\\Database\\Query\\Processors\\Processor->processInsertGetId(Object(Illuminate\\Database\\Query\\Builder), 'insert into `da...', Array, 'id')
#7 D:\\laragon\\www\\PPID-PKTJ\\vendor\\laravel\\framework\\src\\Illuminate\\Database\\Eloquent\\Builder.php(1657): Illuminate\\Database\\Query\\Builder->insertGetId(Array, 'id')
#8 D:\\laragon\\www\\PPID-PKTJ\\vendor\\laravel\\framework\\src\\Illuminate\\Database\\Eloquent\\Model.php(1188): Illuminate\\Database\\Eloquent\\Builder->__call('insertGetId', Array)
#9 D:\\laragon\\www\\PPID-PKTJ\\vendor\\laravel\\framework\\src\\Illuminate\\Database\\Eloquent\\Model.php(1153): Illuminate\\Database\\Eloquent\\Model->insertAndSetId(Object(Illuminate\\Database\\Eloquent\\Builder), Array)
#10 D:\\laragon\\www\\PPID-PKTJ\\vendor\\laravel\\framework\\src\\Illuminate\\Database\\Eloquent\\Model.php(994): Illuminate\\Database\\Eloquent\\Model->performInsert(Object(Illuminate\\Database\\Eloquent\\Builder))
#11 D:\\laragon\\www\\PPID-PKTJ\\vendor\\laravel\\framework\\src\\Illuminate\\Database\\Eloquent\\Builder.php(509): Illuminate\\Database\\Eloquent\\Model->save()
#12 D:\\laragon\\www\\PPID-PKTJ\\vendor\\laravel\\framework\\src\\Illuminate\\Support\\helpers.php(263): Illuminate\\Database\\Eloquent\\Builder->Illuminate\\Database\\Eloquent\\{closure}(Object(App\\Models\\Dashboard))
#13 D:\\laragon\\www\\PPID-PKTJ\\vendor\\laravel\\framework\\src\\Illuminate\\Database\\Eloquent\\Builder.php(508): tap(Object(App\\Models\\Dashboard), Object(Closure))
#14 D:\\laragon\\www\\PPID-PKTJ\\vendor\\laravel\\framework\\src\\Illuminate\\Support\\Traits\\ForwardsCalls.php(23): Illuminate\\Database\\Eloquent\\Builder->updateOrCreate(Array, Array)
#15 D:\\laragon\\www\\PPID-PKTJ\\vendor\\laravel\\framework\\src\\Illuminate\\Database\\Eloquent\\Model.php(2132): Illuminate\\Database\\Eloquent\\Model->forwardCallTo(Object(Illuminate\\Database\\Eloquent\\Builder), 'updateOrCreate', Array)
#16 D:\\laragon\\www\\PPID-PKTJ\\vendor\\laravel\\framework\\src\\Illuminate\\Database\\Eloquent\\Model.php(2144): Illuminate\\Database\\Eloquent\\Model->__call('updateOrCreate', Array)
#17 C:\\Users\\Yuniar Qonita\\.gemini\\antigravity\\brain\\00da732e-f460-4db4-a1c2-8135b16a9734\\scratch\\update_jam_db.php(20): Illuminate\\Database\\Eloquent\\Model::__callStatic('updateOrCreate', Array)
#18 {main}
"} 
